# Blender 5.2.2 LTS
# www.blender.org
mtllib table.mtl
o BaulkLine
v -1.051500 0.000000 0.879000
v -1.043500 0.000000 0.879000
v -1.043500 -0.000000 -0.879000
v -1.051500 -0.000000 -0.879000
v -1.051500 0.001600 0.879000
v -1.043500 0.001600 0.879000
v -1.043500 0.001600 -0.879000
v -1.051500 0.001600 -0.879000
vn -0.0000 -1.0000 -0.0000
vn -0.0000 1.0000 -0.0000
vn -0.0000 -0.0000 1.0000
vn 1.0000 -0.0000 -0.0000
vn -0.0000 -0.0000 -1.0000
vn -1.0000 -0.0000 -0.0000
s 1
usemtl Mark
f 1//1 4//1 3//1 2//1
f 8//2 5//2 6//2 7//2
f 1//3 2//3 6//3 5//3
f 2//4 3//4 7//4 6//4
f 3//5 4//5 8//5 7//5
f 4//6 1//6 5//6 8//6
o Cloth_Bed
v -1.844500 -0.050000 0.949000
v 1.844500 -0.050000 0.949000
v 1.844500 -0.050000 -0.949000
v -1.844500 -0.050000 -0.949000
v -1.844500 0.000000 0.949000
v 1.844500 0.000000 0.949000
v 1.844500 -0.000000 -0.949000
v -1.844500 -0.000000 -0.949000
v 1.737500 -0.050000 -0.897000
v 1.737971 -0.050000 -0.904179
v 1.739374 -0.050000 -0.911235
v 1.741687 -0.050000 -0.918048
v 1.748866 -0.050000 -0.930482
v 1.744869 -0.050000 -0.924500
v 1.753609 -0.050000 -0.935891
v 1.759018 -0.050000 -0.940634
v 1.774948 -0.050000 -0.949000
v 1.771452 -0.050000 -0.947813
v 1.765000 -0.050000 -0.944631
v 1.813548 -0.050000 -0.947813
v 1.810052 -0.050000 -0.949000
v 1.825982 -0.050000 -0.940634
v 1.820000 -0.050000 -0.944631
v 1.739374 -0.050000 -0.882765
v 1.737971 -0.050000 -0.889821
v 1.748866 -0.050000 -0.863518
v 1.744869 -0.050000 -0.869500
v 1.741687 -0.050000 -0.875952
v 1.759018 -0.050000 -0.853366
v 1.771452 -0.050000 -0.846187
v 1.765000 -0.050000 -0.849369
v 1.785321 -0.050000 -0.842471
v 1.799679 -0.050000 -0.842471
v 1.792500 -0.050000 -0.842000
v 1.778265 -0.050000 -0.843874
v 1.753609 -0.050000 -0.858109
v 1.820000 -0.050000 -0.849369
v 1.813548 -0.050000 -0.846187
v 1.831391 -0.050000 -0.858109
v 1.831391 -0.050000 -0.935891
v 1.825982 -0.050000 -0.853366
v 1.840131 -0.050000 -0.924500
v 1.843313 -0.050000 -0.875952
v 1.844500 -0.050000 -0.879448
v 1.844500 -0.050000 -0.914552
v 1.843313 -0.050000 -0.918048
v 1.836134 -0.050000 -0.863518
v 1.840131 -0.050000 -0.869500
v 1.836134 -0.050000 -0.930482
v 1.806735 -0.050000 -0.843874
v 1.737971 -0.000000 -0.889821
v 1.737500 -0.000000 -0.897000
v 1.739374 -0.000000 -0.882765
v 1.737971 -0.000000 -0.904179
v 1.739374 -0.000000 -0.911235
v 1.741687 -0.000000 -0.875952
v 1.744869 -0.000000 -0.924500
v 1.744869 -0.000000 -0.869500
v 1.741687 -0.000000 -0.918048
v 1.753609 -0.000000 -0.858109
v 1.753609 -0.000000 -0.935891
v 1.765000 -0.000000 -0.849369
v 1.771452 -0.000000 -0.947813
v 1.774948 -0.000000 -0.949000
v 1.771452 -0.000000 -0.846187
v 1.765000 -0.000000 -0.944631
v 1.759018 -0.000000 -0.853366
v 1.759018 -0.000000 -0.940634
v 1.748866 -0.000000 -0.863518
v 1.748866 -0.000000 -0.930482
v 1.792500 -0.000000 -0.842000
v 1.785321 -0.000000 -0.842471
v 1.806735 -0.000000 -0.843874
v 1.799679 -0.000000 -0.842471
v 1.813548 -0.000000 -0.947813
v 1.820000 -0.000000 -0.849369
v 1.820000 -0.000000 -0.944631
v 1.813548 -0.000000 -0.846187
v 1.810052 -0.000000 -0.949000
v 1.831391 -0.000000 -0.858109
v 1.836134 -0.000000 -0.930482
v 1.836134 -0.000000 -0.863518
v 1.831391 -0.000000 -0.935891
v 1.844500 -0.000000 -0.879448
v 1.844500 -0.000000 -0.914552
v 1.843313 -0.000000 -0.918048
v 1.840131 -0.000000 -0.869500
v 1.843313 -0.000000 -0.875952
v 1.840131 -0.000000 -0.924500
v 1.825982 -0.000000 -0.853366
v 1.825982 -0.000000 -0.940634
v 1.778265 -0.000000 -0.843874
v 1.737500 -0.050000 0.897000
v 1.737971 -0.050000 0.904179
v 1.739374 -0.050000 0.911235
v 1.741687 -0.050000 0.918048
v 1.748866 -0.050000 0.930482
v 1.744869 -0.050000 0.924500
v 1.753609 -0.050000 0.935891
v 1.759018 -0.050000 0.940634
v 1.771452 -0.050000 0.947813
v 1.774948 -0.050000 0.949000
v 1.765000 -0.050000 0.944631
v 1.813548 -0.050000 0.947813
v 1.825982 -0.050000 0.940634
v 1.820000 -0.050000 0.944631
v 1.810052 -0.050000 0.949000
v 1.844500 -0.050000 0.914552
v 1.844500 -0.050000 0.879448
v 1.843313 -0.050000 0.875952
v 1.737971 -0.050000 0.889821
v 1.744869 -0.050000 0.869500
v 1.741687 -0.050000 0.875952
v 1.739374 -0.050000 0.882765
v 1.748866 -0.050000 0.863518
v 1.753609 -0.050000 0.858109
v 1.759018 -0.050000 0.853366
v 1.771452 -0.050000 0.846187
v 1.785321 -0.050000 0.842471
v 1.778265 -0.050000 0.843874
v 1.765000 -0.050000 0.849369
v 1.806735 -0.050000 0.843874
v 1.799679 -0.050000 0.842471
v 1.825982 -0.050000 0.853366
v 1.820000 -0.050000 0.849369
v 1.813548 -0.050000 0.846187
v 1.831391 -0.050000 0.935891
v 1.840131 -0.050000 0.924500
v 1.836134 -0.050000 0.930482
v 1.836134 -0.050000 0.863518
v 1.831391 -0.050000 0.858109
v 1.792500 -0.050000 0.842000
v 1.843313 -0.050000 0.918048
v 1.840131 -0.050000 0.869500
v 1.737500 0.000000 0.897000
v 1.737971 0.000000 0.904179
v 1.739374 0.000000 0.911235
v 1.741687 0.000000 0.918048
v 1.748866 0.000000 0.930482
v 1.744869 0.000000 0.924500
v 1.753609 0.000000 0.935891
v 1.759018 0.000000 0.940634
v 1.771452 0.000000 0.947813
v 1.774948 0.000000 0.949000
v 1.765000 0.000000 0.944631
v 1.810052 0.000000 0.949000
v 1.813548 0.000000 0.947813
v 1.825982 0.000000 0.940634
v 1.820000 0.000000 0.944631
v 1.844500 0.000000 0.914552
v 1.844500 0.000000 0.879448
v 1.843313 0.000000 0.875952
v 1.739374 0.000000 0.882765
v 1.737971 0.000000 0.889821
v 1.748866 0.000000 0.863518
v 1.744869 0.000000 0.869500
v 1.741687 0.000000 0.875952
v 1.759018 0.000000 0.853366
v 1.771452 0.000000 0.846187
v 1.765000 0.000000 0.849369
v 1.792500 0.000000 0.842000
v 1.785321 0.000000 0.842471
v 1.778265 0.000000 0.843874
v 1.753609 0.000000 0.858109
v 1.813548 0.000000 0.846187
v 1.806735 0.000000 0.843874
v 1.825982 0.000000 0.853366
v 1.820000 0.000000 0.849369
v 1.836134 0.000000 0.930482
v 1.836134 0.000000 0.863518
v 1.843313 0.000000 0.918048
v 1.840131 0.000000 0.924500
v 1.840131 0.000000 0.869500
v 1.831391 0.000000 0.935891
v 1.831391 0.000000 0.858109
v 1.799679 0.000000 0.842471
v -1.771452 -0.050000 -0.947813
v -1.843313 -0.050000 -0.875952
v -1.844500 -0.050000 -0.879448
v -1.843313 -0.050000 -0.918048
v -1.844500 -0.050000 -0.914552
v -1.840131 -0.050000 -0.869500
v -1.840131 -0.050000 -0.924500
v -1.836134 -0.050000 -0.863518
v -1.831391 -0.050000 -0.858109
v -1.831391 -0.050000 -0.935891
v -1.813548 -0.050000 -0.846187
v -1.820000 -0.050000 -0.849369
v -1.825982 -0.050000 -0.853366
v -1.806735 -0.050000 -0.843874
v -1.836134 -0.050000 -0.930482
v -1.799679 -0.050000 -0.842471
v -1.785321 -0.050000 -0.842471
v -1.792500 -0.050000 -0.842000
v -1.765000 -0.050000 -0.849369
v -1.771452 -0.050000 -0.846187
v -1.778265 -0.050000 -0.843874
v -1.753609 -0.050000 -0.858109
v -1.744869 -0.050000 -0.869500
v -1.748866 -0.050000 -0.863518
v -1.739374 -0.050000 -0.882765
v -1.737971 -0.050000 -0.889821
v -1.741687 -0.050000 -0.875952
v -1.759018 -0.050000 -0.853366
v -1.825982 -0.050000 -0.940634
v -1.820000 -0.050000 -0.944631
v -1.813548 -0.050000 -0.947813
v -1.759018 -0.050000 -0.940634
v -1.765000 -0.050000 -0.944631
v -1.748866 -0.050000 -0.930482
v -1.741687 -0.050000 -0.918048
v -1.744869 -0.050000 -0.924500
v -1.737971 -0.050000 -0.904179
v -1.737500 -0.050000 -0.897000
v -1.739374 -0.050000 -0.911235
v -1.753609 -0.050000 -0.935891
v -1.810052 -0.050000 -0.949000
v -1.774948 -0.050000 -0.949000
v -1.810052 -0.000000 -0.949000
v -1.774948 -0.000000 -0.949000
v -1.843313 -0.000000 -0.918048
v -1.844500 -0.000000 -0.879448
v -1.843313 -0.000000 -0.875952
v -1.844500 -0.000000 -0.914552
v -1.840131 -0.000000 -0.869500
v -1.840131 -0.000000 -0.924500
v -1.836134 -0.000000 -0.863518
v -1.831391 -0.000000 -0.858109
v -1.831391 -0.000000 -0.935891
v -1.813548 -0.000000 -0.846187
v -1.820000 -0.000000 -0.849369
v -1.825982 -0.000000 -0.853366
v -1.836134 -0.000000 -0.930482
v -1.792500 -0.000000 -0.842000
v -1.799679 -0.000000 -0.842471
v -1.778265 -0.000000 -0.843874
v -1.765000 -0.000000 -0.849369
v -1.771452 -0.000000 -0.846187
v -1.785321 -0.000000 -0.842471
v -1.748866 -0.000000 -0.863518
v -1.753609 -0.000000 -0.858109
v -1.741687 -0.000000 -0.875952
v -1.737971 -0.000000 -0.889821
v -1.739374 -0.000000 -0.882765
v -1.744869 -0.000000 -0.869500
v -1.759018 -0.000000 -0.853366
v -1.806735 -0.000000 -0.843874
v -1.825982 -0.000000 -0.940634
v -1.820000 -0.000000 -0.944631
v -1.813548 -0.000000 -0.947813
v -1.771452 -0.000000 -0.947813
v -1.759018 -0.000000 -0.940634
v -1.765000 -0.000000 -0.944631
v -1.748866 -0.000000 -0.930482
v -1.741687 -0.000000 -0.918048
v -1.744869 -0.000000 -0.924500
v -1.737971 -0.000000 -0.904179
v -1.737500 -0.000000 -0.897000
v -1.739374 -0.000000 -0.911235
v -1.753609 -0.000000 -0.935891
v -1.844500 -0.050000 0.914552
v -1.844500 -0.050000 0.879448
v -1.843313 -0.050000 0.875952
v -1.843313 -0.050000 0.918048
v -1.771452 -0.050000 0.947813
v -1.836134 -0.050000 0.930482
v -1.840131 -0.050000 0.924500
v -1.840131 -0.050000 0.869500
v -1.825982 -0.050000 0.853366
v -1.831391 -0.050000 0.935891
v -1.831391 -0.050000 0.858109
v -1.825982 -0.050000 0.940634
v -1.836134 -0.050000 0.863518
v -1.813548 -0.050000 0.947813
v -1.820000 -0.050000 0.944631
v -1.813548 -0.050000 0.846187
v -1.799679 -0.050000 0.842471
v -1.778265 -0.050000 0.843874
v -1.785321 -0.050000 0.842471
v -1.792500 -0.050000 0.842000
v -1.806735 -0.050000 0.843874
v -1.820000 -0.050000 0.849369
v -1.765000 -0.050000 0.944631
v -1.765000 -0.050000 0.849369
v -1.748866 -0.050000 0.863518
v -1.753609 -0.050000 0.935891
v -1.753609 -0.050000 0.858109
v -1.759018 -0.050000 0.940634
v -1.759018 -0.050000 0.853366
v -1.741687 -0.050000 0.918048
v -1.744869 -0.050000 0.924500
v -1.741687 -0.050000 0.875952
v -1.737500 -0.050000 0.897000
v -1.737971 -0.050000 0.889821
v -1.739374 -0.050000 0.911235
v -1.737971 -0.050000 0.904179
v -1.739374 -0.050000 0.882765
v -1.744869 -0.050000 0.869500
v -1.748866 -0.050000 0.930482
v -1.771452 -0.050000 0.846187
v -1.810052 -0.050000 0.949000
v -1.774948 -0.050000 0.949000
v -1.810052 0.000000 0.949000
v -1.774948 0.000000 0.949000
v -1.844500 0.000000 0.914552
v -1.844500 0.000000 0.879448
v -1.843313 0.000000 0.918048
v -1.840131 0.000000 0.869500
v -1.840131 0.000000 0.924500
v -1.831391 0.000000 0.935891
v -1.831391 0.000000 0.858109
v -1.825982 0.000000 0.940634
v -1.836134 0.000000 0.930482
v -1.836134 0.000000 0.863518
v -1.820000 0.000000 0.944631
v -1.813548 0.000000 0.947813
v -1.820000 0.000000 0.849369
v -1.799679 0.000000 0.842471
v -1.806735 0.000000 0.843874
v -1.785321 0.000000 0.842471
v -1.792500 0.000000 0.842000
v -1.813548 0.000000 0.846187
v -1.825982 0.000000 0.853366
v -1.771452 0.000000 0.846187
v -1.765000 0.000000 0.944631
v -1.771452 0.000000 0.947813
v -1.765000 0.000000 0.849369
v -1.759018 0.000000 0.853366
v -1.753609 0.000000 0.935891
v -1.753609 0.000000 0.858109
v -1.759018 0.000000 0.940634
v -1.741687 0.000000 0.918048
v -1.744869 0.000000 0.924500
v -1.744869 0.000000 0.869500
v -1.739374 0.000000 0.882765
v -1.737500 0.000000 0.897000
v -1.737971 0.000000 0.904179
v -1.737971 0.000000 0.889821
v -1.739374 0.000000 0.911235
v -1.741687 0.000000 0.875952
v -1.748866 0.000000 0.930482
v -1.748866 0.000000 0.863518
v -1.778265 0.000000 0.843874
v -1.843313 0.000000 0.875952
v 0.045455 -0.050000 -0.949000
v -0.045455 -0.050000 -0.949000
v -0.049188 -0.050000 -0.944743
v 0.049188 -0.050000 -0.944743
v -0.053694 -0.050000 -0.938000
v 0.053694 -0.050000 -0.938000
v -0.057281 -0.050000 -0.930726
v 0.057281 -0.050000 -0.930726
v -0.059887 -0.050000 -0.923047
v 0.059887 -0.050000 -0.923047
v -0.061470 -0.050000 -0.915093
v 0.061470 -0.050000 -0.915093
v -0.062000 -0.050000 -0.907000
v 0.062000 -0.050000 -0.907000
v -0.061470 -0.050000 -0.898907
v 0.061470 -0.050000 -0.898907
v -0.059887 -0.050000 -0.890953
v -0.049188 -0.050000 -0.869257
v -0.053694 -0.050000 -0.876000
v -0.057281 -0.050000 -0.883274
v -0.031000 -0.050000 -0.853306
v -0.037743 -0.050000 -0.857812
v -0.008093 -0.050000 -0.845530
v -0.016047 -0.050000 -0.847113
v -0.023726 -0.050000 -0.849719
v -0.043841 -0.050000 -0.863159
v 0.016047 -0.050000 -0.847113
v 0.008093 -0.050000 -0.845530
v 0.037743 -0.050000 -0.857812
v 0.031000 -0.050000 -0.853306
v 0.023726 -0.050000 -0.849719
v 0.053694 -0.050000 -0.876000
v 0.049188 -0.050000 -0.869257
v 0.057281 -0.050000 -0.883274
v 0.059887 -0.050000 -0.890953
v 0.043841 -0.050000 -0.863159
v 0.000000 -0.050000 -0.845000
v -0.045455 -0.000000 -0.949000
v 0.045455 -0.000000 -0.949000
v -0.049188 -0.000000 -0.944743
v 0.049188 -0.000000 -0.944743
v -0.053694 -0.000000 -0.938000
v 0.053694 -0.000000 -0.938000
v -0.057281 -0.000000 -0.930726
v 0.057281 -0.000000 -0.930726
v -0.059887 -0.000000 -0.923047
v 0.059887 -0.000000 -0.923047
v -0.061470 -0.000000 -0.915093
v 0.061470 -0.000000 -0.915093
v -0.062000 -0.000000 -0.907000
v 0.062000 -0.000000 -0.907000
v -0.061470 -0.000000 -0.898907
v 0.061470 -0.000000 -0.898907
v -0.057281 -0.000000 -0.883274
v -0.059887 -0.000000 -0.890953
v -0.053694 -0.000000 -0.876000
v -0.049188 -0.000000 -0.869257
v -0.043841 -0.000000 -0.863159
v -0.037743 -0.000000 -0.857812
v -0.031000 -0.000000 -0.853306
v -0.016047 -0.000000 -0.847113
v -0.008093 -0.000000 -0.845530
v -0.023726 -0.000000 -0.849719
v 0.008093 -0.000000 -0.845530
v 0.016047 -0.000000 -0.847113
v 0.031000 -0.000000 -0.853306
v 0.037743 -0.000000 -0.857812
v 0.023726 -0.000000 -0.849719
v 0.049188 -0.000000 -0.869257
v 0.053694 -0.000000 -0.876000
v 0.059887 -0.000000 -0.890953
v 0.057281 -0.000000 -0.883274
v 0.043841 -0.000000 -0.863159
v 0.000000 -0.000000 -0.845000
v 0.045455 -0.050000 0.949000
v -0.045455 -0.050000 0.949000
v -0.049188 -0.050000 0.944743
v 0.049188 -0.050000 0.944743
v -0.053694 -0.050000 0.938000
v 0.053694 -0.050000 0.938000
v -0.057281 -0.050000 0.930726
v 0.057281 -0.050000 0.930726
v -0.059887 -0.050000 0.923047
v 0.059887 -0.050000 0.923047
v -0.061470 -0.050000 0.915093
v 0.061470 -0.050000 0.915093
v -0.062000 -0.050000 0.907000
v 0.062000 -0.050000 0.907000
v -0.061470 -0.050000 0.898907
v 0.061470 -0.050000 0.898907
v -0.059887 -0.050000 0.890953
v -0.057281 -0.050000 0.883274
v -0.053694 -0.050000 0.876000
v -0.049188 -0.050000 0.869257
v -0.043841 -0.050000 0.863159
v -0.037743 -0.050000 0.857812
v -0.031000 -0.050000 0.853306
v -0.016047 -0.050000 0.847113
v -0.008093 -0.050000 0.845530
v -0.023726 -0.050000 0.849719
v 0.008093 -0.050000 0.845530
v 0.016047 -0.050000 0.847113
v 0.037743 -0.050000 0.857812
v 0.031000 -0.050000 0.853306
v 0.023726 -0.050000 0.849719
v 0.053694 -0.050000 0.876000
v 0.049188 -0.050000 0.869257
v 0.059887 -0.050000 0.890953
v 0.057281 -0.050000 0.883274
v 0.043841 -0.050000 0.863159
v 0.000000 -0.050000 0.845000
v 0.045455 0.000000 0.949000
v -0.045455 0.000000 0.949000
v -0.049188 0.000000 0.944743
v 0.049188 0.000000 0.944743
v -0.053694 0.000000 0.938000
v 0.053694 0.000000 0.938000
v -0.057281 0.000000 0.930726
v 0.057281 0.000000 0.930726
v -0.059887 0.000000 0.923047
v 0.059887 0.000000 0.923047
v -0.061470 0.000000 0.915093
v 0.061470 0.000000 0.915093
v -0.062000 0.000000 0.907000
v 0.062000 0.000000 0.907000
v -0.061470 0.000000 0.898907
v 0.061470 0.000000 0.898907
v -0.059887 0.000000 0.890953
v -0.057281 0.000000 0.883274
v -0.053694 0.000000 0.876000
v -0.049188 0.000000 0.869257
v -0.043841 0.000000 0.863159
v -0.037743 0.000000 0.857812
v -0.031000 0.000000 0.853306
v -0.016047 0.000000 0.847113
v -0.008093 0.000000 0.845530
v -0.023726 0.000000 0.849719
v 0.008093 0.000000 0.845530
v 0.016047 0.000000 0.847113
v 0.037743 0.000000 0.857812
v 0.031000 0.000000 0.853306
v 0.023726 0.000000 0.849719
v 0.053694 0.000000 0.876000
v 0.049188 0.000000 0.869257
v 0.059887 0.000000 0.890953
v 0.057281 0.000000 0.883274
v 0.043841 0.000000 0.863159
v 0.000000 0.000000 0.845000
vn -0.0000 -1.0000 -0.0000
vn -0.0000 1.0000 -0.0000
vn -0.0000 -0.0000 1.0000
vn 1.0000 -0.0000 -0.0000
vn -0.0000 -0.0000 -1.0000
vn -1.0000 -0.0000 -0.0000
vn -0.3215 -0.0000 0.9469
vn -0.4423 -0.0000 0.8969
vn -0.5556 -0.0000 0.8315
vn -0.6593 -0.0000 0.7519
vn -0.7519 -0.0000 0.6593
vn -0.8315 -0.0000 0.5556
vn -0.8969 -0.0000 0.4423
vn -0.9469 -0.0000 0.3215
vn -0.9469 -0.0000 -0.3215
vn -0.8969 -0.0000 -0.4423
vn -0.8315 -0.0000 -0.5556
vn -0.7519 -0.0000 -0.6593
vn -0.6593 -0.0000 -0.7519
vn -0.5556 -0.0000 -0.8315
vn -0.4423 -0.0000 -0.8969
vn -0.3215 -0.0000 -0.9469
vn -0.1950 -0.0000 -0.9808
vn -0.0655 -0.0000 -0.9979
vn 0.0655 -0.0000 -0.9979
vn 0.1950 -0.0000 -0.9808
vn 0.3215 -0.0000 -0.9469
vn 0.4423 -0.0000 -0.8969
vn 0.5556 -0.0000 -0.8315
vn 0.6593 -0.0000 -0.7519
vn 0.7519 -0.0000 -0.6593
vn 0.8315 -0.0000 -0.5556
vn 0.8969 -0.0000 -0.4423
vn 0.9469 -0.0000 -0.3215
vn 0.9808 -0.0000 -0.1950
vn 0.9979 -0.0000 -0.0655
vn 0.9979 -0.0000 0.0655
vn 0.9808 -0.0000 0.1950
vn 0.9469 -0.0000 0.3215
vn 0.8969 -0.0000 0.4423
vn 0.8315 -0.0000 0.5556
vn 0.7519 -0.0000 0.6593
vn 0.6593 -0.0000 0.7519
vn 0.5556 -0.0000 0.8315
vn 0.4423 -0.0000 0.8969
vn 0.3215 -0.0000 0.9469
vn -0.0655 -0.0000 0.9979
vn -0.1950 -0.0000 0.9808
vn 0.1950 -0.0000 0.9808
vn 0.0655 -0.0000 0.9979
vn -0.9808 -0.0000 0.1950
vn -0.9979 -0.0000 0.0655
vn -0.9979 -0.0000 -0.0655
vn -0.9808 -0.0000 -0.1950
vn -0.8314 -0.0000 0.5556
vn -0.9470 -0.0000 0.3214
vn -0.9808 -0.0000 0.1952
vn -0.9979 -0.0000 0.0653
vn -0.9979 -0.0000 -0.0653
vn -0.9808 -0.0000 -0.1952
vn -0.9470 -0.0000 -0.3214
vn -0.8314 -0.0000 -0.5556
vn -0.5556 -0.0000 -0.8314
vn -0.3214 -0.0000 -0.9470
vn -0.1952 -0.0000 -0.9808
vn -0.0653 -0.0000 -0.9979
vn 0.0653 -0.0000 -0.9979
vn 0.1952 -0.0000 -0.9808
vn 0.3214 -0.0000 -0.9470
vn 0.5556 -0.0000 -0.8314
vn 0.8314 -0.0000 -0.5556
vn 0.9470 -0.0000 -0.3214
vn 0.9808 -0.0000 -0.1952
vn 0.9979 -0.0000 -0.0653
vn 0.9979 -0.0000 0.0653
vn 0.9808 -0.0000 0.1952
vn 0.9470 -0.0000 0.3214
vn 0.8314 -0.0000 0.5556
vn -0.0653 -0.0000 0.9979
vn -0.1952 -0.0000 0.9808
vn -0.3214 -0.0000 0.9470
vn -0.5556 -0.0000 0.8314
vn 0.5556 -0.0000 0.8314
vn 0.3214 -0.0000 0.9470
vn 0.1952 -0.0000 0.9808
vn 0.0653 -0.0000 0.9979
vt 2.313548 -0.447813
vt 2.310052 -0.449000
vt 2.344500 -0.449000
vt 2.344500 -0.414552
vt 2.343313 -0.418048
vt 2.340131 -0.424500
vt 2.336134 -0.430482
vt 2.331391 -0.435891
vt 2.325982 -0.440634
vt 2.320000 -0.444631
vt -1.343313 -0.418048
vt -1.344500 -0.414552
vt -1.344500 -0.449000
vt -1.310052 -0.449000
vt -1.313548 -0.447813
vt -1.320000 -0.444631
vt -1.325982 -0.440634
vt -1.331391 -0.435891
vt -1.336134 -0.430482
vt -1.340131 -0.424500
vt 2.271452 -0.447813
vt 2.265000 -0.444631
vt 2.259018 -0.440634
vt 2.253609 -0.435891
vt 2.248866 -0.430482
vt 2.244869 -0.424500
vt 2.241687 -0.418048
vt 2.239374 -0.411235
vt 2.237971 -0.404179
vt 2.237500 -0.397000
vt 2.237971 -0.389821
vt 2.239374 -0.382765
vt 2.241687 -0.375952
vt 2.244869 -0.369500
vt 2.248866 -0.363518
vt 2.253609 -0.358109
vt 2.259018 -0.353366
vt 2.265000 -0.349369
vt 2.271452 -0.346187
vt 2.278265 -0.343874
vt 2.285321 -0.342471
vt 2.292500 -0.342000
vt 2.299679 -0.342471
vt 2.306735 -0.343874
vt 2.313548 -0.346187
vt 2.320000 -0.349369
vt 2.325982 -0.353366
vt 2.331391 -0.358109
vt 2.336134 -0.363518
vt 2.340131 -0.369500
vt 2.343313 -0.375952
vt 2.344500 -0.379448
vt 2.344500 1.379448
vt 2.343313 1.375952
vt 2.340131 1.369500
vt 2.336134 1.363518
vt 2.331391 1.358109
vt 2.325982 1.353366
vt 2.320000 1.349369
vt 2.313548 1.346187
vt 2.306735 1.343874
vt 2.299679 1.342471
vt 2.292500 1.342000
vt 2.285321 1.342471
vt 2.278265 1.343874
vt 2.271452 1.346187
vt 2.265000 1.349369
vt 2.259018 1.353366
vt 2.253609 1.358109
vt 2.248866 1.363518
vt 2.244869 1.369500
vt 2.241687 1.375952
vt 2.239374 1.382765
vt 2.237971 1.389821
vt 2.237500 1.397000
vt 2.237971 1.404179
vt 2.239374 1.411235
vt 2.241687 1.418048
vt 2.244869 1.424500
vt 2.248866 1.430482
vt 2.253609 1.435891
vt 2.259018 1.440634
vt 2.265000 1.444631
vt 2.271452 1.447813
vt 2.274948 1.449000
vt 0.545455 1.449000
vt 0.549188 1.444743
vt 0.553694 1.438000
vt 0.557281 1.430726
vt 0.559887 1.423047
vt 0.561470 1.415093
vt 0.562000 1.407000
vt 0.561470 1.398907
vt 0.559887 1.390953
vt 0.557281 1.383274
vt 0.553694 1.376000
vt 0.549188 1.369257
vt 0.543841 1.363159
vt 0.537743 1.357812
vt 0.531000 1.353306
vt 0.523726 1.349719
vt 0.516047 1.347113
vt 0.508093 1.345530
vt 0.500000 1.345000
vt 0.491907 1.345530
vt 0.483953 1.347113
vt 0.476274 1.349719
vt 0.469000 1.353306
vt 0.462257 1.357812
vt 0.456159 1.363159
vt 0.450812 1.369257
vt 0.446306 1.376000
vt 0.442719 1.383274
vt 0.440113 1.390953
vt 0.438530 1.398907
vt 0.438000 1.407000
vt 0.438530 1.415093
vt 0.440113 1.423047
vt 0.442719 1.430726
vt 0.446306 1.438000
vt 0.450812 1.444743
vt 0.454545 1.449000
vt -1.274948 1.449000
vt -1.271452 1.447813
vt -1.265000 1.444631
vt -1.259018 1.440634
vt -1.253609 1.435891
vt -1.248866 1.430482
vt -1.244869 1.424500
vt -1.241687 1.418048
vt -1.239374 1.411235
vt -1.237971 1.404179
vt -1.237500 1.397000
vt -1.237971 1.389821
vt -1.239374 1.382765
vt -1.241687 1.375952
vt -1.244869 1.369500
vt -1.248866 1.363518
vt -1.253609 1.358109
vt -1.259018 1.353366
vt -1.265000 1.349369
vt -1.271452 1.346187
vt -1.278265 1.343874
vt -1.285321 1.342471
vt -1.292500 1.342000
vt -1.299679 1.342471
vt -1.306735 1.343874
vt -1.313548 1.346187
vt -1.320000 1.349369
vt -1.325982 1.353366
vt -1.331391 1.358109
vt -1.336134 1.363518
vt -1.340131 1.369500
vt -1.343313 1.375952
vt -1.344500 1.379448
vt -1.344500 -0.379448
vt -1.343313 -0.375952
vt -1.340131 -0.369500
vt -1.336134 -0.363518
vt -1.331391 -0.358109
vt -1.325982 -0.353366
vt -1.320000 -0.349369
vt -1.313548 -0.346187
vt -1.306735 -0.343874
vt -1.299679 -0.342471
vt -1.292500 -0.342000
vt -1.285321 -0.342471
vt -1.278265 -0.343874
vt -1.271452 -0.346187
vt -1.265000 -0.349369
vt -1.259018 -0.353366
vt -1.253609 -0.358109
vt -1.248866 -0.363518
vt -1.244869 -0.369500
vt -1.241687 -0.375952
vt -1.239374 -0.382765
vt -1.237971 -0.389821
vt -1.237500 -0.397000
vt -1.237971 -0.404179
vt -1.239374 -0.411235
vt -1.241687 -0.418048
vt -1.244869 -0.424500
vt -1.248866 -0.430482
vt -1.253609 -0.435891
vt -1.259018 -0.440634
vt -1.265000 -0.444631
vt -1.271452 -0.447813
vt -1.274948 -0.449000
vt 0.454545 -0.449000
vt 0.450812 -0.444743
vt 0.446306 -0.438000
vt 0.442719 -0.430726
vt 0.440113 -0.423047
vt 0.438530 -0.415093
vt 0.438000 -0.407000
vt 0.438530 -0.398907
vt 0.440113 -0.390953
vt 0.442719 -0.383274
vt 0.446306 -0.376000
vt 0.450812 -0.369257
vt 0.456159 -0.363159
vt 0.462257 -0.357812
vt 0.469000 -0.353306
vt 0.476274 -0.349719
vt 0.483953 -0.347113
vt 0.491907 -0.345530
vt 0.500000 -0.345000
vt 0.508093 -0.345530
vt 0.516047 -0.347113
vt 0.523726 -0.349719
vt 0.531000 -0.353306
vt 0.537743 -0.357812
vt 0.543841 -0.363159
vt 0.549188 -0.369257
vt 0.553694 -0.376000
vt 0.557281 -0.383274
vt 0.559887 -0.390953
vt 0.561470 -0.398907
vt 0.562000 -0.407000
vt 0.561470 -0.415093
vt 0.559887 -0.423047
vt 0.557281 -0.430726
vt 0.553694 -0.438000
vt 0.549188 -0.444743
vt 0.545455 -0.449000
vt 2.274948 -0.449000
vt -1.313548 1.447813
vt -1.310052 1.449000
vt -1.344500 1.449000
vt -1.344500 1.414552
vt -1.343313 1.418048
vt -1.340131 1.424500
vt -1.336134 1.430482
vt -1.331391 1.435891
vt -1.325982 1.440634
vt -1.320000 1.444631
vt 2.343313 1.418048
vt 2.344500 1.414552
vt 2.344500 1.449000
vt 2.310052 1.449000
vt 2.313548 1.447813
vt 2.320000 1.444631
vt 2.325982 1.440634
vt 2.331391 1.435891
vt 2.336134 1.430482
vt 2.340131 1.424500
vt 2.310052 0.475000
vt 2.344500 0.475000
vt 2.344500 0.525000
vt 2.310052 0.525000
vt -1.274948 0.525000
vt -1.274948 0.475000
vt 0.454545 0.475000
vt 0.454545 0.525000
vt 2.274948 0.475000
vt 2.274948 0.525000
vt 0.545455 0.525000
vt 0.545455 0.475000
vt -1.344500 0.525000
vt -1.344500 0.475000
vt -1.310052 0.475000
vt -1.310052 0.525000
vt 0.475000 -0.414552
vt 0.475000 -0.449000
vt 0.525000 -0.449000
vt 0.525000 -0.414552
vt 0.475000 -0.379448
vt 0.525000 -0.379448
vt 0.525000 1.379448
vt 0.475000 1.379448
vt 0.525000 1.449000
vt 0.475000 1.449000
vt 0.475000 1.414552
vt 0.525000 1.414552
vt 2.313548 0.475000
vt 2.313548 0.525000
vt 2.320000 0.475000
vt 2.320000 0.525000
vt 2.325982 0.475000
vt 2.325982 0.525000
vt 2.331391 0.475000
vt 2.331391 0.525000
vt 0.475000 -0.435891
vt 0.475000 -0.430482
vt 0.525000 -0.430482
vt 0.525000 -0.435891
vt 0.475000 -0.424500
vt 0.525000 -0.424500
vt 0.475000 -0.418048
vt 0.525000 -0.418048
vt 0.475000 -0.375952
vt 0.525000 -0.375952
vt 0.475000 -0.369500
vt 0.525000 -0.369500
vt 0.475000 -0.363518
vt 0.525000 -0.363518
vt 0.475000 -0.358109
vt 0.525000 -0.358109
vt 2.306735 0.475000
vt 2.306735 0.525000
vt 2.299679 0.475000
vt 2.299679 0.525000
vt 2.292500 0.475000
vt 2.292500 0.525000
vt 2.285321 0.475000
vt 2.285321 0.525000
vt 2.278265 0.475000
vt 2.278265 0.525000
vt 2.271452 0.475000
vt 2.271452 0.525000
vt 2.265000 0.475000
vt 2.265000 0.525000
vt 2.259018 0.475000
vt 2.259018 0.525000
vt 2.253609 0.475000
vt 2.253609 0.525000
vt 0.475000 -0.382765
vt 0.525000 -0.382765
vt 0.475000 -0.389821
vt 0.525000 -0.389821
vt 0.475000 -0.397000
vt 0.525000 -0.397000
vt 0.475000 -0.404179
vt 0.525000 -0.404179
vt 0.475000 -0.411235
vt 0.525000 -0.411235
vt 0.475000 1.358109
vt 0.475000 1.363518
vt 0.525000 1.363518
vt 0.525000 1.358109
vt 0.475000 1.369500
vt 0.525000 1.369500
vt 0.475000 1.375952
vt 0.525000 1.375952
vt 0.475000 1.418048
vt 0.525000 1.418048
vt 0.475000 1.424500
vt 0.525000 1.424500
vt 0.475000 1.430482
vt 0.525000 1.430482
vt 0.475000 1.435891
vt 0.525000 1.435891
vt 0.475000 1.411235
vt 0.525000 1.411235
vt 0.475000 1.404179
vt 0.525000 1.404179
vt 0.475000 1.397000
vt 0.525000 1.397000
vt 0.475000 1.389821
vt 0.525000 1.389821
vt 0.475000 1.382765
vt 0.525000 1.382765
vt -1.271452 0.475000
vt -1.271452 0.525000
vt -1.265000 0.475000
vt -1.265000 0.525000
vt -1.259018 0.475000
vt -1.259018 0.525000
vt -1.253609 0.475000
vt -1.253609 0.525000
vt -1.278265 0.475000
vt -1.278265 0.525000
vt -1.285321 0.475000
vt -1.285321 0.525000
vt -1.292500 0.475000
vt -1.292500 0.525000
vt -1.299679 0.475000
vt -1.299679 0.525000
vt -1.306735 0.475000
vt -1.306735 0.525000
vt -1.313548 0.475000
vt -1.313548 0.525000
vt -1.320000 0.475000
vt -1.320000 0.525000
vt -1.325982 0.475000
vt -1.325982 0.525000
vt -1.331391 0.475000
vt -1.331391 0.525000
vt 0.475000 -0.444743
vt 0.525000 -0.444743
vt 0.475000 -0.438000
vt 0.525000 -0.438000
vt 0.475000 -0.430726
vt 0.525000 -0.430726
vt 0.475000 -0.423047
vt 0.525000 -0.423047
vt 0.475000 -0.415093
vt 0.525000 -0.415093
vt 0.475000 -0.407000
vt 0.525000 -0.407000
vt 0.475000 -0.398907
vt 0.525000 -0.398907
vt 0.475000 -0.390953
vt 0.525000 -0.390953
vt 0.475000 -0.383274
vt 0.525000 -0.383274
vt 0.475000 -0.376000
vt 0.525000 -0.376000
vt 0.475000 -0.369257
vt 0.525000 -0.369257
vt 0.475000 -0.363159
vt 0.525000 -0.363159
vt 0.543841 0.475000
vt 0.537743 0.475000
vt 0.537743 0.525000
vt 0.543841 0.525000
vt 0.531000 0.475000
vt 0.531000 0.525000
vt 0.523726 0.475000
vt 0.523726 0.525000
vt 0.516047 0.475000
vt 0.516047 0.525000
vt 0.508093 0.475000
vt 0.508093 0.525000
vt 0.500000 0.475000
vt 0.500000 0.525000
vt 0.491907 0.475000
vt 0.491907 0.525000
vt 0.483953 0.475000
vt 0.483953 0.525000
vt 0.476274 0.475000
vt 0.476274 0.525000
vt 0.469000 0.475000
vt 0.469000 0.525000
vt 0.462257 0.475000
vt 0.462257 0.525000
vt 0.456159 0.475000
vt 0.456159 0.525000
vt 0.475000 1.363159
vt 0.475000 1.369257
vt 0.525000 1.369257
vt 0.525000 1.363159
vt 0.475000 1.376000
vt 0.525000 1.376000
vt 0.475000 1.383274
vt 0.525000 1.383274
vt 0.475000 1.390953
vt 0.525000 1.390953
vt 0.475000 1.398907
vt 0.525000 1.398907
vt 0.475000 1.407000
vt 0.525000 1.407000
vt 0.475000 1.415093
vt 0.525000 1.415093
vt 0.475000 1.423047
vt 0.525000 1.423047
vt 0.475000 1.430726
vt 0.525000 1.430726
vt 0.475000 1.438000
vt 0.525000 1.438000
vt 0.475000 1.444743
vt 0.525000 1.444743
s 1
usemtl Cloth
f 28/1/7 29/2/7 11/3/7 53/4/7 54/5/7 50/6/7 57/7/7 48/8/7 30/9/7 31/10/7
f 188/11/7 189/12/7 12/13/7 225/14/7 215/15/7 214/16/7 213/17/7 194/18/7 199/19/7 191/20/7
f 26/21/7 27/22/7 24/23/7 23/24/7 21/25/7 22/26/7 20/27/7 19/28/7 18/29/7 17/30/7 33/31/7 32/32/7 36/33/7 35/34/7 34/35/7 44/36/7 37/37/7 39/38/7 38/39/7 43/40/7 40/41/7 42/42/7 41/43/7 58/44/7 46/45/7 45/46/7 49/47/7 47/48/7 55/49/7 56/50/7 51/51/7 52/52/7 117/53/7 118/54/7 142/55/7 138/56/7 139/57/7 132/58/7 133/59/7 134/60/7 130/61/7 131/62/7 140/63/7 127/64/7 128/65/7 126/66/7 129/67/7 125/68/7 124/69/7 123/70/7 120/71/7 121/72/7 122/73/7 119/74/7 101/75/7 102/76/7 103/77/7 104/78/7 106/79/7 105/80/7 107/81/7 108/82/7 111/83/7 109/84/7 110/85/7 427/86/7 430/87/7 432/88/7 434/89/7 436/90/7 438/91/7 440/92/7 442/93/7 460/94/7 461/95/7 458/96/7 459/97/7 462/98/7 455/99/7 456/100/7 457/101/7 454/102/7 453/103/7 463/104/7 451/105/7 450/106/7 452/107/7 449/108/7 448/109/7 447/110/7 446/111/7 445/112/7 444/113/7 443/114/7 441/115/7 439/116/7 437/117/7 435/118/7 433/119/7 431/120/7 429/121/7 428/122/7 310/123/7 273/124/7 291/125/7 296/126/7 294/127/7 307/128/7 299/129/7 298/130/7 303/131/7 304/132/7 301/133/7 302/134/7 305/135/7 300/136/7 306/137/7 293/138/7 295/139/7 297/140/7 292/141/7 308/142/7 286/143/7 287/144/7 288/145/7 285/146/7 289/147/7 284/148/7 290/149/7 277/150/7 279/151/7 281/152/7 276/153/7 271/154/7 270/155/7 187/156/7 186/157/7 190/158/7 192/159/7 193/160/7 197/161/7 196/162/7 195/163/7 198/164/7 200/165/7 202/166/7 201/167/7 205/168/7 204/169/7 203/170/7 212/171/7 206/172/7 208/173/7 207/174/7 211/175/7 209/176/7 210/177/7 222/178/7 221/179/7 223/180/7 219/181/7 220/182/7 218/183/7 224/184/7 216/185/7 217/186/7 185/187/7 226/188/7 354/189/7 355/190/7 357/191/7 359/192/7 361/193/7 363/194/7 365/195/7 367/196/7 369/197/7 372/198/7 371/199/7 370/200/7 378/201/7 374/202/7 373/203/7 377/204/7 376/205/7 375/206/7 389/207/7 380/208/7 379/209/7 383/210/7 382/211/7 381/212/7 388/213/7 385/214/7 384/215/7 386/216/7 387/217/7 368/218/7 366/219/7 364/220/7 362/221/7 360/222/7 358/223/7 356/224/7 353/225/7 25/226/7
f 282/227/7 309/228/7 9/229/7 269/230/7 272/231/7 275/232/7 274/233/7 278/234/7 280/235/7 283/236/7
f 141/237/7 116/238/7 10/239/7 115/240/7 112/241/7 114/242/7 113/243/7 135/244/7 137/245/7 136/246/7
f 155/241/8 154/240/8 14/239/8 158/238/8 179/237/8 180/246/8 177/245/8 182/244/8 156/243/8 157/242/8
f 228/188/8 259/187/8 261/186/8 260/185/8 268/184/8 262/183/8 264/182/8 263/181/8 267/180/8 265/179/8 266/178/8 251/177/8 252/176/8 250/175/8 253/174/8 248/173/8 249/172/8 254/171/8 245/170/8 246/169/8 244/168/8 247/167/8 242/166/8 243/165/8 255/164/8 238/163/8 239/162/8 240/161/8 236/160/8 235/159/8 233/158/8 231/157/8 230/156/8 314/155/8 352/154/8 316/153/8 322/152/8 319/151/8 331/150/8 325/149/8 330/148/8 327/147/8 326/146/8 329/145/8 328/144/8 351/143/8 332/142/8 335/141/8 336/140/8 338/139/8 350/138/8 342/137/8 348/136/8 343/135/8 346/134/8 344/133/8 345/132/8 347/131/8 340/130/8 341/129/8 349/128/8 337/127/8 339/126/8 333/125/8 334/124/8 312/123/8 465/122/8 466/121/8 468/120/8 470/119/8 472/118/8 474/117/8 476/116/8 478/115/8 480/114/8 481/113/8 482/112/8 483/111/8 484/110/8 485/109/8 486/108/8 489/107/8 487/106/8 488/105/8 500/104/8 490/103/8 491/102/8 494/101/8 493/100/8 492/99/8 499/98/8 496/97/8 495/96/8 498/95/8 497/94/8 479/93/8 477/92/8 475/91/8 473/90/8 471/89/8 469/88/8 467/87/8 464/86/8 152/85/8 151/84/8 153/83/8 150/82/8 149/81/8 147/80/8 148/79/8 146/78/8 145/77/8 144/76/8 143/75/8 162/74/8 161/73/8 165/72/8 164/71/8 163/70/8 172/69/8 166/68/8 168/67/8 167/66/8 171/65/8 170/64/8 169/63/8 184/62/8 174/61/8 173/60/8 176/59/8 175/58/8 183/57/8 178/56/8 181/55/8 160/54/8 159/53/8 92/52/8 96/51/8 95/50/8 90/49/8 88/48/8 98/47/8 84/46/8 86/45/8 81/44/8 82/43/8 79/42/8 80/41/8 100/40/8 73/39/8 70/38/8 75/37/8 68/36/8 77/35/8 66/34/8 64/33/8 61/32/8 59/31/8 60/30/8 62/29/8 63/28/8 67/27/8 65/26/8 78/25/8 69/24/8 76/23/8 74/22/8 71/21/8 72/226/8 391/225/8 393/224/8 395/223/8 397/222/8 399/221/8 401/220/8 403/219/8 405/218/8 423/217/8 424/216/8 422/215/8 421/214/8 425/213/8 419/212/8 418/211/8 420/210/8 417/209/8 416/208/8 426/207/8 414/206/8 413/205/8 415/204/8 412/203/8 411/202/8 410/201/8 409/200/8 408/199/8 406/198/8 407/197/8 404/196/8 402/195/8 400/194/8 398/193/8 396/192/8 394/191/8 392/190/8 390/189/8
f 315/231/8 313/230/8 13/229/8 311/228/8 324/227/8 323/236/8 320/235/8 318/234/8 321/233/8 317/232/8
f 258/15/8 227/14/8 16/13/8 232/12/8 229/11/8 234/20/8 241/19/8 237/18/8 256/17/8 257/16/8
f 94/5/8 93/4/8 15/3/8 87/2/8 83/1/8 85/10/8 99/9/8 91/8/8 89/7/8 97/6/8
f 115/247/9 10/248/9 14/249/9 154/250/9
f 312/251/9 310/252/9 428/253/9 465/254/9
f 110/255/9 152/256/9 464/257/9 427/258/9
f 13/259/9 9/260/9 309/261/9 311/262/9
f 53/263/10 11/264/10 15/265/10 93/266/10
f 52/267/10 92/268/10 159/269/10 117/270/10
f 14/271/10 10/272/10 116/273/10 158/274/10
f 391/257/11 72/256/11 25/255/11 353/258/11
f 226/252/11 228/251/11 390/254/11 354/253/11
f 12/260/11 16/259/11 227/262/11 225/261/11
f 15/249/11 11/248/11 29/247/11 87/250/11
f 314/269/12 230/268/12 187/267/12 270/270/12
f 9/272/12 13/271/12 313/274/12 269/273/12
f 16/265/12 12/264/12 189/263/12 232/266/12
f 29/247/13 28/275/13 83/276/13 87/250/13
f 83/276/14 28/275/14 31/277/14 85/278/14
f 85/278/15 31/277/15 30/279/15 99/280/15
f 99/280/16 30/279/16 48/281/16 91/282/16
f 48/283/17 57/284/17 89/285/17 91/286/17
f 57/284/18 50/287/18 97/288/18 89/285/18
f 50/287/19 54/289/19 94/290/19 97/288/19
f 93/266/20 94/290/20 54/289/20 53/263/20
f 52/267/21 51/291/21 96/292/21 92/268/21
f 51/291/22 56/293/22 95/294/22 96/292/22
f 56/293/23 55/295/23 90/296/23 95/294/23
f 55/295/24 47/297/24 88/298/24 90/296/24
f 47/281/25 49/279/25 98/280/25 88/282/25
f 49/279/26 45/277/26 84/278/26 98/280/26
f 45/277/27 46/275/27 86/276/27 84/278/27
f 46/275/28 58/299/28 81/300/28 86/276/28
f 58/299/29 41/301/29 82/302/29 81/300/29
f 41/301/30 42/303/30 79/304/30 82/302/30
f 42/303/31 40/305/31 80/306/31 79/304/31
f 40/305/32 43/307/32 100/308/32 80/306/32
f 43/307/33 38/309/33 73/310/33 100/308/33
f 38/309/34 39/311/34 70/312/34 73/310/34
f 39/311/35 37/313/35 75/314/35 70/312/35
f 37/313/36 44/315/36 68/316/36 75/314/36
f 68/298/37 44/297/37 34/295/37 77/296/37
f 77/296/38 34/295/38 35/293/38 66/294/38
f 66/294/39 35/293/39 36/291/39 64/292/39
f 64/292/40 36/291/40 32/317/40 61/318/40
f 61/318/41 32/317/41 33/319/41 59/320/41
f 59/320/42 33/319/42 17/321/42 60/322/42
f 60/322/43 17/321/43 18/323/43 62/324/43
f 62/324/44 18/323/44 19/325/44 63/326/44
f 63/326/45 19/325/45 20/289/45 67/290/45
f 67/290/46 20/289/46 22/287/46 65/288/46
f 65/288/47 22/287/47 21/284/47 78/285/47
f 78/285/48 21/284/48 23/283/48 69/286/48
f 69/316/49 23/315/49 24/313/49 76/314/49
f 76/314/50 24/313/50 27/311/50 74/312/50
f 74/312/51 27/311/51 26/309/51 71/310/51
f 72/256/52 71/310/52 26/309/52 25/255/52
f 169/304/53 140/303/53 131/301/53 184/302/53
f 184/302/54 131/301/54 130/299/54 174/300/54
f 174/300/13 130/299/13 134/275/13 173/276/13
f 173/276/14 134/275/14 133/277/14 176/278/14
f 176/278/15 133/277/15 132/279/15 175/280/15
f 175/280/16 132/279/16 139/281/16 183/282/16
f 139/327/17 138/328/17 178/329/17 183/330/17
f 138/328/18 142/331/18 181/332/18 178/329/18
f 142/331/19 118/333/19 160/334/19 181/332/19
f 159/269/20 160/334/20 118/333/20 117/270/20
f 141/335/21 179/336/21 158/274/21 116/273/21
f 141/335/22 136/337/22 180/338/22 179/336/22
f 136/337/23 137/339/23 177/340/23 180/338/23
f 137/339/24 135/341/24 182/342/24 177/340/24
f 135/281/25 113/279/25 156/280/25 182/282/25
f 113/279/26 114/277/26 157/278/26 156/280/26
f 114/277/27 112/275/27 155/276/27 157/278/27
f 154/250/28 155/276/28 112/275/28 115/247/28
f 110/255/33 109/309/33 151/310/33 152/256/33
f 109/309/34 111/311/34 153/312/34 151/310/34
f 111/311/35 108/313/35 150/314/35 153/312/35
f 108/313/36 107/315/36 149/316/36 150/314/36
f 149/342/37 107/341/37 105/339/37 147/340/37
f 147/340/38 105/339/38 106/337/38 148/338/38
f 148/338/39 106/337/39 104/335/39 146/336/39
f 146/336/40 104/335/40 103/343/40 145/344/40
f 145/344/41 103/343/41 102/345/41 144/346/41
f 144/346/42 102/345/42 101/347/42 143/348/42
f 143/348/43 101/347/43 119/349/43 162/350/43
f 162/350/44 119/349/44 122/351/44 161/352/44
f 161/352/45 122/351/45 121/333/45 165/334/45
f 165/334/46 121/333/46 120/331/46 164/332/46
f 164/332/47 120/331/47 123/328/47 163/329/47
f 163/329/48 123/328/48 124/327/48 172/330/48
f 172/316/49 124/315/49 125/313/49 166/314/49
f 166/314/50 125/313/50 129/311/50 168/312/50
f 168/312/51 129/311/51 126/309/51 167/310/51
f 167/310/52 126/309/52 128/307/52 171/308/52
f 171/308/55 128/307/55 127/305/55 170/306/55
f 170/306/56 127/305/56 140/303/56 169/304/56
f 226/252/13 185/353/13 259/354/13 228/251/13
f 217/355/14 261/356/14 259/354/14 185/353/14
f 261/356/15 217/355/15 216/357/15 260/358/15
f 260/358/16 216/357/16 224/359/16 268/360/16
f 224/283/17 218/284/17 262/285/17 268/286/17
f 218/284/18 220/287/18 264/288/18 262/285/18
f 220/287/19 219/289/19 263/290/19 264/288/19
f 219/289/20 223/325/20 267/326/20 263/290/20
f 223/325/57 221/323/57 265/324/57 267/326/57
f 221/323/58 222/321/58 266/322/58 265/324/58
f 222/321/59 210/319/59 251/320/59 266/322/59
f 210/319/60 209/317/60 252/318/60 251/320/60
f 209/317/21 211/291/21 250/292/21 252/318/21
f 211/291/22 207/293/22 253/294/22 250/292/22
f 207/293/23 208/295/23 248/296/23 253/294/23
f 208/295/24 206/297/24 249/298/24 248/296/24
f 206/359/25 212/357/25 254/358/25 249/360/25
f 212/357/26 203/355/26 245/356/26 254/358/26
f 203/355/27 204/353/27 246/354/27 245/356/27
f 204/353/28 205/361/28 244/362/28 246/354/28
f 205/361/29 201/363/29 247/364/29 244/362/29
f 201/363/30 202/365/30 242/366/30 247/364/30
f 202/365/31 200/367/31 243/368/31 242/366/31
f 200/367/32 198/369/32 255/370/32 243/368/32
f 198/369/33 195/371/33 238/372/33 255/370/33
f 195/371/34 196/373/34 239/374/34 238/372/34
f 196/373/35 197/375/35 240/376/35 239/374/35
f 197/375/36 193/377/36 236/378/36 240/376/36
f 236/298/37 193/297/37 192/295/37 235/296/37
f 235/296/38 192/295/38 190/293/38 233/294/38
f 233/294/39 190/293/39 186/291/39 231/292/39
f 230/268/40 231/292/40 186/291/40 187/267/40
f 189/263/45 188/289/45 229/290/45 232/266/45
f 229/290/46 188/289/46 191/287/46 234/288/46
f 234/288/47 191/287/47 199/284/47 241/285/47
f 241/285/48 199/284/48 194/283/48 237/286/48
f 237/378/49 194/377/49 213/375/49 256/376/49
f 256/376/50 213/375/50 214/373/50 257/374/50
f 257/374/51 214/373/51 215/371/51 258/372/51
f 258/372/52 215/371/52 225/261/52 227/262/52
f 329/366/53 288/365/53 287/363/53 328/364/53
f 328/364/54 287/363/54 286/361/54 351/362/54
f 351/362/13 286/361/13 308/353/13 332/354/13
f 332/354/14 308/353/14 292/355/14 335/356/14
f 335/356/15 292/355/15 297/357/15 336/358/15
f 336/358/16 297/357/16 295/359/16 338/360/16
f 295/327/17 293/328/17 350/329/17 338/330/17
f 293/328/18 306/331/18 342/332/18 350/329/18
f 306/331/19 300/333/19 348/334/19 342/332/19
f 300/333/20 305/351/20 343/352/20 348/334/20
f 305/351/57 302/349/57 346/350/57 343/352/57
f 302/349/58 301/347/58 344/348/58 346/350/58
f 301/347/59 304/345/59 345/346/59 344/348/59
f 304/345/60 303/343/60 347/344/60 345/346/60
f 303/343/21 298/335/21 340/336/21 347/344/21
f 298/335/22 299/337/22 341/338/22 340/336/22
f 299/337/23 307/339/23 349/340/23 341/338/23
f 307/339/24 294/341/24 337/342/24 349/340/24
f 294/359/25 296/357/25 339/358/25 337/360/25
f 296/357/26 291/355/26 333/356/26 339/358/26
f 291/355/27 273/353/27 334/354/27 333/356/27
f 312/251/28 334/354/28 273/353/28 310/252/28
f 309/261/33 282/371/33 324/372/33 311/262/33
f 282/371/34 283/373/34 323/374/34 324/372/34
f 283/373/35 280/375/35 320/376/35 323/374/35
f 280/375/36 278/377/36 318/378/36 320/376/36
f 318/342/37 278/341/37 274/339/37 321/340/37
f 321/340/38 274/339/38 275/337/38 317/338/38
f 317/338/39 275/337/39 272/335/39 315/336/39
f 315/336/40 272/335/40 269/273/40 313/274/40
f 271/333/45 352/334/45 314/269/45 270/270/45
f 352/334/46 271/333/46 276/331/46 316/332/46
f 316/332/47 276/331/47 281/328/47 322/329/47
f 322/329/48 281/328/48 279/327/48 319/330/48
f 319/378/49 279/377/49 277/375/49 331/376/49
f 331/376/50 277/375/50 290/373/50 325/374/50
f 325/374/51 290/373/51 284/371/51 330/372/51
f 330/372/52 284/371/52 289/369/52 327/370/52
f 327/370/55 289/369/55 285/367/55 326/368/55
f 326/368/56 285/367/56 288/365/56 329/366/56
f 356/379/17 393/380/17 391/265/17 353/264/17
f 356/379/61 358/381/61 395/382/61 393/380/61
f 358/381/19 360/383/19 397/384/19 395/382/19
f 360/383/62 362/385/62 399/386/62 397/384/62
f 362/385/63 364/387/63 401/388/63 399/386/63
f 364/387/64 366/389/64 403/390/64 401/388/64
f 366/389/65 368/391/65 405/392/65 403/390/65
f 368/391/66 387/393/66 423/394/66 405/392/66
f 387/393/67 386/395/67 424/396/67 423/394/67
f 386/395/22 384/397/22 422/398/22 424/396/22
f 384/397/68 385/399/68 421/400/68 422/398/68
f 385/399/24 388/401/24 425/402/24 421/400/24
f 388/403/25 381/404/25 419/405/25 425/406/25
f 381/404/69 382/407/69 418/408/69 419/405/69
f 382/407/27 383/409/27 420/410/27 418/408/27
f 383/409/70 379/411/70 417/412/70 420/410/70
f 379/411/71 380/413/71 416/414/71 417/412/71
f 380/413/72 389/415/72 426/416/72 416/414/72
f 389/415/73 375/417/73 414/418/73 426/416/73
f 375/417/74 376/419/74 413/420/74 414/418/74
f 376/419/75 377/421/75 415/422/75 413/420/75
f 377/421/34 373/423/34 412/424/34 415/422/34
f 373/423/76 374/425/76 411/426/76 412/424/76
f 374/425/36 378/427/36 410/428/36 411/426/36
f 410/402/37 378/401/37 370/399/37 409/400/37
f 409/400/77 370/399/77 371/397/77 408/398/77
f 408/398/39 371/397/39 372/395/39 406/396/39
f 406/396/78 372/395/78 369/393/78 407/394/78
f 407/394/79 369/393/79 367/391/79 404/392/79
f 404/392/80 367/391/80 365/389/80 402/390/80
f 363/387/81 400/388/81 402/390/81 365/389/81
f 400/388/82 363/387/82 361/385/82 398/386/82
f 398/386/83 361/385/83 359/383/83 396/384/83
f 396/384/46 359/383/46 357/381/46 394/382/46
f 355/379/84 392/380/84 394/382/84 357/381/84
f 392/380/48 355/379/48 354/264/48 390/265/48
f 500/416/85 463/415/85 453/413/85 490/414/85
f 490/414/86 453/413/86 454/411/86 491/412/86
f 491/412/87 454/411/87 457/409/87 494/410/87
f 494/410/14 457/409/14 456/407/14 493/408/14
f 493/408/88 456/407/88 455/404/88 492/405/88
f 492/405/16 455/404/16 462/403/16 499/406/16
f 462/429/17 459/430/17 496/431/17 499/432/17
f 459/430/61 458/433/61 495/434/61 496/431/61
f 458/433/19 461/435/19 498/436/19 495/434/19
f 461/435/62 460/437/62 497/438/62 498/436/62
f 460/437/63 442/439/63 479/440/63 497/438/63
f 442/439/64 440/441/64 477/442/64 479/440/64
f 440/441/65 438/443/65 475/444/65 477/442/65
f 438/443/66 436/445/66 473/446/66 475/444/66
f 436/445/67 434/447/67 471/448/67 473/446/67
f 434/447/22 432/449/22 469/450/22 471/448/22
f 432/449/68 430/451/68 467/452/68 469/450/68
f 464/271/24 467/452/24 430/451/24 427/272/24
f 428/272/37 429/451/37 466/452/37 465/271/37
f 431/449/77 468/450/77 466/452/77 429/451/77
f 468/450/39 431/449/39 433/447/39 470/448/39
f 435/445/78 472/446/78 470/448/78 433/447/78
f 472/446/79 435/445/79 437/443/79 474/444/79
f 439/441/80 476/442/80 474/444/80 437/443/80
f 476/442/81 439/441/81 441/439/81 478/440/81
f 478/440/82 441/439/82 443/437/82 480/438/82
f 480/438/83 443/437/83 444/435/83 481/436/83
f 481/436/46 444/435/46 445/433/46 482/434/46
f 482/434/84 445/433/84 446/430/84 483/431/84
f 483/431/48 446/430/48 447/429/48 484/432/48
f 484/428/49 447/427/49 448/425/49 485/426/49
f 485/426/89 448/425/89 449/423/89 486/424/89
f 486/424/51 449/423/51 452/421/51 489/422/51
f 489/422/90 452/421/90 450/419/90 487/420/90
f 487/420/91 450/419/91 451/417/91 488/418/91
f 488/418/92 451/417/92 463/415/92 500/416/92
o Cushion_BotA
v 0.056000 -0.055000 0.889000
v 0.106000 -0.055000 0.944000
v 0.106000 0.030000 0.944000
v 0.056000 0.034000 0.889000
v 1.712500 -0.055000 0.889000
v 1.662500 -0.055000 0.944000
v 1.662500 0.030000 0.944000
v 1.712500 0.034000 0.889000
v 0.058548 -0.055000 0.889125
v 0.063547 -0.055000 0.890120
v 0.061072 -0.055000 0.889500
v 0.068256 -0.055000 0.892070
v 0.074385 -0.055000 0.896615
v 0.072494 -0.055000 0.894902
v 0.070445 -0.055000 0.893382
v 0.065950 -0.055000 0.890979
v 0.077618 -0.055000 0.900555
v 0.080021 -0.055000 0.905050
v 0.078930 -0.055000 0.902744
v 0.081500 -0.055000 0.909928
v 0.082000 -0.055000 0.915000
v 0.081879 -0.055000 0.917467
v 0.081875 -0.055000 0.912452
v 0.080880 -0.055000 0.907453
v 0.076098 -0.055000 0.898506
v 0.078930 0.039594 0.902744
v 0.077885 0.040000 0.901000
v 0.080880 0.038499 0.907453
v 0.080021 0.039058 0.905050
v 0.082000 0.036744 0.915000
v 0.081879 0.036171 0.917467
v 0.081875 0.037337 0.912452
v 0.081500 0.037924 0.909928
v 0.068256 0.035535 0.892070
v 0.063547 0.034560 0.890120
v 0.065950 0.034990 0.890979
v 0.058548 0.034063 0.889125
v 0.061072 0.034250 0.889500
v 0.077618 0.039778 0.900555
v 0.076098 0.038753 0.898506
v 0.074385 0.037808 0.896615
v 0.072494 0.036951 0.894902
v 0.070445 0.036191 0.893382
v 1.664500 -0.055000 0.937000
v 1.664724 -0.055000 0.941554
v 1.664731 -0.055000 0.932295
v 1.665422 -0.055000 0.927636
v 1.666567 -0.055000 0.923066
v 1.672589 -0.055000 0.910333
v 1.670168 -0.055000 0.914373
v 1.668154 -0.055000 0.918631
v 1.678559 -0.055000 0.903059
v 1.685833 -0.055000 0.897089
v 1.682049 -0.055000 0.899895
v 1.698566 -0.055000 0.891067
v 1.694131 -0.055000 0.892654
v 1.707795 -0.055000 0.889231
v 1.703136 -0.055000 0.889922
v 1.689873 -0.055000 0.894668
v 1.675395 -0.055000 0.906549
v 1.664724 0.030569 0.941554
v 1.664500 0.031628 0.937000
v 1.666567 0.034868 0.923066
v 1.665422 0.033806 0.927636
v 1.664731 0.032722 0.932295
v 1.672589 0.037830 0.910333
v 1.670168 0.036890 0.914373
v 1.680830 0.040000 0.901000
v 1.675395 0.038710 0.906549
v 1.678559 0.039521 0.903059
v 1.668154 0.035900 0.918631
v 1.682049 0.039448 0.899895
v 1.685833 0.038045 0.897089
v 1.689873 0.036834 0.894668
v 1.694131 0.035827 0.892654
v 1.698566 0.035033 0.891067
v 1.707795 0.034116 0.889231
v 1.703136 0.034461 0.889922
vn -0.0000 -1.0000 -0.0000
vn -0.0000 -0.0000 1.0000
vn -0.0000 0.9740 0.2265
vn -0.0000 0.8944 -0.4472
vn -0.0000 -0.0000 -1.0000
vn -0.7399 -0.0000 0.6727
vn 0.7399 -0.0000 0.6727
vn -0.0490 -0.0000 0.9988
vn -0.1469 -0.0000 0.9891
vn -0.2430 -0.0000 0.9700
vn -0.3369 -0.0000 0.9415
vn -0.4276 -0.0000 0.9040
vn -0.5141 -0.0000 0.8577
vn -0.5958 -0.0000 0.8031
vn -0.6714 -0.0000 0.7411
vn -0.7411 -0.0000 0.6714
vn -0.8031 -0.0000 0.5958
vn -0.8577 -0.0000 0.5141
vn -0.9039 -0.0000 0.4277
vn -0.9415 -0.0000 0.3369
vn -0.9700 -0.0000 0.2430
vn -0.9892 -0.0000 0.1466
vn -0.9988 -0.0000 0.0490
vn -0.9988 -0.0000 -0.0490
vn 0.9988 -0.0000 -0.0491
vn 0.9988 -0.0000 0.0490
vn 0.9892 -0.0000 0.1467
vn 0.9700 -0.0000 0.2430
vn 0.9415 -0.0000 0.3369
vn 0.9040 -0.0000 0.4276
vn 0.8578 -0.0000 0.5140
vn 0.8032 -0.0000 0.5957
vn 0.7409 -0.0000 0.6716
vn 0.6716 -0.0000 0.7409
vn 0.5957 -0.0000 0.8032
vn 0.5140 -0.0000 0.8578
vn 0.4276 -0.0000 0.9040
vn 0.3369 -0.0000 0.9415
vn 0.2430 -0.0000 0.9700
vn 0.1467 -0.0000 0.9892
vn 0.0490 -0.0000 0.9988
vt 1.280474 0.525054
vt 1.278250 0.527500
vt -0.278250 0.527500
vt -0.302371 0.500967
vt -0.302250 0.498500
vt -0.302375 0.495952
vt -0.302750 0.493428
vt -0.303370 0.490953
vt -0.304229 0.488550
vt -0.305320 0.486244
vt -0.306632 0.484055
vt -0.308152 0.482006
vt -0.309865 0.480115
vt -0.311756 0.478402
vt -0.313805 0.476882
vt -0.315994 0.475570
vt -0.318300 0.474479
vt -0.320703 0.473620
vt -0.323178 0.473000
vt -0.325702 0.472625
vt -0.328250 0.472500
vt 1.328250 0.472500
vt 1.323545 0.472731
vt 1.318886 0.473422
vt 1.314316 0.474567
vt 1.309881 0.476154
vt 1.305623 0.478168
vt 1.301583 0.480589
vt 1.297799 0.483395
vt 1.294309 0.486559
vt 1.291145 0.490049
vt 1.288339 0.493833
vt 1.285918 0.497873
vt 1.283904 0.502131
vt 1.282317 0.506566
vt 1.281172 0.511136
vt 1.280481 0.515795
vt 1.280250 0.520500
vt -0.278250 0.452500
vt 1.278250 0.452500
vt 1.278250 0.537500
vt -0.278250 0.537500
vt 1.296580 0.484500
vt -0.306365 0.484500
vt -0.328250 0.541500
vt 1.328250 0.541500
vt 1.328250 0.452500
vt -0.328250 0.452500
vt 0.452500 0.500967
vt 0.452500 0.527500
vt 0.537500 0.527500
vt 0.543671 0.500967
vt 0.538069 0.525054
vt 0.452500 0.525054
vt -0.325702 0.452500
vt -0.325702 0.541563
vt -0.323178 0.452500
vt -0.323178 0.541750
vt -0.320703 0.452500
vt -0.320703 0.542060
vt -0.318300 0.452500
vt -0.318300 0.542490
vt -0.315994 0.452500
vt -0.315994 0.543035
vt -0.313805 0.452500
vt -0.313805 0.543691
vt -0.311756 0.452500
vt -0.311756 0.544451
vt -0.309865 0.452500
vt -0.309865 0.545308
vt 0.452500 0.480115
vt 0.452500 0.482006
vt 0.546253 0.482006
vt 0.545308 0.480115
vt 0.452500 0.484055
vt 0.547278 0.484055
vt 0.452500 0.486244
vt 0.547094 0.486244
vt 0.547500 0.484500
vt 0.452500 0.488550
vt 0.546558 0.488550
vt 0.452500 0.490953
vt 0.545999 0.490953
vt 0.452500 0.493428
vt 0.545424 0.493428
vt 0.452500 0.495952
vt 0.544837 0.495952
vt 0.452500 0.498500
vt 0.544244 0.498500
vt 0.452500 0.520500
vt 0.539128 0.520500
vt 0.452500 0.515795
vt 0.540222 0.515795
vt 0.452500 0.511136
vt 0.541306 0.511136
vt 0.452500 0.506566
vt 0.542368 0.506566
vt 0.452500 0.502131
vt 0.543400 0.502131
vt 0.452500 0.497873
vt 0.544390 0.497873
vt 0.452500 0.493833
vt 0.545330 0.493833
vt 0.452500 0.490049
vt 0.546210 0.490049
vt 0.452500 0.486559
vt 0.547021 0.486559
vt 1.296580 0.547500
vt 1.294309 0.547021
vt 1.294309 0.452500
vt 1.297799 0.452500
vt 1.297799 0.546948
vt 1.301583 0.452500
vt 1.301583 0.545545
vt 1.305623 0.452500
vt 1.305623 0.544334
vt 1.309881 0.452500
vt 1.309881 0.543327
vt 1.314316 0.452500
vt 1.314316 0.542533
vt 1.318886 0.452500
vt 1.318886 0.541961
vt 1.323545 0.452500
vt 1.323545 0.541616
s 1
usemtl Cushion
f 545/453/93 506/454/93 502/455/93 522/456/93 521/457/93 523/458/93 520/459/93 524/460/93 518/461/93 519/462/93 517/463/93 525/464/93 513/465/93 514/466/93 515/467/93 512/468/93 516/469/93 510/470/93 511/471/93 509/472/93 501/473/93 505/474/93 557/475/93 558/476/93 555/477/93 556/478/93 559/479/93 553/480/93 554/481/93 552/482/93 560/483/93 549/484/93 550/485/93 551/486/93 548/487/93 547/488/93 546/489/93 544/490/93
f 502/491/94 506/492/94 507/493/94 503/494/94
f 531/456/95 503/455/95 507/454/95 561/453/95 562/490/95 565/489/95 564/488/95 563/487/95 571/486/95 567/485/95 566/484/95 569/483/95 570/482/95 568/495/95 527/496/95 526/462/95 529/461/95 528/460/95 533/459/95 532/458/95 530/457/95
f 508/474/96 504/473/96 537/472/96 538/471/96 535/470/96 536/469/96 534/468/96 543/467/96 542/466/96 541/465/96 540/464/96 539/463/96 527/496/96 568/495/96 572/481/96 573/480/96 574/479/96 575/478/96 576/477/96 578/476/96 577/475/96
f 504/497/97 508/498/97 505/499/97 501/500/97
f 522/501/98 502/502/98 503/503/98 531/504/98
f 561/505/99 507/503/99 506/502/99 545/506/99
f 509/507/100 537/508/100 504/497/100 501/500/100
f 537/508/101 509/507/101 511/509/101 538/510/101
f 538/510/102 511/509/102 510/511/102 535/512/102
f 535/512/103 510/511/103 516/513/103 536/514/103
f 536/514/104 516/513/104 512/515/104 534/516/104
f 534/516/105 512/515/105 515/517/105 543/518/105
f 543/518/106 515/517/106 514/519/106 542/520/106
f 542/520/107 514/519/107 513/521/107 541/522/107
f 513/523/108 525/524/108 540/525/108 541/526/108
f 525/524/109 517/527/109 539/528/109 540/525/109
f 539/528/110 517/527/110 519/529/110 526/530/110 527/531/110
f 519/529/111 518/532/111 529/533/111 526/530/111
f 518/532/112 524/534/112 528/535/112 529/533/112
f 524/534/113 520/536/113 533/537/113 528/535/113
f 520/536/114 523/538/114 532/539/114 533/537/114
f 523/538/115 521/540/115 530/541/115 532/539/115
f 531/504/116 530/541/116 521/540/116 522/501/116
f 545/506/117 544/542/117 562/543/117 561/505/117
f 562/543/118 544/542/118 546/544/118 565/545/118
f 565/545/119 546/544/119 547/546/119 564/547/119
f 564/547/120 547/546/120 548/548/120 563/549/120
f 563/549/121 548/548/121 551/550/121 571/551/121
f 571/551/122 551/550/122 550/552/122 567/553/122
f 567/553/123 550/552/123 549/554/123 566/555/123
f 566/555/124 549/554/124 560/556/124 569/557/124
f 569/557/125 560/556/125 552/558/125 570/559/125
f 568/560/126 570/561/126 552/562/126 554/563/126 572/564/126
f 572/564/127 554/563/127 553/565/127 573/566/127
f 573/566/128 553/565/128 559/567/128 574/568/128
f 574/568/129 559/567/129 556/569/129 575/570/129
f 575/570/130 556/569/130 555/571/130 576/572/130
f 576/572/131 555/571/131 558/573/131 578/574/131
f 578/574/132 558/573/132 557/575/132 577/576/132
f 577/576/133 557/575/133 505/499/133 508/498/133
o Cushion_BotB
v -1.712500 -0.055000 0.889000
v -1.662500 -0.055000 0.944000
v -1.662500 0.030000 0.944000
v -1.712500 0.034000 0.889000
v -0.056000 -0.055000 0.889000
v -0.106000 -0.055000 0.944000
v -0.106000 0.030000 0.944000
v -0.056000 0.034000 0.889000
v -1.707795 -0.055000 0.889231
v -1.698566 -0.055000 0.891067
v -1.703136 -0.055000 0.889922
v -1.689873 -0.055000 0.894668
v -1.678559 -0.055000 0.903059
v -1.682049 -0.055000 0.899895
v -1.685833 -0.055000 0.897089
v -1.694131 -0.055000 0.892654
v -1.672589 -0.055000 0.910333
v -1.668154 -0.055000 0.918631
v -1.670168 -0.055000 0.914373
v -1.665422 -0.055000 0.927636
v -1.664500 -0.055000 0.937000
v -1.664724 -0.055000 0.941554
v -1.664731 -0.055000 0.932295
v -1.666567 -0.055000 0.923066
v -1.675395 -0.055000 0.906549
v -1.680830 0.040000 0.901000
v -1.675395 0.038710 0.906549
v -1.678559 0.039521 0.903059
v -1.672589 0.037830 0.910333
v -1.670168 0.036890 0.914373
v -1.666567 0.034868 0.923066
v -1.665422 0.033806 0.927636
v -1.664724 0.030569 0.941554
v -1.664500 0.031628 0.937000
v -1.664731 0.032722 0.932295
v -1.668154 0.035900 0.918631
v -1.698566 0.035033 0.891067
v -1.703136 0.034461 0.889922
v -1.707795 0.034116 0.889231
v -1.682049 0.039448 0.899895
v -1.685833 0.038045 0.897089
v -1.689873 0.036834 0.894668
v -1.694131 0.035827 0.892654
v -0.082000 -0.055000 0.915000
v -0.081879 -0.055000 0.917467
v -0.081875 -0.055000 0.912452
v -0.081500 -0.055000 0.909928
v -0.080880 -0.055000 0.907453
v -0.077618 -0.055000 0.900555
v -0.078930 -0.055000 0.902744
v -0.080021 -0.055000 0.905050
v -0.074385 -0.055000 0.896615
v -0.070445 -0.055000 0.893382
v -0.072494 -0.055000 0.894902
v -0.063547 -0.055000 0.890120
v -0.065950 -0.055000 0.890979
v -0.058548 -0.055000 0.889125
v -0.061072 -0.055000 0.889500
v -0.068256 -0.055000 0.892070
v -0.076098 -0.055000 0.898506
v -0.082000 0.036744 0.915000
v -0.081879 0.036171 0.917467
v -0.081875 0.037337 0.912452
v -0.081500 0.037924 0.909928
v -0.078930 0.039594 0.902744
v -0.080880 0.038499 0.907453
v -0.080021 0.039058 0.905050
v -0.077885 0.040000 0.901000
v -0.077618 0.039778 0.900555
v -0.076098 0.038753 0.898506
v -0.074385 0.037808 0.896615
v -0.072494 0.036951 0.894902
v -0.070445 0.036191 0.893382
v -0.068256 0.035535 0.892070
v -0.063547 0.034560 0.890120
v -0.065950 0.034990 0.890979
v -0.058548 0.034063 0.889125
v -0.061072 0.034250 0.889500
vn -0.0000 -1.0000 -0.0000
vn -0.0000 -0.0000 1.0000
vn -0.0000 0.9740 0.2265
vn -0.0000 0.8944 -0.4472
vn -0.0000 -0.0000 -1.0000
vn -0.7399 -0.0000 0.6727
vn 0.7399 -0.0000 0.6727
vn -0.0490 -0.0000 0.9988
vn -0.1467 -0.0000 0.9892
vn -0.2430 -0.0000 0.9700
vn -0.3369 -0.0000 0.9415
vn -0.4276 -0.0000 0.9040
vn -0.5140 -0.0000 0.8578
vn -0.5957 -0.0000 0.8032
vn -0.6716 -0.0000 0.7409
vn -0.7409 -0.0000 0.6716
vn -0.8032 -0.0000 0.5957
vn -0.8578 -0.0000 0.5140
vn -0.9040 -0.0000 0.4276
vn -0.9415 -0.0000 0.3369
vn -0.9700 -0.0000 0.2430
vn -0.9892 -0.0000 0.1467
vn -0.9988 -0.0000 0.0490
vn -0.9988 -0.0000 -0.0491
vn 0.9988 -0.0000 -0.0490
vn 0.9988 -0.0000 0.0493
vn 0.9891 -0.0000 0.1470
vn 0.9700 -0.0000 0.2430
vn 0.9415 -0.0000 0.3369
vn 0.9039 -0.0000 0.4277
vn 0.8577 -0.0000 0.5141
vn 0.8031 -0.0000 0.5958
vn 0.7408 -0.0000 0.6717
vn 0.6714 -0.0000 0.7411
vn 0.5958 -0.0000 0.8031
vn 0.5141 -0.0000 0.8577
vn 0.4276 -0.0000 0.9040
vn 0.3369 -0.0000 0.9415
vn 0.2430 -0.0000 0.9700
vn 0.1469 -0.0000 0.9891
vn 0.0490 -0.0000 0.9988
vt 1.302371 0.500967
vt 1.278250 0.527500
vt -0.278250 0.527500
vt -0.280474 0.525054
vt -0.280250 0.520500
vt -0.280481 0.515795
vt -0.281172 0.511136
vt -0.282317 0.506566
vt -0.283904 0.502131
vt -0.285918 0.497873
vt -0.288339 0.493833
vt -0.291145 0.490049
vt -0.294309 0.486559
vt -0.297799 0.483395
vt -0.301583 0.480589
vt -0.305623 0.478168
vt -0.309881 0.476154
vt -0.314316 0.474567
vt -0.318886 0.473422
vt -0.323545 0.472731
vt -0.328250 0.472500
vt 1.328250 0.472500
vt 1.325702 0.472625
vt 1.323178 0.473000
vt 1.320703 0.473620
vt 1.318300 0.474479
vt 1.315994 0.475570
vt 1.313805 0.476882
vt 1.311756 0.478402
vt 1.309865 0.480115
vt 1.308152 0.482006
vt 1.306632 0.484055
vt 1.305320 0.486244
vt 1.304229 0.488550
vt 1.303370 0.490953
vt 1.302750 0.493428
vt 1.302375 0.495952
vt 1.302250 0.498500
vt -0.278250 0.452500
vt 1.278250 0.452500
vt 1.278250 0.537500
vt -0.278250 0.537500
vt 1.306365 0.484500
vt -0.296580 0.484500
vt -0.328250 0.541500
vt 1.328250 0.541500
vt 1.328250 0.452500
vt -0.328250 0.452500
vt 0.452500 0.525054
vt 0.452500 0.527500
vt 0.537500 0.527500
vt 0.538069 0.525054
vt 0.543671 0.500967
vt 0.452500 0.500967
vt -0.323545 0.452500
vt -0.323545 0.541616
vt -0.318886 0.452500
vt -0.318886 0.541961
vt -0.314316 0.452500
vt -0.314316 0.542533
vt -0.309881 0.452500
vt -0.309881 0.543327
vt -0.305623 0.452500
vt -0.305623 0.544334
vt -0.301583 0.452500
vt -0.301583 0.545545
vt -0.297799 0.452500
vt -0.297799 0.546948
vt -0.296580 0.547500
vt -0.294309 0.452500
vt -0.294309 0.547021
vt 0.452500 0.486559
vt 0.452500 0.490049
vt 0.546210 0.490049
vt 0.547021 0.486559
vt 0.452500 0.493833
vt 0.545330 0.493833
vt 0.452500 0.497873
vt 0.544390 0.497873
vt 0.452500 0.502131
vt 0.543400 0.502131
vt 0.452500 0.506566
vt 0.542368 0.506566
vt 0.452500 0.511136
vt 0.541306 0.511136
vt 0.452500 0.515795
vt 0.540222 0.515795
vt 0.452500 0.520500
vt 0.539128 0.520500
vt 0.452500 0.498500
vt 0.544244 0.498500
vt 0.452500 0.495952
vt 0.544837 0.495952
vt 0.452500 0.493428
vt 0.545424 0.493428
vt 0.452500 0.490953
vt 0.545999 0.490953
vt 0.452500 0.488550
vt 0.546558 0.488550
vt 0.452500 0.486244
vt 0.547094 0.486244
vt 0.547500 0.484500
vt 0.452500 0.484055
vt 0.547278 0.484055
vt 0.452500 0.482006
vt 0.546253 0.482006
vt 0.452500 0.480115
vt 0.545308 0.480115
vt 1.309865 0.545308
vt 1.309865 0.452500
vt 1.311756 0.452500
vt 1.311756 0.544451
vt 1.313805 0.452500
vt 1.313805 0.543691
vt 1.315994 0.452500
vt 1.315994 0.543035
vt 1.318300 0.452500
vt 1.318300 0.542490
vt 1.320703 0.452500
vt 1.320703 0.542060
vt 1.323178 0.452500
vt 1.323178 0.541750
vt 1.325702 0.452500
vt 1.325702 0.541563
s 1
usemtl Cushion
f 623/577/134 584/578/134 580/579/134 600/580/134 599/581/134 601/582/134 598/583/134 602/584/134 596/585/134 597/586/134 595/587/134 603/588/134 591/589/134 592/590/134 593/591/134 590/592/134 594/593/134 588/594/134 589/595/134 587/596/134 579/597/134 583/598/134 635/599/134 636/600/134 633/601/134 634/602/134 637/603/134 631/604/134 632/605/134 630/606/134 638/607/134 627/608/134 628/609/134 629/610/134 626/611/134 625/612/134 624/613/134 622/614/134
f 580/615/135 584/616/135 585/617/135 581/618/135
f 612/581/136 611/580/136 581/579/136 585/578/136 640/577/136 639/614/136 641/613/136 642/612/136 644/611/136 645/610/136 643/609/136 646/619/136 604/620/136 606/589/136 605/588/136 607/587/136 608/586/136 614/585/136 609/584/136 610/583/136 613/582/136
f 586/598/137 582/597/137 617/596/137 616/595/137 615/594/137 621/593/137 620/592/137 619/591/137 618/590/137 604/620/137 646/619/137 647/608/137 648/607/137 649/606/137 650/605/137 651/604/137 652/603/137 654/602/137 653/601/137 656/600/137 655/599/137
f 582/621/138 586/622/138 583/623/138 579/624/138
f 600/625/139 580/626/139 581/627/139 611/628/139
f 640/629/140 585/627/140 584/626/140 623/630/140
f 587/631/141 617/632/141 582/621/141 579/624/141
f 617/632/142 587/631/142 589/633/142 616/634/142
f 616/634/143 589/633/143 588/635/143 615/636/143
f 615/636/144 588/635/144 594/637/144 621/638/144
f 621/638/145 594/637/145 590/639/145 620/640/145
f 620/640/146 590/639/146 593/641/146 619/642/146
f 619/642/147 593/641/147 592/643/147 618/644/147
f 604/645/148 618/644/148 592/643/148 591/646/148 606/647/148
f 591/648/149 603/649/149 605/650/149 606/651/149
f 603/649/150 595/652/150 607/653/150 605/650/150
f 595/652/151 597/654/151 608/655/151 607/653/151
f 597/654/152 596/656/152 614/657/152 608/655/152
f 596/656/153 602/658/153 609/659/153 614/657/153
f 602/658/154 598/660/154 610/661/154 609/659/154
f 598/660/155 601/662/155 613/663/155 610/661/155
f 601/662/156 599/664/156 612/665/156 613/663/156
f 611/628/157 612/665/157 599/664/157 600/625/157
f 623/630/158 622/666/158 639/667/158 640/629/158
f 639/667/159 622/666/159 624/668/159 641/669/159
f 641/669/160 624/668/160 625/670/160 642/671/160
f 642/671/161 625/670/161 626/672/161 644/673/161
f 644/673/162 626/672/162 629/674/162 645/675/162
f 645/675/163 629/674/163 628/676/163 643/677/163
f 646/678/164 643/677/164 628/676/164 627/679/164 647/680/164
f 647/680/165 627/679/165 638/681/165 648/682/165
f 648/682/166 638/681/166 630/683/166 649/684/166
f 649/685/167 630/686/167 632/687/167 650/688/167
f 650/688/168 632/687/168 631/689/168 651/690/168
f 651/690/169 631/689/169 637/691/169 652/692/169
f 652/692/170 637/691/170 634/693/170 654/694/170
f 654/694/171 634/693/171 633/695/171 653/696/171
f 653/696/172 633/695/172 636/697/172 656/698/172
f 656/698/173 636/697/173 635/699/173 655/700/173
f 583/623/174 586/622/174 655/700/174 635/699/174
o Cushion_Left
v -1.784500 -0.055000 0.817000
v -1.839500 -0.055000 0.767000
v -1.839500 0.030000 0.767000
v -1.784500 0.034000 0.817000
v -1.784500 -0.055000 -0.817000
v -1.839500 -0.055000 -0.767000
v -1.839500 0.030000 -0.767000
v -1.784500 0.034000 -0.817000
v -1.837054 -0.055000 0.769224
v -1.827795 -0.055000 0.769231
v -1.832500 -0.055000 0.769000
v -1.823136 -0.055000 0.769922
v -1.818566 -0.055000 0.771067
v -1.805833 -0.055000 0.777089
v -1.809873 -0.055000 0.774668
v -1.814131 -0.055000 0.772654
v -1.798559 -0.055000 0.783059
v -1.792589 -0.055000 0.790333
v -1.795395 -0.055000 0.786549
v -1.786567 -0.055000 0.803066
v -1.788154 -0.055000 0.798631
v -1.784731 -0.055000 0.812295
v -1.785422 -0.055000 0.807636
v -1.790168 -0.055000 0.794373
v -1.802049 -0.055000 0.779895
v -1.837054 0.030569 0.769224
v -1.832500 0.031628 0.769000
v -1.827795 0.032722 0.769231
v -1.823136 0.033806 0.769922
v -1.818566 0.034868 0.771067
v -1.809873 0.036890 0.774668
v -1.805833 0.037830 0.777089
v -1.798559 0.039521 0.783059
v -1.796500 0.040000 0.785330
v -1.802049 0.038709 0.779895
v -1.814131 0.035900 0.772654
v -1.795395 0.039448 0.786549
v -1.788154 0.035827 0.798631
v -1.790168 0.036834 0.794373
v -1.792589 0.038045 0.790333
v -1.784731 0.034116 0.812295
v -1.785422 0.034461 0.807636
v -1.786567 0.035033 0.803066
v -1.837054 -0.055000 -0.769224
v -1.827795 -0.055000 -0.769231
v -1.823136 -0.055000 -0.769922
v -1.832500 -0.055000 -0.769000
v -1.818566 -0.055000 -0.771067
v -1.805833 -0.055000 -0.777089
v -1.809873 -0.055000 -0.774668
v -1.814131 -0.055000 -0.772654
v -1.798559 -0.055000 -0.783059
v -1.792589 -0.055000 -0.790333
v -1.795395 -0.055000 -0.786549
v -1.786567 -0.055000 -0.803066
v -1.788154 -0.055000 -0.798631
v -1.784731 -0.055000 -0.812295
v -1.785422 -0.055000 -0.807636
v -1.790168 -0.055000 -0.794373
v -1.802049 -0.055000 -0.779895
v -1.837054 0.030569 -0.769224
v -1.827795 0.032722 -0.769231
v -1.832500 0.031628 -0.769000
v -1.823136 0.033806 -0.769922
v -1.818566 0.034868 -0.771067
v -1.809873 0.036890 -0.774668
v -1.805833 0.037830 -0.777089
v -1.798559 0.039521 -0.783059
v -1.796500 0.040000 -0.785330
v -1.802049 0.038709 -0.779895
v -1.814131 0.035900 -0.772654
v -1.795395 0.039448 -0.786549
v -1.790168 0.036834 -0.794373
v -1.792589 0.038045 -0.790333
v -1.784731 0.034116 -0.812295
v -1.785422 0.034461 -0.807636
v -1.786567 0.035033 -0.803066
v -1.788154 0.035827 -0.798631
vn -0.0000 -1.0000 -0.0000
vn -1.0000 -0.0000 -0.0000
vn -0.2265 0.9740 -0.0000
vn 0.4472 0.8944 -0.0000
vn 1.0000 -0.0000 -0.0000
vn -0.6727 -0.0000 0.7399
vn -0.6727 -0.0000 -0.7399
vn -0.0490 -0.0000 0.9988
vn -0.1467 -0.0000 0.9892
vn -0.2430 -0.0000 0.9700
vn -0.3369 -0.0000 0.9415
vn -0.4276 -0.0000 0.9040
vn -0.5140 -0.0000 0.8578
vn -0.5956 -0.0000 0.8033
vn -0.6717 -0.0000 0.7409
vn -0.7409 -0.0000 0.6716
vn -0.8032 -0.0000 0.5957
vn -0.8578 -0.0000 0.5140
vn -0.9040 -0.0000 0.4276
vn -0.9415 -0.0000 0.3369
vn -0.9700 -0.0000 0.2430
vn -0.9892 -0.0000 0.1467
vn -0.9988 -0.0000 0.0490
vn 0.0491 -0.0000 0.9988
vn -0.9988 -0.0000 -0.0490
vn -0.9892 -0.0000 -0.1467
vn -0.9700 -0.0000 -0.2430
vn -0.9415 -0.0000 -0.3369
vn -0.9040 -0.0000 -0.4276
vn -0.8578 -0.0000 -0.5140
vn -0.8032 -0.0000 -0.5957
vn -0.7409 -0.0000 -0.6716
vn -0.6717 -0.0000 -0.7409
vn -0.5956 -0.0000 -0.8033
vn -0.5140 -0.0000 -0.8578
vn -0.4276 -0.0000 -0.9040
vn -0.3369 -0.0000 -0.9415
vn -0.2430 -0.0000 -0.9700
vn -0.1467 -0.0000 -0.9892
vn -0.0490 -0.0000 -0.9988
vn 0.0491 -0.0000 -0.9988
vt 0.479500 1.269000
vt 0.474946 1.269224
vt 0.472500 1.267000
vt 0.472500 -0.267000
vt 0.474946 -0.269224
vt 0.479500 -0.269000
vt 0.484205 -0.269231
vt 0.488864 -0.269922
vt 0.493434 -0.271067
vt 0.497869 -0.272654
vt 0.502127 -0.274668
vt 0.506167 -0.277089
vt 0.509951 -0.279895
vt 0.513441 -0.283059
vt 0.516605 -0.286549
vt 0.519411 -0.290333
vt 0.521832 -0.294373
vt 0.523846 -0.298631
vt 0.525433 -0.303066
vt 0.526578 -0.307636
vt 0.527269 -0.312295
vt 0.527500 -0.317000
vt 0.527500 1.317000
vt 0.527269 1.312295
vt 0.526578 1.307636
vt 0.525433 1.303066
vt 0.523846 1.298631
vt 0.521832 1.294373
vt 0.519411 1.290333
vt 0.516605 1.286549
vt 0.513441 1.283059
vt 0.509951 1.279895
vt 0.506167 1.277089
vt 0.502127 1.274668
vt 0.497869 1.272654
vt 0.493434 1.271067
vt 0.488864 1.269922
vt 0.484205 1.269231
vt 0.452500 1.267000
vt 0.537500 1.267000
vt 0.537500 -0.267000
vt 0.452500 -0.267000
vt 0.515500 1.285330
vt 0.515500 -0.285330
vt 0.541500 1.317000
vt 0.452500 1.317000
vt 0.452500 -0.317000
vt 0.541500 -0.317000
vt 0.474946 0.538069
vt 0.472500 0.537500
vt 0.472500 0.452500
vt 0.474946 0.452500
vt 0.479500 0.539128
vt 0.479500 0.452500
vt 0.484205 0.452500
vt 0.484205 0.540222
vt 0.488864 0.452500
vt 0.488864 0.541306
vt 0.493434 0.452500
vt 0.493434 0.542368
vt 0.497869 0.452500
vt 0.497869 0.543400
vt 0.502127 0.452500
vt 0.502127 0.544390
vt 0.506167 0.452500
vt 0.506167 0.545330
vt 0.509951 0.452500
vt 0.509951 0.546209
vt 0.513441 0.452500
vt 0.513441 0.547021
vt 0.546948 1.286549
vt 0.547500 1.285330
vt 0.547021 1.283059
vt 0.452500 1.283059
vt 0.452500 1.286549
vt 0.452500 1.290333
vt 0.545545 1.290333
vt 0.452500 1.294373
vt 0.544334 1.294373
vt 0.452500 1.298631
vt 0.543327 1.298631
vt 0.452500 1.303066
vt 0.542533 1.303066
vt 0.452500 1.307636
vt 0.541961 1.307636
vt 0.452500 1.312295
vt 0.541616 1.312295
vt 0.452500 -0.312295
vt 0.541616 -0.312295
vt 0.452500 -0.307636
vt 0.541961 -0.307636
vt 0.452500 -0.303066
vt 0.542533 -0.303066
vt 0.452500 -0.298631
vt 0.543327 -0.298631
vt 0.452500 -0.294373
vt 0.544334 -0.294373
vt 0.452500 -0.290333
vt 0.545545 -0.290333
vt 0.452500 -0.286549
vt 0.546948 -0.286549
vt 0.452500 -0.283059
vt 0.547021 -0.283059
vt 0.547500 -0.285330
s 1
usemtl Cushion
f 667/701/175 665/702/175 658/703/175 662/704/175 700/705/175 703/706/175 701/707/175 702/708/175 704/709/175 707/710/175 706/711/175 705/712/175 716/713/175 708/714/175 710/715/175 709/716/175 715/717/175 712/718/175 711/719/175 714/720/175 713/721/175 661/722/175 657/723/175 678/724/175 679/725/175 676/726/175 677/727/175 680/728/175 674/729/175 675/730/175 673/731/175 681/732/175 670/733/175 671/734/175 672/735/175 669/736/175 668/737/175 666/738/175
f 658/739/176 659/740/176 663/741/176 662/742/176
f 717/705/177 663/704/177 659/703/177 682/702/177 683/701/177 684/738/177 685/737/177 686/736/177 692/735/177 687/734/177 688/733/177 691/732/177 689/731/177 690/743/177 725/744/177 724/714/177 726/713/177 723/712/177 722/711/177 727/710/177 721/709/177 720/708/177 718/707/177 719/706/177
f 725/744/178 690/743/178 693/730/178 696/729/178 695/728/178 694/727/178 699/726/178 698/725/178 697/724/178 660/723/178 664/722/178 731/721/178 732/720/178 733/719/178 734/718/178 729/717/178 730/716/178 728/715/178
f 660/745/179 657/746/179 661/747/179 664/748/179
f 682/749/180 659/750/180 658/751/180 665/752/180
f 700/752/181 662/751/181 663/750/181 717/749/181
f 683/753/182 667/754/182 666/755/182 684/756/182
f 684/756/183 666/755/183 668/757/183 685/758/183
f 685/758/184 668/757/184 669/759/184 686/760/184
f 686/760/185 669/759/185 672/761/185 692/762/185
f 692/762/186 672/761/186 671/763/186 687/764/186
f 687/764/187 671/763/187 670/765/187 688/766/187
f 688/766/188 670/765/188 681/767/188 691/768/188
f 691/768/189 681/767/189 673/769/189 689/770/189
f 693/771/190 690/772/190 689/773/190 673/774/190 675/775/190
f 675/775/191 674/776/191 696/777/191 693/771/191
f 674/776/192 680/778/192 695/779/192 696/777/192
f 680/778/193 677/780/193 694/781/193 695/779/193
f 677/780/194 676/782/194 699/783/194 694/781/194
f 676/782/195 679/784/195 698/785/195 699/783/195
f 679/784/196 678/786/196 697/787/196 698/785/196
f 678/786/197 657/746/197 660/745/197 697/787/197
f 665/752/198 667/754/198 683/753/198 682/749/198
f 664/748/199 661/747/199 713/788/199 731/789/199
f 713/788/200 714/790/200 732/791/200 731/789/200
f 714/790/201 711/792/201 733/793/201 732/791/201
f 711/792/202 712/794/202 734/795/202 733/793/202
f 712/794/203 715/796/203 729/797/203 734/795/203
f 715/796/204 709/798/204 730/799/204 729/797/204
f 709/798/205 710/800/205 728/801/205 730/799/205
f 710/800/206 708/802/206 724/803/206 725/804/206 728/801/206
f 708/769/207 716/767/207 726/768/207 724/770/207
f 716/767/208 705/765/208 723/766/208 726/768/208
f 705/765/209 706/763/209 722/764/209 723/766/209
f 706/763/210 707/761/210 727/762/210 722/764/210
f 707/761/211 704/759/211 721/760/211 727/762/211
f 704/759/212 702/757/212 720/758/212 721/760/212
f 702/757/213 701/755/213 718/756/213 720/758/213
f 701/755/214 703/754/214 719/753/214 718/756/214
f 719/753/215 703/754/215 700/752/215 717/749/215
o Cushion_Right
v 1.784500 -0.055000 0.817000
v 1.839500 -0.055000 0.767000
v 1.839500 0.030000 0.767000
v 1.784500 0.034000 0.817000
v 1.784500 -0.055000 -0.817000
v 1.839500 -0.055000 -0.767000
v 1.839500 0.030000 -0.767000
v 1.784500 0.034000 -0.817000
v 1.784731 -0.055000 0.812295
v 1.786567 -0.055000 0.803066
v 1.785422 -0.055000 0.807636
v 1.790168 -0.055000 0.794373
v 1.798559 -0.055000 0.783059
v 1.795395 -0.055000 0.786549
v 1.792589 -0.055000 0.790333
v 1.788154 -0.055000 0.798631
v 1.805833 -0.055000 0.777089
v 1.814131 -0.055000 0.772654
v 1.809873 -0.055000 0.774668
v 1.827795 -0.055000 0.769231
v 1.823136 -0.055000 0.769922
v 1.837054 -0.055000 0.769224
v 1.832500 -0.055000 0.769000
v 1.818566 -0.055000 0.771067
v 1.802049 -0.055000 0.779895
v 1.798559 0.039521 0.783059
v 1.796500 0.040000 0.785330
v 1.809873 0.036890 0.774668
v 1.805833 0.037830 0.777089
v 1.802049 0.038709 0.779895
v 1.823136 0.033806 0.769922
v 1.818566 0.034868 0.771067
v 1.837054 0.030569 0.769224
v 1.832500 0.031628 0.769000
v 1.827795 0.032722 0.769231
v 1.814131 0.035900 0.772654
v 1.784731 0.034116 0.812295
v 1.785422 0.034461 0.807636
v 1.786567 0.035033 0.803066
v 1.795395 0.039448 0.786549
v 1.792589 0.038045 0.790333
v 1.788154 0.035827 0.798631
v 1.790168 0.036834 0.794373
v 1.784731 -0.055000 -0.812295
v 1.786567 -0.055000 -0.803066
v 1.785422 -0.055000 -0.807636
v 1.790168 -0.055000 -0.794373
v 1.798559 -0.055000 -0.783059
v 1.795395 -0.055000 -0.786549
v 1.792589 -0.055000 -0.790333
v 1.788154 -0.055000 -0.798631
v 1.805833 -0.055000 -0.777089
v 1.814131 -0.055000 -0.772654
v 1.809873 -0.055000 -0.774668
v 1.827795 -0.055000 -0.769231
v 1.823136 -0.055000 -0.769922
v 1.832500 -0.055000 -0.769000
v 1.837054 -0.055000 -0.769224
v 1.802049 -0.055000 -0.779895
v 1.818566 -0.055000 -0.771067
v 1.798559 0.039521 -0.783059
v 1.802049 0.038709 -0.779895
v 1.805833 0.037830 -0.777089
v 1.809873 0.036890 -0.774668
v 1.818566 0.034868 -0.771067
v 1.823136 0.033806 -0.769922
v 1.832500 0.031628 -0.769000
v 1.837054 0.030569 -0.769224
v 1.827795 0.032722 -0.769231
v 1.814131 0.035900 -0.772654
v 1.796500 0.040000 -0.785330
v 1.784731 0.034116 -0.812295
v 1.786567 0.035033 -0.803066
v 1.785422 0.034461 -0.807636
v 1.795395 0.039448 -0.786549
v 1.792589 0.038045 -0.790333
v 1.790168 0.036834 -0.794373
v 1.788154 0.035827 -0.798631
vn -0.0000 -1.0000 -0.0000
vn 1.0000 -0.0000 -0.0000
vn 0.2265 0.9740 -0.0000
vn -0.4472 0.8944 -0.0000
vn -1.0000 -0.0000 -0.0000
vn 0.6727 -0.0000 0.7399
vn 0.6727 -0.0000 -0.7399
vn -0.0491 -0.0000 0.9988
vn 0.9988 -0.0000 0.0490
vn 0.9892 -0.0000 0.1467
vn 0.9700 -0.0000 0.2430
vn 0.9415 -0.0000 0.3369
vn 0.9040 -0.0000 0.4276
vn 0.8578 -0.0000 0.5140
vn 0.8032 -0.0000 0.5957
vn 0.7409 -0.0000 0.6716
vn 0.6717 -0.0000 0.7409
vn 0.5956 -0.0000 0.8033
vn 0.5140 -0.0000 0.8578
vn 0.4276 -0.0000 0.9040
vn 0.3369 -0.0000 0.9415
vn 0.2430 -0.0000 0.9700
vn 0.1467 -0.0000 0.9892
vn 0.0490 -0.0000 0.9988
vn -0.0491 -0.0000 -0.9988
vn 0.0490 -0.0000 -0.9988
vn 0.1467 -0.0000 -0.9892
vn 0.2430 -0.0000 -0.9700
vn 0.3369 -0.0000 -0.9415
vn 0.4276 -0.0000 -0.9040
vn 0.5140 -0.0000 -0.8578
vn 0.5956 -0.0000 -0.8033
vn 0.6717 -0.0000 -0.7409
vn 0.7409 -0.0000 -0.6716
vn 0.8032 -0.0000 -0.5957
vn 0.8578 -0.0000 -0.5140
vn 0.9040 -0.0000 -0.4276
vn 0.9415 -0.0000 -0.3369
vn 0.9700 -0.0000 -0.2430
vn 0.9892 -0.0000 -0.1467
vn 0.9988 -0.0000 -0.0490
vt 0.527500 -0.267000
vt 0.527500 1.267000
vt 0.525054 1.269224
vt 0.520500 1.269000
vt 0.515795 1.269231
vt 0.511136 1.269922
vt 0.506566 1.271067
vt 0.502131 1.272654
vt 0.497873 1.274668
vt 0.493833 1.277089
vt 0.490049 1.279895
vt 0.486559 1.283059
vt 0.483395 1.286549
vt 0.480589 1.290333
vt 0.478168 1.294373
vt 0.476154 1.298631
vt 0.474567 1.303066
vt 0.473422 1.307636
vt 0.472731 1.312295
vt 0.472500 1.317000
vt 0.472500 -0.317000
vt 0.472731 -0.312295
vt 0.473422 -0.307636
vt 0.474567 -0.303066
vt 0.476154 -0.298631
vt 0.478168 -0.294373
vt 0.480589 -0.290333
vt 0.483395 -0.286549
vt 0.486559 -0.283059
vt 0.490049 -0.279895
vt 0.493833 -0.277089
vt 0.497873 -0.274668
vt 0.502131 -0.272654
vt 0.506566 -0.271067
vt 0.511136 -0.269922
vt 0.515795 -0.269231
vt 0.520500 -0.269000
vt 0.525054 -0.269224
vt 0.452500 1.267000
vt 0.452500 -0.267000
vt 0.537500 -0.267000
vt 0.537500 1.267000
vt 0.484500 -0.285330
vt 0.484500 1.285330
vt 0.541500 1.317000
vt 0.541500 -0.317000
vt 0.452500 -0.317000
vt 0.452500 1.317000
vt 0.527500 0.452500
vt 0.527500 0.537500
vt 0.525054 0.538069
vt 0.525054 0.452500
vt 0.520500 0.539128
vt 0.520500 0.452500
vt 0.452500 1.312295
vt 0.541616 1.312295
vt 0.452500 1.307636
vt 0.541961 1.307636
vt 0.452500 1.303066
vt 0.542533 1.303066
vt 0.452500 1.298631
vt 0.543327 1.298631
vt 0.452500 1.294373
vt 0.544334 1.294373
vt 0.452500 1.290333
vt 0.545545 1.290333
vt 0.452500 1.286549
vt 0.546948 1.286549
vt 0.547500 1.285330
vt 0.452500 1.283059
vt 0.547021 1.283059
vt 0.486559 0.547021
vt 0.486559 0.452500
vt 0.490049 0.452500
vt 0.490049 0.546209
vt 0.493833 0.452500
vt 0.493833 0.545330
vt 0.497873 0.452500
vt 0.497873 0.544390
vt 0.502131 0.452500
vt 0.502131 0.543400
vt 0.506566 0.452500
vt 0.506566 0.542368
vt 0.511136 0.452500
vt 0.511136 0.541306
vt 0.515795 0.452500
vt 0.515795 0.540222
vt 0.547500 -0.285330
vt 0.547021 -0.283059
vt 0.452500 -0.283059
vt 0.452500 -0.286549
vt 0.546948 -0.286549
vt 0.452500 -0.290333
vt 0.545545 -0.290333
vt 0.452500 -0.294373
vt 0.544334 -0.294373
vt 0.452500 -0.298631
vt 0.543327 -0.298631
vt 0.452500 -0.303066
vt 0.542533 -0.303066
vt 0.452500 -0.307636
vt 0.541961 -0.307636
vt 0.452500 -0.312295
vt 0.541616 -0.312295
s 1
usemtl Cushion
f 740/805/216 736/806/216 756/807/216 757/808/216 754/809/216 755/810/216 758/811/216 752/812/216 753/813/216 751/814/216 759/815/216 747/816/216 748/817/216 749/818/216 746/819/216 750/820/216 744/821/216 745/822/216 743/823/216 735/824/216 739/825/216 778/826/216 780/827/216 779/828/216 785/829/216 781/830/216 784/831/216 783/832/216 782/833/216 793/834/216 786/835/216 788/836/216 787/837/216 794/838/216 790/839/216 789/840/216 791/841/216 792/842/216
f 736/843/217 740/844/217 741/845/217 737/846/217
f 768/808/218 767/807/218 737/806/218 741/805/218 802/842/218 801/841/218 803/840/218 800/839/218 799/838/218 804/837/218 798/836/218 797/835/218 796/834/218 795/833/218 805/847/218 761/848/218 760/816/218 764/815/218 763/814/218 762/813/218 770/812/218 766/811/218 765/810/218 769/809/218
f 742/825/219 738/824/219 771/823/219 772/822/219 773/821/219 776/820/219 777/819/219 775/818/219 774/817/219 761/848/219 805/847/219 809/832/219 810/831/219 811/830/219 812/829/219 807/828/219 808/827/219 806/826/219
f 738/849/220 742/850/220 739/851/220 735/852/220
f 736/853/221 737/854/221 767/855/221 756/856/221
f 741/854/222 740/853/222 792/856/222 802/855/222
f 767/855/223 768/857/223 757/858/223 756/856/223
f 743/859/224 771/860/224 738/849/224 735/852/224
f 771/860/225 743/859/225 745/861/225 772/862/225
f 772/862/226 745/861/226 744/863/226 773/864/226
f 773/864/227 744/863/227 750/865/227 776/866/227
f 776/866/228 750/865/228 746/867/228 777/868/228
f 777/868/229 746/867/229 749/869/229 775/870/229
f 775/870/230 749/869/230 748/871/230 774/872/230
f 761/873/231 774/872/231 748/871/231 747/874/231 760/875/231
f 760/876/232 747/877/232 759/878/232 764/879/232
f 764/879/233 759/878/233 751/880/233 763/881/233
f 763/881/234 751/880/234 753/882/234 762/883/234
f 762/883/235 753/882/235 752/884/235 770/885/235
f 770/885/236 752/884/236 758/886/236 766/887/236
f 766/887/237 758/886/237 755/888/237 765/889/237
f 765/889/238 755/888/238 754/890/238 769/891/238
f 769/891/239 754/890/239 757/858/239 768/857/239
f 792/856/240 791/858/240 801/857/240 802/855/240
f 791/858/241 789/890/241 803/891/241 801/857/241
f 789/890/242 790/888/242 800/889/242 803/891/242
f 790/888/243 794/886/243 799/887/243 800/889/243
f 794/886/244 787/884/244 804/885/244 799/887/244
f 787/884/245 788/882/245 798/883/245 804/885/245
f 788/882/246 786/880/246 797/881/246 798/883/246
f 786/880/247 793/878/247 796/879/247 797/881/247
f 793/878/248 782/877/248 795/876/248 796/879/248
f 805/892/249 795/893/249 782/894/249 783/895/249 809/896/249
f 809/896/250 783/895/250 784/897/250 810/898/250
f 810/898/251 784/897/251 781/899/251 811/900/251
f 811/900/252 781/899/252 785/901/252 812/902/252
f 812/902/253 785/901/253 779/903/253 807/904/253
f 807/904/254 779/903/254 780/905/254 808/906/254
f 808/906/255 780/905/255 778/907/255 806/908/255
f 806/908/256 778/907/256 739/851/256 742/850/256
o Cushion_TopA
v 0.056000 -0.055000 -0.889000
v 0.106000 -0.055000 -0.944000
v 0.106000 0.030000 -0.944000
v 0.056000 0.034000 -0.889000
v 1.712500 -0.055000 -0.889000
v 1.662500 -0.055000 -0.944000
v 1.662500 0.030000 -0.944000
v 1.712500 0.034000 -0.889000
v 0.058548 -0.055000 -0.889125
v 0.063547 -0.055000 -0.890120
v 0.061072 -0.055000 -0.889500
v 0.068256 -0.055000 -0.892070
v 0.074385 -0.055000 -0.896615
v 0.072494 -0.055000 -0.894902
v 0.070445 -0.055000 -0.893382
v 0.065950 -0.055000 -0.890979
v 0.077618 -0.055000 -0.900555
v 0.080021 -0.055000 -0.905050
v 0.078930 -0.055000 -0.902744
v 0.081500 -0.055000 -0.909928
v 0.082000 -0.055000 -0.915000
v 0.081875 -0.055000 -0.912452
v 0.081879 -0.055000 -0.917467
v 0.076098 -0.055000 -0.898506
v 0.080880 -0.055000 -0.907453
v 0.077885 0.040000 -0.901000
v 0.078930 0.039594 -0.902744
v 0.080021 0.039058 -0.905050
v 0.080880 0.038499 -0.907453
v 0.082000 0.036744 -0.915000
v 0.081500 0.037924 -0.909928
v 0.081875 0.037337 -0.912452
v 0.081879 0.036171 -0.917467
v 0.068256 0.035535 -0.892070
v 0.065950 0.034990 -0.890979
v 0.063547 0.034560 -0.890120
v 0.061072 0.034250 -0.889500
v 0.058548 0.034063 -0.889125
v 0.077618 0.039778 -0.900555
v 0.076098 0.038753 -0.898506
v 0.070445 0.036191 -0.893382
v 0.072494 0.036951 -0.894902
v 0.074385 0.037808 -0.896615
v 1.664500 -0.055000 -0.937000
v 1.664731 -0.055000 -0.932295
v 1.665422 -0.055000 -0.927636
v 1.664724 -0.055000 -0.941554
v 1.666567 -0.055000 -0.923066
v 1.672589 -0.055000 -0.910333
v 1.670168 -0.055000 -0.914373
v 1.668154 -0.055000 -0.918631
v 1.678559 -0.055000 -0.903059
v 1.685833 -0.055000 -0.897089
v 1.682049 -0.055000 -0.899895
v 1.698566 -0.055000 -0.891067
v 1.694131 -0.055000 -0.892654
v 1.707795 -0.055000 -0.889231
v 1.703136 -0.055000 -0.889922
v 1.689873 -0.055000 -0.894668
v 1.675395 -0.055000 -0.906549
v 1.664500 0.031628 -0.937000
v 1.664724 0.030569 -0.941554
v 1.666567 0.034868 -0.923066
v 1.665422 0.033806 -0.927636
v 1.664731 0.032722 -0.932295
v 1.672589 0.037830 -0.910333
v 1.670168 0.036890 -0.914373
v 1.680830 0.040000 -0.901000
v 1.678559 0.039521 -0.903059
v 1.675395 0.038710 -0.906549
v 1.668154 0.035900 -0.918631
v 1.682049 0.039448 -0.899895
v 1.694131 0.035827 -0.892654
v 1.689873 0.036834 -0.894668
v 1.685833 0.038045 -0.897089
v 1.698566 0.035033 -0.891067
v 1.703136 0.034461 -0.889922
v 1.707795 0.034116 -0.889231
vn -0.0000 -1.0000 -0.0000
vn -0.0000 -0.0000 -1.0000
vn -0.0000 0.9740 -0.2265
vn -0.0000 0.8944 0.4472
vn -0.0000 -0.0000 1.0000
vn -0.7399 -0.0000 -0.6727
vn 0.7399 -0.0000 -0.6727
vn -0.9988 -0.0000 0.0490
vn -0.9988 -0.0000 -0.0490
vn -0.9892 -0.0000 -0.1466
vn -0.9700 -0.0000 -0.2430
vn -0.9415 -0.0000 -0.3369
vn -0.9039 -0.0000 -0.4277
vn -0.8577 -0.0000 -0.5141
vn -0.8031 -0.0000 -0.5958
vn -0.7411 -0.0000 -0.6714
vn -0.6716 -0.0000 -0.7409
vn -0.5958 -0.0000 -0.8032
vn -0.5141 -0.0000 -0.8577
vn -0.4276 -0.0000 -0.9039
vn -0.3371 -0.0000 -0.9415
vn -0.2430 -0.0000 -0.9700
vn -0.1469 -0.0000 -0.9891
vn -0.0490 -0.0000 -0.9988
vn 0.0490 -0.0000 -0.9988
vn 0.1467 -0.0000 -0.9892
vn 0.2430 -0.0000 -0.9700
vn 0.3369 -0.0000 -0.9415
vn 0.4276 -0.0000 -0.9040
vn 0.5140 -0.0000 -0.8578
vn 0.5957 -0.0000 -0.8032
vn 0.6716 -0.0000 -0.7409
vn 0.7409 -0.0000 -0.6716
vn 0.8032 -0.0000 -0.5957
vn 0.8578 -0.0000 -0.5140
vn 0.9040 -0.0000 -0.4276
vn 0.9415 -0.0000 -0.3369
vn 0.9700 -0.0000 -0.2430
vn 0.9892 -0.0000 -0.1467
vn 0.9988 -0.0000 -0.0490
vn 0.9988 -0.0000 0.0491
vt -0.302250 0.501500
vt -0.302371 0.499033
vt -0.278250 0.472500
vt 1.278250 0.472500
vt 1.280474 0.474946
vt 1.280250 0.479500
vt 1.280481 0.484205
vt 1.281172 0.488864
vt 1.282317 0.493434
vt 1.283904 0.497869
vt 1.285918 0.502127
vt 1.288339 0.506167
vt 1.291145 0.509951
vt 1.294309 0.513441
vt 1.297799 0.516605
vt 1.301583 0.519411
vt 1.305623 0.521832
vt 1.309881 0.523846
vt 1.314316 0.525433
vt 1.318886 0.526578
vt 1.323545 0.527269
vt 1.328250 0.527500
vt -0.328250 0.527500
vt -0.325702 0.527375
vt -0.323178 0.527000
vt -0.320703 0.526380
vt -0.318300 0.525521
vt -0.315994 0.524430
vt -0.313805 0.523118
vt -0.311756 0.521598
vt -0.309865 0.519885
vt -0.308152 0.517994
vt -0.306632 0.515945
vt -0.305320 0.513756
vt -0.304229 0.511450
vt -0.303370 0.509047
vt -0.302750 0.506572
vt -0.302375 0.504048
vt -0.278250 0.452500
vt -0.278250 0.537500
vt 1.278250 0.537500
vt 1.278250 0.452500
vt -0.306365 0.515500
vt 1.296580 0.515500
vt -0.328250 0.541500
vt -0.328250 0.452500
vt 1.328250 0.452500
vt 1.328250 0.541500
vt 0.537500 0.472500
vt 0.452500 0.472500
vt 0.452500 0.499033
vt 0.543671 0.499033
vt 0.538069 0.474946
vt 0.452500 0.474946
vt 0.452500 0.501500
vt 0.544244 0.501500
vt 0.452500 0.504048
vt 0.544837 0.504048
vt 0.452500 0.506572
vt 0.545424 0.506572
vt 0.452500 0.509047
vt 0.545999 0.509047
vt 0.452500 0.511450
vt 0.546558 0.511450
vt 0.452500 0.513756
vt 0.547094 0.513756
vt 0.547278 0.515945
vt 0.547500 0.515500
vt 0.452500 0.515945
vt 0.452500 0.517994
vt 0.546253 0.517994
vt 0.452500 0.519885
vt 0.545308 0.519885
vt -0.309865 0.452500
vt -0.311756 0.452500
vt -0.311756 0.544451
vt -0.309865 0.545308
vt -0.313805 0.452500
vt -0.313805 0.543691
vt -0.315994 0.452500
vt -0.315994 0.543035
vt -0.318300 0.452500
vt -0.318300 0.542490
vt -0.320703 0.452500
vt -0.320703 0.542060
vt -0.323178 0.452500
vt -0.323178 0.541750
vt -0.325702 0.452500
vt -0.325702 0.541563
vt 1.323545 0.452500
vt 1.323545 0.541616
vt 1.318886 0.452500
vt 1.318886 0.541961
vt 1.314316 0.452500
vt 1.314316 0.542533
vt 1.309881 0.452500
vt 1.309881 0.543327
vt 1.305623 0.452500
vt 1.305623 0.544334
vt 1.301583 0.452500
vt 1.301583 0.545545
vt 1.297799 0.452500
vt 1.297799 0.546948
vt 1.294309 0.452500
vt 1.294309 0.547021
vt 1.296580 0.547500
vt 0.547021 0.513441
vt 0.452500 0.513441
vt 0.452500 0.509951
vt 0.546210 0.509951
vt 0.452500 0.506167
vt 0.545330 0.506167
vt 0.452500 0.502127
vt 0.544390 0.502127
vt 0.452500 0.497869
vt 0.543400 0.497869
vt 0.452500 0.493434
vt 0.542368 0.493434
vt 0.452500 0.488864
vt 0.541306 0.488864
vt 0.452500 0.484205
vt 0.540222 0.484205
vt 0.452500 0.479500
vt 0.539128 0.479500
s 1
usemtl Cushion
f 833/909/257 835/910/257 814/911/257 818/912/257 859/913/257 856/914/257 857/915/257 858/916/257 860/917/257 863/918/257 862/919/257 861/920/257 872/921/257 864/922/257 866/923/257 865/924/257 871/925/257 868/926/257 867/927/257 870/928/257 869/929/257 817/930/257 813/931/257 821/932/257 823/933/257 822/934/257 828/935/257 824/936/257 827/937/257 826/938/257 825/939/257 836/940/257 829/941/257 831/942/257 830/943/257 837/944/257 832/945/257 834/946/257
f 814/947/258 815/948/258 819/949/258 818/950/258
f 874/913/259 819/912/259 815/911/259 845/910/259 842/909/259 844/946/259 843/945/259 841/944/259 840/943/259 839/942/259 838/951/259 880/952/259 881/922/259 882/921/259 878/920/259 879/919/259 883/918/259 875/917/259 876/916/259 877/915/259 873/914/259
f 838/951/260 851/941/260 852/940/260 855/939/260 854/938/260 853/937/260 846/936/260 847/935/260 848/934/260 849/933/260 850/932/260 816/931/260 820/930/260 890/929/260 889/928/260 888/927/260 885/926/260 886/925/260 887/924/260 884/923/260 880/952/260
f 816/953/261 813/954/261 817/955/261 820/956/261
f 815/957/262 814/958/262 835/959/262 845/960/262
f 818/958/263 819/957/263 874/961/263 859/962/263
f 833/963/264 842/964/264 845/960/264 835/959/264
f 833/963/265 834/965/265 844/966/265 842/964/265
f 834/965/266 832/967/266 843/968/266 844/966/266
f 832/967/267 837/969/267 841/970/267 843/968/267
f 837/969/268 830/971/268 840/972/268 841/970/268
f 830/971/269 831/973/269 839/974/269 840/972/269
f 851/975/270 838/976/270 839/974/270 831/973/270 829/977/270
f 829/977/271 836/978/271 852/979/271 851/975/271
f 836/978/272 825/980/272 855/981/272 852/979/272
f 825/982/273 826/983/273 854/984/273 855/985/273
f 826/983/274 827/986/274 853/987/274 854/984/274
f 827/986/275 824/988/275 846/989/275 853/987/275
f 824/988/276 828/990/276 847/991/276 846/989/276
f 828/990/277 822/992/277 848/993/277 847/991/277
f 822/992/278 823/994/278 849/995/278 848/993/278
f 823/994/279 821/996/279 850/997/279 849/995/279
f 816/953/280 850/997/280 821/996/280 813/954/280
f 820/956/281 817/955/281 869/998/281 890/999/281
f 869/998/282 870/1000/282 889/1001/282 890/999/282
f 870/1000/283 867/1002/283 888/1003/283 889/1001/283
f 867/1002/284 868/1004/284 885/1005/284 888/1003/284
f 868/1004/285 871/1006/285 886/1007/285 885/1005/285
f 871/1006/286 865/1008/286 887/1009/286 886/1007/286
f 865/1008/287 866/1010/287 884/1011/287 887/1009/287
f 866/1010/288 864/1012/288 881/1013/288 880/1014/288 884/1011/288
f 881/1015/289 864/1016/289 872/1017/289 882/1018/289
f 882/1018/290 872/1017/290 861/1019/290 878/1020/290
f 878/1020/291 861/1019/291 862/1021/291 879/1022/291
f 879/1022/292 862/1021/292 863/1023/292 883/1024/292
f 883/1024/293 863/1023/293 860/1025/293 875/1026/293
f 875/1026/294 860/1025/294 858/1027/294 876/1028/294
f 876/1028/295 858/1027/295 857/1029/295 877/1030/295
f 877/1030/296 857/1029/296 856/1031/296 873/1032/296
f 874/961/297 873/1032/297 856/1031/297 859/962/297
o Cushion_TopB
v -1.712500 -0.055000 -0.889000
v -1.662500 -0.055000 -0.944000
v -1.662500 0.030000 -0.944000
v -1.712500 0.034000 -0.889000
v -0.056000 -0.055000 -0.889000
v -0.106000 -0.055000 -0.944000
v -0.106000 0.030000 -0.944000
v -0.056000 0.034000 -0.889000
v -1.707795 -0.055000 -0.889231
v -1.698566 -0.055000 -0.891067
v -1.703136 -0.055000 -0.889922
v -1.689873 -0.055000 -0.894668
v -1.678559 -0.055000 -0.903059
v -1.682049 -0.055000 -0.899895
v -1.685833 -0.055000 -0.897089
v -1.694131 -0.055000 -0.892654
v -1.672589 -0.055000 -0.910333
v -1.668154 -0.055000 -0.918631
v -1.670168 -0.055000 -0.914373
v -1.665422 -0.055000 -0.927636
v -1.664500 -0.055000 -0.937000
v -1.664731 -0.055000 -0.932295
v -1.664724 -0.055000 -0.941554
v -1.675395 -0.055000 -0.906549
v -1.666567 -0.055000 -0.923066
v -1.680830 0.040000 -0.901000
v -1.678559 0.039521 -0.903059
v -1.675395 0.038710 -0.906549
v -1.672589 0.037830 -0.910333
v -1.670168 0.036890 -0.914373
v -1.666567 0.034868 -0.923066
v -1.665422 0.033806 -0.927636
v -1.664500 0.031628 -0.937000
v -1.664724 0.030569 -0.941554
v -1.664731 0.032722 -0.932295
v -1.668154 0.035900 -0.918631
v -1.703136 0.034461 -0.889922
v -1.698566 0.035033 -0.891067
v -1.707795 0.034116 -0.889231
v -1.682049 0.039448 -0.899895
v -1.685833 0.038045 -0.897089
v -1.694131 0.035827 -0.892654
v -1.689873 0.036834 -0.894668
v -0.082000 -0.055000 -0.915000
v -0.081875 -0.055000 -0.912452
v -0.081500 -0.055000 -0.909928
v -0.081879 -0.055000 -0.917467
v -0.080880 -0.055000 -0.907453
v -0.077618 -0.055000 -0.900555
v -0.078930 -0.055000 -0.902744
v -0.080021 -0.055000 -0.905050
v -0.074385 -0.055000 -0.896615
v -0.070445 -0.055000 -0.893382
v -0.072494 -0.055000 -0.894902
v -0.063547 -0.055000 -0.890120
v -0.065950 -0.055000 -0.890979
v -0.058548 -0.055000 -0.889125
v -0.061072 -0.055000 -0.889500
v -0.068256 -0.055000 -0.892070
v -0.076098 -0.055000 -0.898506
v -0.082000 0.036744 -0.915000
v -0.081500 0.037924 -0.909928
v -0.081875 0.037337 -0.912452
v -0.081879 0.036171 -0.917467
v -0.077885 0.040000 -0.901000
v -0.078930 0.039594 -0.902744
v -0.080021 0.039058 -0.905050
v -0.080880 0.038499 -0.907453
v -0.077618 0.039778 -0.900555
v -0.076098 0.038753 -0.898506
v -0.070445 0.036191 -0.893382
v -0.072494 0.036951 -0.894902
v -0.074385 0.037808 -0.896615
v -0.068256 0.035535 -0.892070
v -0.065950 0.034990 -0.890979
v -0.063547 0.034560 -0.890120
v -0.061072 0.034250 -0.889500
v -0.058548 0.034063 -0.889125
vn -0.0000 -1.0000 -0.0000
vn -0.0000 -0.0000 -1.0000
vn -0.0000 0.9740 -0.2265
vn -0.0000 0.8944 0.4472
vn -0.0000 -0.0000 1.0000
vn -0.7399 -0.0000 -0.6727
vn 0.7399 -0.0000 -0.6727
vn -0.9988 -0.0000 0.0491
vn -0.9988 -0.0000 -0.0490
vn -0.9892 -0.0000 -0.1467
vn -0.9700 -0.0000 -0.2430
vn -0.9415 -0.0000 -0.3369
vn -0.9040 -0.0000 -0.4276
vn -0.8578 -0.0000 -0.5140
vn -0.8032 -0.0000 -0.5957
vn -0.7409 -0.0000 -0.6716
vn -0.6716 -0.0000 -0.7409
vn -0.5957 -0.0000 -0.8032
vn -0.5140 -0.0000 -0.8578
vn -0.4276 -0.0000 -0.9040
vn -0.3369 -0.0000 -0.9415
vn -0.2430 -0.0000 -0.9700
vn -0.1467 -0.0000 -0.9892
vn -0.0490 -0.0000 -0.9988
vn 0.0490 -0.0000 -0.9988
vn 0.1469 -0.0000 -0.9891
vn 0.2430 -0.0000 -0.9700
vn 0.3371 -0.0000 -0.9415
vn 0.4276 -0.0000 -0.9039
vn 0.5141 -0.0000 -0.8577
vn 0.5958 -0.0000 -0.8032
vn 0.6716 -0.0000 -0.7409
vn 0.7408 -0.0000 -0.6717
vn 0.8031 -0.0000 -0.5958
vn 0.8577 -0.0000 -0.5141
vn 0.9039 -0.0000 -0.4277
vn 0.9415 -0.0000 -0.3369
vn 0.9700 -0.0000 -0.2430
vn 0.9891 -0.0000 -0.1470
vn 0.9988 -0.0000 -0.0493
vn 0.9988 -0.0000 0.0490
vt -0.280250 0.479500
vt -0.280474 0.474946
vt -0.278250 0.472500
vt 1.278250 0.472500
vt 1.302371 0.499033
vt 1.302250 0.501500
vt 1.302375 0.504048
vt 1.302750 0.506572
vt 1.303370 0.509047
vt 1.304229 0.511450
vt 1.305320 0.513756
vt 1.306632 0.515945
vt 1.308152 0.517994
vt 1.309865 0.519885
vt 1.311756 0.521598
vt 1.313805 0.523118
vt 1.315994 0.524430
vt 1.318300 0.525521
vt 1.320703 0.526380
vt 1.323178 0.527000
vt 1.325702 0.527375
vt 1.328250 0.527500
vt -0.328250 0.527500
vt -0.323545 0.527269
vt -0.318886 0.526578
vt -0.314316 0.525433
vt -0.309881 0.523846
vt -0.305623 0.521832
vt -0.301583 0.519411
vt -0.297799 0.516605
vt -0.294309 0.513441
vt -0.291145 0.509951
vt -0.288339 0.506167
vt -0.285918 0.502127
vt -0.283904 0.497869
vt -0.282317 0.493434
vt -0.281172 0.488864
vt -0.280481 0.484205
vt -0.278250 0.452500
vt -0.278250 0.537500
vt 1.278250 0.537500
vt 1.278250 0.452500
vt -0.296580 0.515500
vt 1.306365 0.515500
vt -0.328250 0.541500
vt -0.328250 0.452500
vt 1.328250 0.452500
vt 1.328250 0.541500
vt 0.537500 0.472500
vt 0.452500 0.472500
vt 0.452500 0.474946
vt 0.538069 0.474946
vt 0.543671 0.499033
vt 0.452500 0.499033
vt 0.452500 0.479500
vt 0.539128 0.479500
vt 0.452500 0.484205
vt 0.540222 0.484205
vt 0.452500 0.488864
vt 0.541306 0.488864
vt 0.452500 0.493434
vt 0.542368 0.493434
vt 0.452500 0.497869
vt 0.543400 0.497869
vt 0.452500 0.502127
vt 0.544390 0.502127
vt 0.452500 0.506167
vt 0.545330 0.506167
vt 0.452500 0.509951
vt 0.546210 0.509951
vt 0.452500 0.513441
vt 0.547021 0.513441
vt -0.297799 0.546948
vt -0.296580 0.547500
vt -0.294309 0.547021
vt -0.294309 0.452500
vt -0.297799 0.452500
vt -0.301583 0.452500
vt -0.301583 0.545545
vt -0.305623 0.452500
vt -0.305623 0.544334
vt -0.309881 0.452500
vt -0.309881 0.543327
vt -0.314316 0.452500
vt -0.314316 0.542533
vt -0.318886 0.452500
vt -0.318886 0.541961
vt -0.323545 0.452500
vt -0.323545 0.541616
vt 1.325702 0.452500
vt 1.325702 0.541563
vt 1.323178 0.452500
vt 1.323178 0.541750
vt 1.320703 0.452500
vt 1.320703 0.542060
vt 1.318300 0.452500
vt 1.318300 0.542490
vt 1.315994 0.452500
vt 1.315994 0.543035
vt 1.313805 0.452500
vt 1.313805 0.543691
vt 1.311756 0.452500
vt 1.311756 0.544451
vt 1.309865 0.452500
vt 1.309865 0.545308
vt 0.545308 0.519885
vt 0.452500 0.519885
vt 0.452500 0.517994
vt 0.546253 0.517994
vt 0.452500 0.515945
vt 0.547278 0.515945
vt 0.452500 0.513756
vt 0.547094 0.513756
vt 0.547500 0.515500
vt 0.452500 0.511450
vt 0.546558 0.511450
vt 0.452500 0.509047
vt 0.545999 0.509047
vt 0.452500 0.506572
vt 0.545424 0.506572
vt 0.452500 0.504048
vt 0.544837 0.504048
vt 0.452500 0.501500
vt 0.544244 0.501500
s 1
usemtl Cushion
f 911/1033/298 913/1034/298 892/1035/298 896/1036/298 937/1037/298 934/1038/298 935/1039/298 936/1040/298 938/1041/298 941/1042/298 940/1043/298 939/1044/298 950/1045/298 942/1046/298 944/1047/298 943/1048/298 949/1049/298 946/1050/298 945/1051/298 948/1052/298 947/1053/298 895/1054/298 891/1055/298 899/1056/298 901/1057/298 900/1058/298 906/1059/298 902/1060/298 905/1061/298 904/1062/298 903/1063/298 914/1064/298 907/1065/298 909/1066/298 908/1067/298 915/1068/298 910/1069/298 912/1070/298
f 892/1071/299 893/1072/299 897/1073/299 896/1074/299
f 954/1037/300 897/1036/300 893/1035/300 924/1034/300 923/1033/300 925/1070/300 922/1069/300 921/1068/300 926/1067/300 920/1066/300 919/1065/300 918/1064/300 917/1063/300 916/1075/300 955/1076/300 956/1043/300 957/1042/300 958/1041/300 952/1040/300 953/1039/300 951/1038/300
f 955/1076/301 916/1075/301 930/1062/301 931/1061/301 933/1060/301 932/1059/301 928/1058/301 927/1057/301 929/1056/301 894/1055/301 898/1054/301 968/1053/301 967/1052/301 966/1051/301 965/1050/301 964/1049/301 961/1048/301 962/1047/301 963/1046/301 960/1045/301 959/1044/301
f 894/1077/302 891/1078/302 895/1079/302 898/1080/302
f 893/1081/303 892/1082/303 913/1083/303 924/1084/303
f 896/1082/304 897/1081/304 954/1085/304 937/1086/304
f 911/1087/305 923/1088/305 924/1084/305 913/1083/305
f 911/1087/306 912/1089/306 925/1090/306 923/1088/306
f 912/1089/307 910/1091/307 922/1092/307 925/1090/307
f 910/1091/308 915/1093/308 921/1094/308 922/1092/308
f 915/1093/309 908/1095/309 926/1096/309 921/1094/309
f 908/1095/310 909/1097/310 920/1098/310 926/1096/310
f 909/1097/311 907/1099/311 919/1100/311 920/1098/311
f 907/1099/312 914/1101/312 918/1102/312 919/1100/312
f 914/1101/313 903/1103/313 917/1104/313 918/1102/313
f 930/1105/314 916/1106/314 917/1107/314 903/1108/314 904/1109/314
f 904/1109/315 905/1110/315 931/1111/315 930/1105/315
f 905/1110/316 902/1112/316 933/1113/316 931/1111/316
f 902/1112/317 906/1114/317 932/1115/317 933/1113/317
f 906/1114/318 900/1116/318 928/1117/318 932/1115/318
f 900/1116/319 901/1118/319 927/1119/319 928/1117/319
f 901/1118/320 899/1120/320 929/1121/320 927/1119/320
f 899/1120/321 891/1078/321 894/1077/321 929/1121/321
f 898/1080/322 895/1079/322 947/1122/322 968/1123/322
f 947/1122/323 948/1124/323 967/1125/323 968/1123/323
f 948/1124/324 945/1126/324 966/1127/324 967/1125/324
f 945/1126/325 946/1128/325 965/1129/325 966/1127/325
f 946/1128/326 949/1130/326 964/1131/326 965/1129/326
f 949/1130/327 943/1132/327 961/1133/327 964/1131/327
f 943/1132/328 944/1134/328 962/1135/328 961/1133/328
f 944/1134/329 942/1136/329 963/1137/329 962/1135/329
f 963/1138/330 942/1139/330 950/1140/330 960/1141/330
f 960/1141/331 950/1140/331 939/1142/331 959/1143/331
f 959/1143/332 939/1142/332 940/1144/332 956/1145/332 955/1146/332
f 956/1145/333 940/1144/333 941/1147/333 957/1148/333
f 957/1148/334 941/1147/334 938/1149/334 958/1150/334
f 958/1150/335 938/1149/335 936/1151/335 952/1152/335
f 952/1152/336 936/1151/336 935/1153/336 953/1154/336
f 953/1154/337 935/1153/337 934/1155/337 951/1156/337
f 954/1085/338 951/1156/338 934/1155/338 937/1086/338
o DArc
v -1.047500 0.000800 -0.288500
v -1.047500 0.000800 -0.295500
v -1.068081 0.000800 -0.287765
v -1.068581 0.000800 -0.294747
v -1.088558 0.000800 -0.285563
v -1.089554 0.000800 -0.292492
v -1.108825 0.000800 -0.281907
v -1.110313 0.000800 -0.288747
v -1.128780 0.000800 -0.276814
v -1.130752 0.000800 -0.283530
v -1.148320 0.000800 -0.270310
v -1.150767 0.000800 -0.276869
v -1.167347 0.000800 -0.262429
v -1.170255 0.000800 -0.268796
v -1.185763 0.000800 -0.253210
v -1.189118 0.000800 -0.259354
v -1.203475 0.000800 -0.242702
v -1.207259 0.000800 -0.248590
v -1.220392 0.000800 -0.230956
v -1.224587 0.000800 -0.236560
v -1.236427 0.000800 -0.218034
v -1.241011 0.000800 -0.223324
v -1.251500 0.000800 -0.204000
v -1.256450 0.000800 -0.208950
v -1.265534 0.000800 -0.188927
v -1.270824 0.000800 -0.193511
v -1.278456 0.000800 -0.172892
v -1.284060 0.000800 -0.177087
v -1.290202 0.000800 -0.155975
v -1.296090 0.000800 -0.159759
v -1.300710 0.000800 -0.138263
v -1.306854 0.000800 -0.141618
v -1.309929 0.000800 -0.119847
v -1.316296 0.000800 -0.122755
v -1.317810 0.000800 -0.100820
v -1.324369 0.000800 -0.103267
v -1.324314 0.000800 -0.081280
v -1.331030 0.000800 -0.083252
v -1.329407 0.000800 -0.061325
v -1.336247 0.000800 -0.062813
v -1.333063 0.000800 -0.041058
v -1.339992 0.000800 -0.042054
v -1.335265 0.000800 -0.020581
v -1.342247 0.000800 -0.021081
v -1.336000 0.000800 -0.000000
v -1.343000 0.000800 -0.000000
v -1.335265 0.000800 0.020581
v -1.342247 0.000800 0.021081
v -1.333063 0.000800 0.041058
v -1.339992 0.000800 0.042054
v -1.329407 0.000800 0.061325
v -1.336247 0.000800 0.062813
v -1.324314 0.000800 0.081280
v -1.331030 0.000800 0.083252
v -1.317810 0.000800 0.100820
v -1.324369 0.000800 0.103267
v -1.309929 0.000800 0.119847
v -1.316296 0.000800 0.122755
v -1.300710 0.000800 0.138263
v -1.306854 0.000800 0.141618
v -1.290202 0.000800 0.155975
v -1.296090 0.000800 0.159759
v -1.278456 0.000800 0.172892
v -1.284060 0.000800 0.177087
v -1.265534 0.000800 0.188927
v -1.270824 0.000800 0.193511
v -1.251500 0.000800 0.204000
v -1.256450 0.000800 0.208950
v -1.236427 0.000800 0.218034
v -1.241011 0.000800 0.223324
v -1.220392 0.000800 0.230956
v -1.224587 0.000800 0.236560
v -1.203475 0.000800 0.242702
v -1.207259 0.000800 0.248590
v -1.185763 0.000800 0.253210
v -1.189118 0.000800 0.259354
v -1.167347 0.000800 0.262429
v -1.170255 0.000800 0.268796
v -1.148320 0.000800 0.270310
v -1.150767 0.000800 0.276869
v -1.128780 0.000800 0.276814
v -1.130752 0.000800 0.283530
v -1.108825 0.000800 0.281907
v -1.110313 0.000800 0.288747
v -1.088558 0.000800 0.285563
v -1.089554 0.000800 0.292492
v -1.068081 0.000800 0.287765
v -1.068581 0.000800 0.294747
v -1.047500 0.000800 0.288500
v -1.047500 0.000800 0.295500
vn -0.0000 1.0000 -0.0000
s 1
usemtl Mark
f 969//339 970//339 972//339 971//339
f 971//339 972//339 974//339 973//339
f 973//339 974//339 976//339 975//339
f 975//339 976//339 978//339 977//339
f 977//339 978//339 980//339 979//339
f 979//339 980//339 982//339 981//339
f 981//339 982//339 984//339 983//339
f 983//339 984//339 986//339 985//339
f 985//339 986//339 988//339 987//339
f 987//339 988//339 990//339 989//339
f 989//339 990//339 992//339 991//339
f 991//339 992//339 994//339 993//339
f 993//339 994//339 996//339 995//339
f 995//339 996//339 998//339 997//339
f 997//339 998//339 1000//339 999//339
f 999//339 1000//339 1002//339 1001//339
f 1001//339 1002//339 1004//339 1003//339
f 1003//339 1004//339 1006//339 1005//339
f 1005//339 1006//339 1008//339 1007//339
f 1007//339 1008//339 1010//339 1009//339
f 1009//339 1010//339 1012//339 1011//339
f 1011//339 1012//339 1014//339 1013//339
f 1013//339 1014//339 1016//339 1015//339
f 1015//339 1016//339 1018//339 1017//339
f 1017//339 1018//339 1020//339 1019//339
f 1019//339 1020//339 1022//339 1021//339
f 1021//339 1022//339 1024//339 1023//339
f 1023//339 1024//339 1026//339 1025//339
f 1025//339 1026//339 1028//339 1027//339
f 1027//339 1028//339 1030//339 1029//339
f 1029//339 1030//339 1032//339 1031//339
f 1031//339 1032//339 1034//339 1033//339
f 1033//339 1034//339 1036//339 1035//339
f 1035//339 1036//339 1038//339 1037//339
f 1037//339 1038//339 1040//339 1039//339
f 1039//339 1040//339 1042//339 1041//339
f 1041//339 1042//339 1044//339 1043//339
f 1043//339 1044//339 1046//339 1045//339
f 1045//339 1046//339 1048//339 1047//339
f 1047//339 1048//339 1050//339 1049//339
f 1049//339 1050//339 1052//339 1051//339
f 1051//339 1052//339 1054//339 1053//339
f 1053//339 1054//339 1056//339 1055//339
f 1055//339 1056//339 1058//339 1057//339
o Frame
v -1.974500 -0.120000 1.079000
v 1.974500 -0.120000 1.079000
v 1.974500 -0.120000 -1.079000
v -1.974500 -0.120000 -1.079000
v -1.974500 0.048000 1.079000
v 1.974500 0.048000 1.079000
v 1.974500 0.048000 -1.079000
v -1.974500 0.048000 -1.079000
v 1.829500 -0.120000 -0.831802
v 1.830000 -0.120000 -0.832048
v 1.838157 -0.120000 -0.837498
v 1.852002 -0.120000 -0.851343
v 1.857452 -0.120000 -0.859500
v 1.845533 -0.120000 -0.843967
v 1.852002 -0.120000 -0.942657
v 1.845533 -0.120000 -0.950033
v 1.861791 -0.120000 -0.868299
v 1.867500 -0.120000 -0.897000
v 1.866858 -0.120000 -0.906789
v 1.866858 -0.120000 -0.887211
v 1.864944 -0.120000 -0.916411
v 1.864944 -0.120000 -0.877589
v 1.861791 -0.120000 -0.925701
v 1.857452 -0.120000 -0.934500
v 1.732998 -0.120000 -0.942657
v 1.739467 -0.120000 -0.950033
v 1.746843 -0.120000 -0.956502
v 1.755000 -0.120000 -0.961952
v 1.773089 -0.120000 -0.969444
v 1.763799 -0.120000 -0.966291
v 1.792500 -0.120000 -0.972000
v 1.830000 -0.120000 -0.961952
v 1.838157 -0.120000 -0.956502
v 1.802289 -0.120000 -0.971358
v 1.811911 -0.120000 -0.969444
v 1.821201 -0.120000 -0.966291
v 1.782711 -0.120000 -0.971358
v 1.727301 -0.120000 -0.934000
v 1.727548 -0.120000 -0.934500
v 1.829500 0.048000 -0.831802
v 1.830000 0.048000 -0.832048
v 1.838157 0.048000 -0.837498
v 1.852002 0.048000 -0.851343
v 1.857452 0.048000 -0.859500
v 1.845533 0.048000 -0.843967
v 1.852002 0.048000 -0.942657
v 1.845533 0.048000 -0.950033
v 1.861791 0.048000 -0.868299
v 1.867500 0.048000 -0.897000
v 1.866858 0.048000 -0.906789
v 1.866858 0.048000 -0.887211
v 1.864944 0.048000 -0.916411
v 1.864944 0.048000 -0.877589
v 1.861791 0.048000 -0.925701
v 1.857452 0.048000 -0.934500
v 1.727548 0.048000 -0.934500
v 1.727301 0.048000 -0.934000
v 1.739467 0.048000 -0.950033
v 1.732998 0.048000 -0.942657
v 1.755000 0.048000 -0.961952
v 1.773089 0.048000 -0.969444
v 1.763799 0.048000 -0.966291
v 1.746843 0.048000 -0.956502
v 1.821201 0.048000 -0.966291
v 1.830000 0.048000 -0.961952
v 1.838157 0.048000 -0.956502
v 1.792500 0.048000 -0.972000
v 1.802289 0.048000 -0.971358
v 1.811911 0.048000 -0.969444
v 1.782711 0.048000 -0.971358
v 1.829500 -0.120000 0.831802
v 1.830000 -0.120000 0.832048
v 1.845533 -0.120000 0.950033
v 1.838157 -0.120000 0.837498
v 1.852002 -0.120000 0.851343
v 1.852002 -0.120000 0.942657
v 1.857452 -0.120000 0.934500
v 1.845533 -0.120000 0.843967
v 1.861791 -0.120000 0.868299
v 1.867500 -0.120000 0.897000
v 1.866858 -0.120000 0.887211
v 1.866858 -0.120000 0.906789
v 1.864944 -0.120000 0.877589
v 1.861791 -0.120000 0.925701
v 1.864944 -0.120000 0.916411
v 1.857452 -0.120000 0.859500
v 1.727548 -0.120000 0.934500
v 1.727301 -0.120000 0.934000
v 1.739467 -0.120000 0.950033
v 1.732998 -0.120000 0.942657
v 1.755000 -0.120000 0.961952
v 1.773089 -0.120000 0.969444
v 1.763799 -0.120000 0.966291
v 1.746843 -0.120000 0.956502
v 1.830000 -0.120000 0.961952
v 1.821201 -0.120000 0.966291
v 1.838157 -0.120000 0.956502
v 1.782711 -0.120000 0.971358
v 1.792500 -0.120000 0.972000
v 1.802289 -0.120000 0.971358
v 1.811911 -0.120000 0.969444
v 1.829500 0.048000 0.831802
v 1.830000 0.048000 0.832048
v 1.845533 0.048000 0.950033
v 1.838157 0.048000 0.837498
v 1.852002 0.048000 0.851343
v 1.852002 0.048000 0.942657
v 1.857452 0.048000 0.934500
v 1.845533 0.048000 0.843967
v 1.861791 0.048000 0.868299
v 1.867500 0.048000 0.897000
v 1.866858 0.048000 0.887211
v 1.866858 0.048000 0.906789
v 1.864944 0.048000 0.877589
v 1.861791 0.048000 0.925701
v 1.864944 0.048000 0.916411
v 1.857452 0.048000 0.859500
v 1.732998 0.048000 0.942657
v 1.739467 0.048000 0.950033
v 1.746843 0.048000 0.956502
v 1.755000 0.048000 0.961952
v 1.773089 0.048000 0.969444
v 1.763799 0.048000 0.966291
v 1.830000 0.048000 0.961952
v 1.838157 0.048000 0.956502
v 1.792500 0.048000 0.972000
v 1.802289 0.048000 0.971358
v 1.811911 0.048000 0.969444
v 1.821201 0.048000 0.966291
v 1.782711 0.048000 0.971358
v 1.727548 0.048000 0.934500
v 1.727301 0.048000 0.934000
v -1.727301 -0.120000 -0.934000
v -1.838157 -0.120000 -0.956502
v -1.830000 -0.120000 -0.961952
v -1.792500 -0.120000 -0.972000
v -1.802289 -0.120000 -0.971358
v -1.811911 -0.120000 -0.969444
v -1.821201 -0.120000 -0.966291
v -1.773089 -0.120000 -0.969444
v -1.755000 -0.120000 -0.961952
v -1.763799 -0.120000 -0.966291
v -1.739467 -0.120000 -0.950033
v -1.727548 -0.120000 -0.934500
v -1.732998 -0.120000 -0.942657
v -1.746843 -0.120000 -0.956502
v -1.782711 -0.120000 -0.971358
v -1.830000 -0.120000 -0.832048
v -1.829500 -0.120000 -0.831802
v -1.867500 -0.120000 -0.897000
v -1.866858 -0.120000 -0.887211
v -1.866858 -0.120000 -0.906789
v -1.864944 -0.120000 -0.877589
v -1.861791 -0.120000 -0.868299
v -1.864944 -0.120000 -0.916411
v -1.861791 -0.120000 -0.925701
v -1.857452 -0.120000 -0.859500
v -1.838157 -0.120000 -0.837498
v -1.845533 -0.120000 -0.843967
v -1.845533 -0.120000 -0.950033
v -1.852002 -0.120000 -0.851343
v -1.857452 -0.120000 -0.934500
v -1.852002 -0.120000 -0.942657
v -1.727301 0.048000 -0.934000
v -1.838157 0.048000 -0.956502
v -1.830000 0.048000 -0.961952
v -1.792500 0.048000 -0.972000
v -1.802289 0.048000 -0.971358
v -1.811911 0.048000 -0.969444
v -1.821201 0.048000 -0.966291
v -1.773089 0.048000 -0.969444
v -1.755000 0.048000 -0.961952
v -1.763799 0.048000 -0.966291
v -1.739467 0.048000 -0.950033
v -1.727548 0.048000 -0.934500
v -1.732998 0.048000 -0.942657
v -1.746843 0.048000 -0.956502
v -1.782711 0.048000 -0.971358
v -1.867500 0.048000 -0.897000
v -1.866858 0.048000 -0.887211
v -1.866858 0.048000 -0.906789
v -1.861791 0.048000 -0.868299
v -1.864944 0.048000 -0.877589
v -1.864944 0.048000 -0.916411
v -1.861791 0.048000 -0.925701
v -1.852002 0.048000 -0.851343
v -1.830000 0.048000 -0.832048
v -1.829500 0.048000 -0.831802
v -1.838157 0.048000 -0.837498
v -1.845533 0.048000 -0.950033
v -1.845533 0.048000 -0.843967
v -1.857452 0.048000 -0.934500
v -1.852002 0.048000 -0.942657
v -1.857452 0.048000 -0.859500
v -1.727301 -0.120000 0.934000
v -1.838157 -0.120000 0.956502
v -1.830000 -0.120000 0.961952
v -1.792500 -0.120000 0.972000
v -1.802289 -0.120000 0.971358
v -1.811911 -0.120000 0.969444
v -1.821201 -0.120000 0.966291
v -1.773089 -0.120000 0.969444
v -1.755000 -0.120000 0.961952
v -1.763799 -0.120000 0.966291
v -1.739467 -0.120000 0.950033
v -1.727548 -0.120000 0.934500
v -1.732998 -0.120000 0.942657
v -1.746843 -0.120000 0.956502
v -1.782711 -0.120000 0.971358
v -1.829500 -0.120000 0.831802
v -1.867500 -0.120000 0.897000
v -1.866858 -0.120000 0.906789
v -1.866858 -0.120000 0.887211
v -1.861791 -0.120000 0.868299
v -1.861791 -0.120000 0.925701
v -1.864944 -0.120000 0.916411
v -1.864944 -0.120000 0.877589
v -1.852002 -0.120000 0.851343
v -1.838157 -0.120000 0.837498
v -1.845533 -0.120000 0.950033
v -1.852002 -0.120000 0.942657
v -1.857452 -0.120000 0.934500
v -1.845533 -0.120000 0.843967
v -1.857452 -0.120000 0.859500
v -1.830000 -0.120000 0.832048
v -1.727301 0.048000 0.934000
v -1.829500 0.048000 0.831802
v -1.838157 0.048000 0.956502
v -1.830000 0.048000 0.961952
v -1.792500 0.048000 0.972000
v -1.802289 0.048000 0.971358
v -1.811911 0.048000 0.969444
v -1.821201 0.048000 0.966291
v -1.773089 0.048000 0.969444
v -1.755000 0.048000 0.961952
v -1.763799 0.048000 0.966291
v -1.739467 0.048000 0.950033
v -1.727548 0.048000 0.934500
v -1.732998 0.048000 0.942657
v -1.746843 0.048000 0.956502
v -1.782711 0.048000 0.971358
v -1.867500 0.048000 0.897000
v -1.866858 0.048000 0.906789
v -1.866858 0.048000 0.887211
v -1.864944 0.048000 0.877589
v -1.861791 0.048000 0.925701
v -1.864944 0.048000 0.916411
v -1.861791 0.048000 0.868299
v -1.857452 0.048000 0.859500
v -1.838157 0.048000 0.837498
v -1.845533 0.048000 0.950033
v -1.845533 0.048000 0.843967
v -1.852002 0.048000 0.942657
v -1.857452 0.048000 0.934500
v -1.852002 0.048000 0.851343
v -1.830000 0.048000 0.832048
v -0.077245 -0.120000 -0.934000
v 0.077245 -0.120000 -0.934000
v -0.075758 -0.120000 -0.938380
v 0.075758 -0.120000 -0.938380
v -0.071014 -0.120000 -0.948000
v -0.057983 -0.120000 -0.964983
v -0.065055 -0.120000 -0.956918
v -0.049918 -0.120000 -0.972055
v -0.041000 -0.120000 -0.978014
v -0.010703 -0.120000 -0.988298
v -0.021223 -0.120000 -0.986206
v -0.031380 -0.120000 -0.982758
v 0.010703 -0.120000 -0.988298
v 0.031380 -0.120000 -0.982758
v 0.021223 -0.120000 -0.986206
v 0.057983 -0.120000 -0.964983
v 0.049918 -0.120000 -0.972055
v 0.071014 -0.120000 -0.948000
v 0.065055 -0.120000 -0.956918
v 0.041000 -0.120000 -0.978014
v 0.000000 -0.120000 -0.989000
v -0.077245 0.048000 -0.934000
v 0.077245 0.048000 -0.934000
v -0.075758 0.048000 -0.938380
v 0.075758 0.048000 -0.938380
v -0.071014 0.048000 -0.948000
v 0.071014 0.048000 -0.948000
v -0.057983 0.048000 -0.964983
v -0.065055 0.048000 -0.956918
v -0.049918 0.048000 -0.972055
v -0.041000 0.048000 -0.978014
v -0.010703 0.048000 -0.988298
v -0.021223 0.048000 -0.986206
v -0.031380 0.048000 -0.982758
v 0.010703 0.048000 -0.988298
v 0.031380 0.048000 -0.982758
v 0.021223 0.048000 -0.986206
v 0.049918 0.048000 -0.972055
v 0.065055 0.048000 -0.956918
v 0.057983 0.048000 -0.964983
v 0.041000 0.048000 -0.978014
v 0.000000 0.048000 -0.989000
v -0.077245 -0.120000 0.934000
v 0.077245 -0.120000 0.934000
v -0.075758 -0.120000 0.938380
v 0.075758 -0.120000 0.938380
v -0.071014 -0.120000 0.948000
v 0.071014 -0.120000 0.948000
v -0.057983 -0.120000 0.964983
v -0.049918 -0.120000 0.972055
v -0.065055 -0.120000 0.956918
v -0.041000 -0.120000 0.978014
v -0.010703 -0.120000 0.988298
v -0.021223 -0.120000 0.986206
v -0.031380 -0.120000 0.982758
v 0.010703 -0.120000 0.988298
v 0.031380 -0.120000 0.982758
v 0.021223 -0.120000 0.986206
v 0.049918 -0.120000 0.972055
v 0.065055 -0.120000 0.956918
v 0.057983 -0.120000 0.964983
v 0.000000 -0.120000 0.989000
v 0.041000 -0.120000 0.978014
v -0.077245 0.048000 0.934000
v 0.077245 0.048000 0.934000
v -0.075758 0.048000 0.938380
v 0.075758 0.048000 0.938380
v -0.071014 0.048000 0.948000
v -0.057983 0.048000 0.964983
v -0.049918 0.048000 0.972055
v -0.065055 0.048000 0.956918
v -0.041000 0.048000 0.978014
v -0.010703 0.048000 0.988298
v -0.021223 0.048000 0.986206
v -0.031380 0.048000 0.982758
v 0.010703 0.048000 0.988298
v 0.031380 0.048000 0.982758
v 0.021223 0.048000 0.986206
v 0.057983 0.048000 0.964983
v 0.049918 0.048000 0.972055
v 0.071014 0.048000 0.948000
v 0.065055 0.048000 0.956918
v 0.000000 0.048000 0.989000
v 0.041000 0.048000 0.978014
vn -0.0000 -1.0000 -0.0000
vn -0.0000 1.0000 -0.0000
vn -0.0000 -0.0000 1.0000
vn 1.0000 -0.0000 -0.0000
vn -0.0000 -0.0000 -1.0000
vn -1.0000 -0.0000 -0.0000
vn -0.0654 -0.0000 0.9979
vn -0.1951 -0.0000 0.9808
vn -0.3214 -0.0000 0.9469
vn -0.4423 -0.0000 0.8969
vn -0.5555 -0.0000 0.8315
vn -0.6594 -0.0000 0.7518
vn -0.7518 -0.0000 0.6594
vn -0.8315 -0.0000 0.5555
vn -0.8969 -0.0000 0.4423
vn -0.9469 -0.0000 0.3214
vn -0.9808 -0.0000 0.1951
vn -0.9979 -0.0000 0.0654
vn -0.9979 -0.0000 -0.0654
vn -0.9808 -0.0000 -0.1951
vn -0.9469 -0.0000 -0.3214
vn -0.8969 -0.0000 -0.4423
vn -0.8315 -0.0000 -0.5555
vn -0.7518 -0.0000 -0.6594
vn -0.6594 -0.0000 -0.7518
vn -0.5555 -0.0000 -0.8315
vn -0.4422 -0.0000 -0.8969
vn 0.8968 -0.0000 0.4425
vn 0.8315 -0.0000 0.5555
vn 0.7518 -0.0000 0.6594
vn 0.6594 -0.0000 0.7518
vn 0.5555 -0.0000 0.8315
vn 0.4423 -0.0000 0.8969
vn 0.3214 -0.0000 0.9469
vn 0.1951 -0.0000 0.9808
vn 0.0654 -0.0000 0.9979
vn -0.4422 -0.0000 0.8969
vn -0.4423 -0.0000 -0.8969
vn -0.3214 -0.0000 -0.9469
vn -0.1951 -0.0000 -0.9808
vn -0.0654 -0.0000 -0.9979
vn 0.0654 -0.0000 -0.9979
vn 0.1951 -0.0000 -0.9808
vn 0.3214 -0.0000 -0.9469
vn 0.4423 -0.0000 -0.8969
vn 0.5555 -0.0000 -0.8315
vn 0.6594 -0.0000 -0.7518
vn 0.7518 -0.0000 -0.6594
vn 0.8315 -0.0000 -0.5555
vn 0.8968 -0.0000 -0.4425
vn -0.8968 -0.0000 0.4425
vn 0.4422 -0.0000 -0.8969
vn 0.8969 -0.0000 -0.4423
vn 0.9469 -0.0000 -0.3214
vn 0.9808 -0.0000 -0.1951
vn 0.9979 -0.0000 -0.0654
vn 0.9979 -0.0000 0.0654
vn 0.9808 -0.0000 0.1951
vn 0.9469 -0.0000 0.3214
vn 0.8969 -0.0000 0.4423
vn -0.8968 -0.0000 -0.4425
vn 0.4422 -0.0000 0.8969
vn -0.0655 -0.0000 0.9979
vn -0.1950 -0.0000 0.9808
vn -0.5556 -0.0000 0.8315
vn -0.6593 -0.0000 0.7519
vn -0.7519 -0.0000 0.6593
vn -0.8315 -0.0000 0.5556
vn -0.9469 -0.0000 0.3215
vn 0.9469 -0.0000 0.3215
vn 0.8315 -0.0000 0.5556
vn 0.7519 -0.0000 0.6593
vn 0.6593 -0.0000 0.7519
vn 0.5556 -0.0000 0.8315
vn 0.1950 -0.0000 0.9808
vn 0.0655 -0.0000 0.9979
vn -0.9469 -0.0000 -0.3215
vn -0.8315 -0.0000 -0.5556
vn -0.7519 -0.0000 -0.6593
vn -0.6593 -0.0000 -0.7519
vn -0.5556 -0.0000 -0.8315
vn -0.1950 -0.0000 -0.9808
vn -0.0655 -0.0000 -0.9979
vn 0.0655 -0.0000 -0.9979
vn 0.1950 -0.0000 -0.9808
vn 0.5556 -0.0000 -0.8315
vn 0.6593 -0.0000 -0.7519
vn 0.7519 -0.0000 -0.6593
vn 0.8315 -0.0000 -0.5556
vn 0.9469 -0.0000 -0.3215
vt 2.352002 -0.442657
vt 2.345533 -0.450033
vt 2.474500 -0.579000
vt 2.474500 1.579000
vt 2.345533 1.450033
vt 2.352002 1.442657
vt 2.357452 1.434500
vt 2.361791 1.425701
vt 2.364944 1.416411
vt 2.366858 1.406789
vt 2.367500 1.397000
vt 2.366858 1.387211
vt 2.364944 1.377589
vt 2.361791 1.368299
vt 2.357452 1.359500
vt 2.352002 1.351343
vt 2.345533 1.343967
vt 2.338157 1.337498
vt 2.330000 1.332048
vt 2.329500 1.331802
vt 2.329500 -0.331802
vt 2.330000 -0.332048
vt 2.338157 -0.337498
vt 2.345533 -0.343967
vt 2.352002 -0.351343
vt 2.357452 -0.359500
vt 2.361791 -0.368299
vt 2.364944 -0.377589
vt 2.366858 -0.387211
vt 2.367500 -0.397000
vt 2.366858 -0.406789
vt 2.364944 -0.416411
vt 2.361791 -0.425701
vt 2.357452 -0.434500
vt 2.338157 1.456502
vt -1.474500 1.579000
vt -1.474500 -0.579000
vt 2.338157 -0.456502
vt 2.330000 -0.461952
vt 2.321201 -0.466291
vt 2.311911 -0.469444
vt 2.302289 -0.471358
vt 2.292500 -0.472000
vt 2.282711 -0.471358
vt 2.273089 -0.469444
vt 2.263799 -0.466291
vt 2.255000 -0.461952
vt 2.246843 -0.456502
vt 2.239467 -0.450033
vt 2.232998 -0.442657
vt 2.227548 -0.434500
vt 2.227301 -0.434000
vt 0.577245 -0.434000
vt 0.575758 -0.438380
vt 0.571014 -0.448000
vt 0.565055 -0.456918
vt 0.557983 -0.464983
vt 0.549918 -0.472055
vt 0.541000 -0.478014
vt 0.531380 -0.482758
vt 0.521223 -0.486206
vt 0.510703 -0.488298
vt 0.500000 -0.489000
vt 0.489297 -0.488298
vt 0.478777 -0.486206
vt 0.468620 -0.482758
vt 0.459000 -0.478014
vt 0.450082 -0.472055
vt 0.442017 -0.464983
vt 0.434945 -0.456918
vt 0.428986 -0.448000
vt 0.424242 -0.438380
vt 0.422755 -0.434000
vt -1.227301 -0.434000
vt -1.227548 -0.434500
vt -1.232998 -0.442657
vt -1.239467 -0.450033
vt -1.246843 -0.456502
vt -1.255000 -0.461952
vt -1.263799 -0.466291
vt -1.273089 -0.469444
vt -1.282711 -0.471358
vt -1.292500 -0.472000
vt -1.302289 -0.471358
vt -1.311911 -0.469444
vt -1.321201 -0.466291
vt -1.330000 -0.461952
vt -1.338157 -0.456502
vt -1.345533 -0.450033
vt -1.352002 -0.442657
vt -1.357452 -0.434500
vt -1.361791 -0.425701
vt -1.364944 -0.416411
vt -1.366858 -0.406789
vt -1.367500 -0.397000
vt -1.366858 -0.387211
vt -1.364944 -0.377589
vt -1.361791 -0.368299
vt -1.357452 -0.359500
vt -1.352002 -0.351343
vt -1.345533 -0.343967
vt -1.338157 -0.337498
vt -1.330000 -0.332048
vt -1.329500 -0.331802
vt -1.329500 1.331802
vt -1.330000 1.332048
vt -1.338157 1.337498
vt -1.345533 1.343967
vt -1.352002 1.351343
vt -1.357452 1.359500
vt -1.361791 1.368299
vt -1.364944 1.377589
vt -1.366858 1.387211
vt -1.367500 1.397000
vt -1.366858 1.406789
vt -1.364944 1.416411
vt -1.361791 1.425701
vt -1.357452 1.434500
vt -1.352002 1.442657
vt -1.345533 1.450033
vt -1.338157 1.456502
vt -1.330000 1.461952
vt -1.321201 1.466291
vt -1.311911 1.469444
vt -1.302289 1.471358
vt -1.292500 1.472000
vt -1.282711 1.471358
vt -1.273089 1.469444
vt -1.263799 1.466291
vt -1.255000 1.461952
vt -1.246843 1.456502
vt -1.239467 1.450033
vt -1.232998 1.442657
vt -1.227548 1.434500
vt -1.227301 1.434000
vt 0.422755 1.434000
vt 0.424242 1.438380
vt 0.428986 1.448000
vt 0.434945 1.456918
vt 0.442017 1.464983
vt 0.450082 1.472055
vt 0.459000 1.478014
vt 0.468620 1.482758
vt 0.478777 1.486206
vt 0.489297 1.488298
vt 0.500000 1.489000
vt 0.510703 1.488298
vt 0.521223 1.486206
vt 0.531380 1.482758
vt 0.541000 1.478014
vt 0.549918 1.472055
vt 0.557983 1.464983
vt 0.565055 1.456918
vt 0.571014 1.448000
vt 0.575758 1.438380
vt 0.577245 1.434000
vt 2.227301 1.434000
vt 2.227548 1.434500
vt 2.232998 1.442657
vt 2.239467 1.450033
vt 2.246843 1.456502
vt 2.255000 1.461952
vt 2.263799 1.466291
vt 2.273089 1.469444
vt 2.282711 1.471358
vt 2.292500 1.472000
vt 2.302289 1.471358
vt 2.311911 1.469444
vt 2.321201 1.466291
vt 2.330000 1.461952
vt -1.474500 0.416000
vt 2.474500 0.416000
vt 2.474500 0.584000
vt -1.474500 0.584000
vt 0.416000 1.579000
vt 0.416000 -0.579000
vt 0.584000 -0.579000
vt 0.584000 1.579000
vt -1.227301 0.416000
vt -1.227301 0.584000
vt 0.422755 0.584000
vt 0.422755 0.416000
vt 2.227301 0.584000
vt 2.227301 0.416000
vt 0.577245 0.416000
vt 0.577245 0.584000
vt 0.584000 -0.331802
vt 0.416000 -0.331802
vt 0.416000 1.331802
vt 0.584000 1.331802
vt 2.292500 0.584000
vt 2.292500 0.416000
vt 2.302289 0.416000
vt 2.302289 0.584000
vt 2.311911 0.416000
vt 2.311911 0.584000
vt 2.321201 0.416000
vt 2.321201 0.584000
vt 2.330000 0.416000
vt 2.330000 0.584000
vt 2.338157 0.416000
vt 2.338157 0.584000
vt 2.345533 0.416000
vt 2.345533 0.584000
vt 0.416000 -0.450033
vt 0.416000 -0.442657
vt 0.584000 -0.442657
vt 0.584000 -0.450033
vt 0.416000 -0.434500
vt 0.584000 -0.434500
vt 0.416000 -0.425701
vt 0.584000 -0.425701
vt 0.416000 -0.416411
vt 0.584000 -0.416411
vt 0.416000 -0.406789
vt 0.584000 -0.406789
vt 0.416000 -0.397000
vt 0.584000 -0.397000
vt 0.416000 -0.387211
vt 0.584000 -0.387211
vt 0.416000 -0.377589
vt 0.584000 -0.377589
vt 0.416000 -0.368299
vt 0.584000 -0.368299
vt 0.416000 -0.359500
vt 0.584000 -0.359500
vt 0.416000 -0.351343
vt 0.584000 -0.351343
vt 0.416000 -0.343967
vt 0.584000 -0.343967
vt 2.329500 0.584000
vt 2.329500 0.416000
vt 0.416000 -0.434000
vt 0.584000 -0.434000
vt 2.239467 0.584000
vt 2.239467 0.416000
vt 2.246843 0.416000
vt 2.246843 0.584000
vt 2.255000 0.416000
vt 2.255000 0.584000
vt 2.263799 0.416000
vt 2.263799 0.584000
vt 2.273089 0.416000
vt 2.273089 0.584000
vt 2.282711 0.416000
vt 2.282711 0.584000
vt 0.416000 1.343967
vt 0.416000 1.351343
vt 0.584000 1.351343
vt 0.584000 1.343967
vt 0.416000 1.359500
vt 0.584000 1.359500
vt 0.416000 1.368299
vt 0.584000 1.368299
vt 0.416000 1.377589
vt 0.584000 1.377589
vt 0.416000 1.387211
vt 0.584000 1.387211
vt 0.416000 1.397000
vt 0.584000 1.397000
vt 0.416000 1.406789
vt 0.584000 1.406789
vt 0.416000 1.416411
vt 0.584000 1.416411
vt 0.416000 1.425701
vt 0.584000 1.425701
vt 0.416000 1.434500
vt 0.584000 1.434500
vt 0.416000 1.442657
vt 0.584000 1.442657
vt 0.416000 1.450033
vt 0.584000 1.450033
vt 0.584000 1.434000
vt 0.416000 1.434000
vt -1.292500 0.584000
vt -1.292500 0.416000
vt -1.282711 0.416000
vt -1.282711 0.584000
vt -1.273089 0.416000
vt -1.273089 0.584000
vt -1.263799 0.416000
vt -1.263799 0.584000
vt -1.255000 0.416000
vt -1.255000 0.584000
vt -1.246843 0.416000
vt -1.246843 0.584000
vt -1.239467 0.416000
vt -1.239467 0.584000
vt -1.329500 0.416000
vt -1.330000 0.416000
vt -1.330000 0.584000
vt -1.329500 0.584000
vt -1.338157 0.416000
vt -1.338157 0.584000
vt -1.345533 0.416000
vt -1.345533 0.584000
vt -1.321201 0.416000
vt -1.321201 0.584000
vt -1.311911 0.416000
vt -1.311911 0.584000
vt -1.302289 0.416000
vt -1.302289 0.584000
vt 0.500000 0.584000
vt 0.500000 0.416000
vt 0.510703 0.416000
vt 0.510703 0.584000
vt 0.521223 0.416000
vt 0.521223 0.584000
vt 0.531380 0.416000
vt 0.531380 0.584000
vt 0.541000 0.416000
vt 0.541000 0.584000
vt 0.549918 0.416000
vt 0.549918 0.584000
vt 0.557983 0.416000
vt 0.557983 0.584000
vt 0.416000 -0.464983
vt 0.416000 -0.456918
vt 0.584000 -0.456918
vt 0.584000 -0.464983
vt 0.416000 -0.448000
vt 0.584000 -0.448000
vt 0.416000 -0.438380
vt 0.584000 -0.438380
vt 0.442017 0.584000
vt 0.442017 0.416000
vt 0.450082 0.416000
vt 0.450082 0.584000
vt 0.459000 0.416000
vt 0.459000 0.584000
vt 0.468620 0.416000
vt 0.468620 0.584000
vt 0.478777 0.416000
vt 0.478777 0.584000
vt 0.489297 0.416000
vt 0.489297 0.584000
vt 0.416000 1.438380
vt 0.584000 1.438380
vt 0.416000 1.448000
vt 0.584000 1.448000
vt 0.416000 1.456918
vt 0.584000 1.456918
vt 0.416000 1.464983
vt 0.584000 1.464983
s 1
usemtl Wood
f 1073/1157/340 1074/1158/340 1061/1159/340 1060/1160/340 1131/1161/340 1134/1162/340 1135/1163/340 1142/1164/340 1143/1165/340 1140/1166/340 1138/1167/340 1139/1168/340 1141/1169/340 1137/1170/340 1144/1171/340 1133/1172/340 1136/1173/340 1132/1174/340 1130/1175/340 1129/1176/340 1067/1177/340 1068/1178/340 1069/1179/340 1072/1180/340 1070/1181/340 1071/1182/340 1075/1183/340 1080/1184/340 1078/1185/340 1076/1186/340 1077/1187/340 1079/1188/340 1081/1189/340 1082/1190/340
f 1155/1191/340 1131/1161/340 1060/1160/340 1059/1192/340 1062/1193/340 1061/1159/340 1074/1158/340 1091/1194/340 1090/1195/340 1094/1196/340 1093/1197/340 1092/1198/340 1089/1199/340 1095/1200/340 1087/1201/340 1088/1202/340 1086/1203/340 1085/1204/340 1084/1205/340 1083/1206/340 1097/1207/340 1096/1208/340 1316/1209/340 1318/1210/340 1332/1211/340 1333/1212/340 1330/1213/340 1331/1214/340 1334/1215/340 1328/1216/340 1329/1217/340 1327/1218/340 1335/1219/340 1324/1220/340 1325/1221/340 1326/1222/340 1323/1223/340 1322/1224/340 1320/1225/340 1321/1226/340 1319/1227/340 1317/1228/340 1315/1229/340 1191/1230/340 1202/1231/340 1203/1232/340 1201/1233/340 1204/1234/340 1199/1235/340 1200/1236/340 1198/1237/340 1205/1238/340 1194/1239/340 1195/1240/340 1196/1241/340 1197/1242/340 1193/1243/340 1192/1244/340 1218/1245/340 1221/1246/340 1220/1247/340 1214/1248/340 1213/1249/340 1210/1250/340 1208/1251/340 1209/1252/340 1211/1253/340 1212/1254/340 1215/1255/340 1219/1256/340 1217/1257/340 1216/1258/340 1206/1259/340 1207/1260/340 1268/1261/340 1283/1262/340 1277/1263/340 1281/1264/340 1276/1265/340 1282/1266/340 1272/1267/340 1275/1268/340 1271/1269/340 1269/1270/340 1270/1271/340 1274/1272/340 1273/1273/340 1280/1274/340 1279/1275/340 1278/1276/340 1254/1277/340 1255/1278/340 1259/1279/340 1258/1280/340 1257/1281/340 1256/1282/340 1267/1283/340 1260/1284/340 1262/1285/340 1261/1286/340 1266/1287/340 1263/1288/340 1265/1289/340 1264/1290/340 1253/1291/340 1357/1292/340 1359/1293/340 1361/1294/340 1365/1295/340 1363/1296/340 1364/1297/340 1366/1298/340 1369/1299/340 1368/1300/340 1367/1301/340 1376/1302/340 1370/1303/340 1372/1304/340 1371/1305/340 1377/1306/340 1373/1307/340 1375/1308/340 1374/1309/340 1362/1310/340 1360/1311/340 1358/1312/340 1146/1313/340 1145/1314/340 1148/1315/340 1147/1316/340 1152/1317/340 1149/1318/340 1151/1319/340 1150/1320/340 1156/1321/340 1157/1322/340 1158/1323/340 1159/1324/340 1154/1325/340 1153/1326/340
f 1165/1162/341 1162/1161/341 1064/1160/341 1065/1159/341 1105/1158/341 1104/1157/341 1113/1190/341 1112/1189/341 1110/1188/341 1108/1187/341 1107/1186/341 1109/1185/341 1111/1184/341 1106/1183/341 1102/1182/341 1101/1181/341 1103/1180/341 1100/1179/341 1099/1178/341 1098/1177/341 1160/1176/341 1161/1175/341 1163/1174/341 1167/1173/341 1164/1172/341 1175/1171/341 1168/1170/341 1172/1169/341 1170/1168/341 1169/1167/341 1171/1166/341 1174/1165/341 1173/1164/341 1166/1163/341
f 1124/1194/341 1105/1158/341 1065/1159/341 1066/1193/341 1063/1192/341 1064/1160/341 1162/1161/341 1183/1191/341 1182/1326/341 1187/1325/341 1186/1324/341 1185/1323/341 1184/1322/341 1188/1321/341 1180/1320/341 1181/1319/341 1179/1318/341 1178/1317/341 1177/1316/341 1176/1315/341 1189/1314/341 1190/1313/341 1379/1312/341 1381/1311/341 1395/1310/341 1396/1309/341 1393/1308/341 1394/1307/341 1398/1306/341 1391/1305/341 1392/1304/341 1390/1303/341 1397/1302/341 1387/1301/341 1388/1300/341 1389/1299/341 1386/1298/341 1384/1297/341 1383/1296/341 1385/1295/341 1382/1294/341 1380/1293/341 1378/1292/341 1284/1291/341 1296/1290/341 1297/1289/341 1295/1288/341 1298/1287/341 1293/1286/341 1294/1285/341 1292/1284/341 1299/1283/341 1288/1282/341 1289/1281/341 1290/1280/341 1291/1279/341 1287/1278/341 1286/1277/341 1309/1276/341 1311/1275/341 1312/1274/341 1304/1273/341 1305/1272/341 1301/1271/341 1300/1270/341 1302/1269/341 1303/1268/341 1306/1267/341 1307/1266/341 1313/1265/341 1310/1264/341 1308/1263/341 1314/1262/341 1285/1261/341 1246/1260/341 1245/1259/341 1247/1258/341 1249/1257/341 1244/1256/341 1252/1255/341 1240/1254/341 1241/1253/341 1238/1252/341 1237/1251/341 1239/1250/341 1242/1249/341 1243/1248/341 1250/1247/341 1251/1246/341 1248/1245/341 1223/1244/341 1224/1243/341 1228/1242/341 1227/1241/341 1226/1240/341 1225/1239/341 1236/1238/341 1229/1237/341 1231/1236/341 1230/1235/341 1235/1234/341 1232/1233/341 1234/1232/341 1233/1231/341 1222/1230/341 1336/1229/341 1338/1228/341 1340/1227/341 1343/1226/341 1342/1225/341 1344/1224/341 1345/1223/341 1348/1222/341 1347/1221/341 1346/1220/341 1356/1219/341 1349/1218/341 1351/1217/341 1350/1216/341 1355/1215/341 1352/1214/341 1354/1213/341 1353/1212/341 1341/1211/341 1339/1210/341 1337/1209/341 1115/1208/341 1114/1207/341 1117/1206/341 1116/1205/341 1121/1204/341 1118/1203/341 1120/1202/341 1119/1201/341 1128/1200/341 1125/1199/341 1126/1198/341 1127/1197/341 1122/1196/341 1123/1195/341
f 1059/1327/342 1060/1328/342 1064/1329/342 1063/1330/342
f 1060/1331/343 1061/1332/343 1065/1333/343 1064/1334/343
f 1061/1328/344 1062/1327/344 1066/1330/344 1065/1329/344
f 1062/1332/345 1059/1331/345 1063/1334/345 1066/1333/345
f 1253/1335/344 1284/1336/344 1378/1337/344 1357/1338/344
f 1190/1339/344 1146/1340/344 1358/1341/344 1379/1342/344
f 1098/1343/345 1067/1344/345 1129/1345/345 1160/1346/345
f 1096/1340/342 1115/1339/342 1337/1342/342 1316/1341/342
f 1222/1336/342 1191/1335/342 1315/1338/342 1336/1337/342
f 1268/1345/343 1207/1344/343 1246/1343/343 1285/1346/343
f 1125/1347/346 1089/1348/346 1092/1349/346 1126/1350/346
f 1126/1350/347 1092/1349/347 1093/1351/347 1127/1352/347
f 1127/1352/348 1093/1351/348 1094/1353/348 1122/1354/348
f 1122/1354/349 1094/1353/349 1090/1355/349 1123/1356/349
f 1123/1356/350 1090/1355/350 1091/1357/350 1124/1358/350
f 1124/1358/351 1091/1357/351 1074/1359/351 1105/1360/351
f 1074/1361/352 1073/1362/352 1104/1363/352 1105/1364/352
f 1073/1362/353 1082/1365/353 1113/1366/353 1104/1363/353
f 1082/1365/354 1081/1367/354 1112/1368/354 1113/1366/354
f 1081/1367/355 1079/1369/355 1110/1370/355 1112/1368/355
f 1079/1369/356 1077/1371/356 1108/1372/356 1110/1370/356
f 1077/1371/357 1076/1373/357 1107/1374/357 1108/1372/357
f 1076/1373/358 1078/1375/358 1109/1376/358 1107/1374/358
f 1078/1375/359 1080/1377/359 1111/1378/359 1109/1376/359
f 1080/1377/360 1075/1379/360 1106/1380/360 1111/1378/360
f 1075/1379/361 1071/1381/361 1102/1382/361 1106/1380/361
f 1071/1381/362 1070/1383/362 1101/1384/362 1102/1382/362
f 1070/1383/363 1072/1385/363 1103/1386/363 1101/1384/363
f 1072/1359/364 1069/1357/364 1100/1358/364 1103/1360/364
f 1069/1357/365 1068/1355/365 1099/1356/365 1100/1358/365
f 1098/1387/366 1099/1356/366 1068/1355/366 1067/1388/366
f 1096/1389/367 1097/1365/367 1114/1366/367 1115/1390/367
f 1114/1366/368 1097/1365/368 1083/1362/368 1117/1363/368
f 1117/1363/369 1083/1362/369 1084/1361/369 1116/1364/369
f 1116/1391/370 1084/1392/370 1085/1393/370 1121/1394/370
f 1121/1394/371 1085/1393/371 1086/1395/371 1118/1396/371
f 1118/1396/372 1086/1395/372 1088/1397/372 1120/1398/372
f 1120/1398/373 1088/1397/373 1087/1399/373 1119/1400/373
f 1119/1400/374 1087/1399/374 1095/1401/374 1128/1402/374
f 1128/1402/375 1095/1401/375 1089/1348/375 1125/1347/375
f 1129/1388/376 1130/1355/376 1161/1356/376 1160/1387/376
f 1161/1356/350 1130/1355/350 1132/1357/350 1163/1358/350
f 1163/1358/351 1132/1357/351 1136/1359/351 1167/1360/351
f 1136/1403/352 1133/1404/352 1164/1405/352 1167/1406/352
f 1133/1404/353 1144/1407/353 1175/1408/353 1164/1405/353
f 1144/1407/354 1137/1409/354 1168/1410/354 1175/1408/354
f 1137/1409/355 1141/1411/355 1172/1412/355 1168/1410/355
f 1141/1411/356 1139/1413/356 1170/1414/356 1172/1412/356
f 1139/1413/357 1138/1415/357 1169/1416/357 1170/1414/357
f 1138/1415/358 1140/1417/358 1171/1418/358 1169/1416/358
f 1140/1417/359 1143/1419/359 1174/1420/359 1171/1418/359
f 1143/1419/360 1142/1421/360 1173/1422/360 1174/1420/360
f 1142/1421/361 1135/1423/361 1166/1424/361 1173/1422/361
f 1135/1423/362 1134/1425/362 1165/1426/362 1166/1424/362
f 1134/1425/363 1131/1427/363 1162/1428/363 1165/1426/363
f 1131/1359/364 1155/1357/364 1183/1358/364 1162/1360/364
f 1155/1357/365 1153/1355/365 1182/1356/365 1183/1358/365
f 1153/1355/377 1154/1353/377 1187/1354/377 1182/1356/377
f 1154/1353/378 1159/1351/378 1186/1352/378 1187/1354/378
f 1159/1351/379 1158/1349/379 1185/1350/379 1186/1352/379
f 1158/1349/380 1157/1348/380 1184/1347/380 1185/1350/380
f 1157/1348/381 1156/1401/381 1188/1402/381 1184/1347/381
f 1156/1401/382 1150/1399/382 1180/1400/382 1188/1402/382
f 1150/1399/383 1151/1397/383 1181/1398/383 1180/1400/383
f 1151/1397/384 1149/1395/384 1179/1396/384 1181/1398/384
f 1149/1395/385 1152/1393/385 1178/1394/385 1179/1396/385
f 1152/1393/386 1147/1392/386 1177/1391/386 1178/1394/386
f 1177/1428/387 1147/1427/387 1148/1425/387 1176/1426/387
f 1176/1426/388 1148/1425/388 1145/1423/388 1189/1424/388
f 1190/1429/389 1189/1424/389 1145/1423/389 1146/1430/389
f 1225/1431/346 1194/1432/346 1205/1433/346 1236/1434/346
f 1236/1434/347 1205/1433/347 1198/1435/347 1229/1436/347
f 1229/1436/348 1198/1435/348 1200/1437/348 1231/1438/348
f 1231/1438/349 1200/1437/349 1199/1439/349 1230/1440/349
f 1230/1440/350 1199/1439/350 1204/1441/350 1235/1442/350
f 1235/1442/351 1204/1441/351 1201/1443/351 1232/1444/351
f 1201/1361/352 1203/1362/352 1234/1363/352 1232/1364/352
f 1203/1362/353 1202/1365/353 1233/1366/353 1234/1363/353
f 1222/1390/390 1233/1366/390 1202/1365/390 1191/1389/390
f 1207/1445/391 1206/1446/391 1245/1447/391 1246/1448/391
f 1206/1446/385 1216/1449/385 1247/1450/385 1245/1447/385
f 1216/1449/386 1217/1451/386 1249/1452/386 1247/1450/386
f 1249/1386/387 1217/1385/387 1219/1383/387 1244/1384/387
f 1244/1384/388 1219/1383/388 1215/1381/388 1252/1382/388
f 1252/1382/392 1215/1381/392 1212/1379/392 1240/1380/392
f 1240/1380/393 1212/1379/393 1211/1377/393 1241/1378/393
f 1241/1378/394 1211/1377/394 1209/1375/394 1238/1376/394
f 1238/1376/395 1209/1375/395 1208/1373/395 1237/1374/395
f 1237/1374/396 1208/1373/396 1210/1371/396 1239/1372/396
f 1239/1372/397 1210/1371/397 1213/1369/397 1242/1370/397
f 1242/1370/398 1213/1369/398 1214/1367/398 1243/1368/398
f 1243/1368/399 1214/1367/399 1220/1365/399 1250/1366/399
f 1250/1366/368 1220/1365/368 1221/1362/368 1251/1363/368
f 1251/1363/369 1221/1362/369 1218/1361/369 1248/1364/369
f 1248/1452/370 1218/1451/370 1192/1449/370 1223/1450/370
f 1223/1450/371 1192/1449/371 1193/1446/371 1224/1447/371
f 1224/1447/372 1193/1446/372 1197/1453/372 1228/1454/372
f 1228/1454/373 1197/1453/373 1196/1455/373 1227/1456/373
f 1227/1456/374 1196/1455/374 1195/1457/374 1226/1458/374
f 1226/1458/375 1195/1457/375 1194/1432/375 1225/1431/375
f 1253/1430/400 1264/1423/400 1296/1424/400 1284/1429/400
f 1264/1423/362 1265/1425/362 1297/1426/362 1296/1424/362
f 1265/1425/363 1263/1427/363 1295/1428/363 1297/1426/363
f 1263/1443/364 1266/1441/364 1298/1442/364 1295/1444/364
f 1266/1441/365 1261/1439/365 1293/1440/365 1298/1442/365
f 1261/1439/377 1262/1437/377 1294/1438/377 1293/1440/377
f 1262/1437/378 1260/1435/378 1292/1436/378 1294/1438/378
f 1260/1435/379 1267/1433/379 1299/1434/379 1292/1436/379
f 1267/1433/380 1256/1432/380 1288/1431/380 1299/1434/380
f 1256/1432/381 1257/1457/381 1289/1458/381 1288/1431/381
f 1257/1457/382 1258/1455/382 1290/1456/382 1289/1458/382
f 1258/1455/383 1259/1453/383 1291/1454/383 1290/1456/383
f 1259/1453/384 1255/1446/384 1287/1447/384 1291/1454/384
f 1255/1446/385 1254/1449/385 1286/1450/385 1287/1447/385
f 1254/1449/386 1278/1451/386 1309/1452/386 1286/1450/386
f 1309/1428/387 1278/1427/387 1279/1425/387 1311/1426/387
f 1311/1426/388 1279/1425/388 1280/1423/388 1312/1424/388
f 1312/1424/392 1280/1423/392 1273/1421/392 1304/1422/392
f 1304/1422/393 1273/1421/393 1274/1419/393 1305/1420/393
f 1305/1420/394 1274/1419/394 1270/1417/394 1301/1418/394
f 1301/1418/395 1270/1417/395 1269/1415/395 1300/1416/395
f 1300/1416/396 1269/1415/396 1271/1413/396 1302/1414/396
f 1302/1414/397 1271/1413/397 1275/1411/397 1303/1412/397
f 1303/1412/398 1275/1411/398 1272/1409/398 1306/1410/398
f 1306/1410/399 1272/1409/399 1282/1407/399 1307/1408/399
f 1307/1408/368 1282/1407/368 1276/1404/368 1313/1405/368
f 1313/1405/369 1276/1404/369 1281/1403/369 1310/1406/369
f 1310/1452/370 1281/1451/370 1277/1449/370 1308/1450/370
f 1308/1450/371 1277/1449/371 1283/1446/371 1314/1447/371
f 1285/1448/401 1314/1447/401 1283/1446/401 1268/1445/401
f 1356/1459/402 1335/1460/402 1327/1461/402 1349/1462/402
f 1349/1462/403 1327/1461/403 1329/1463/403 1351/1464/403
f 1351/1464/348 1329/1463/348 1328/1465/348 1350/1466/348
f 1350/1466/349 1328/1465/349 1334/1467/349 1355/1468/349
f 1355/1468/404 1334/1467/404 1331/1469/404 1352/1470/404
f 1352/1470/405 1331/1469/405 1330/1471/405 1354/1472/405
f 1330/1473/406 1333/1474/406 1353/1475/406 1354/1476/406
f 1333/1474/407 1332/1477/407 1341/1478/407 1353/1475/407
f 1332/1477/354 1318/1479/354 1339/1480/354 1341/1478/354
f 1337/1390/408 1339/1480/408 1318/1479/408 1316/1389/408
f 1315/1389/409 1317/1479/409 1338/1480/409 1336/1390/409
f 1319/1477/399 1340/1478/399 1338/1480/399 1317/1479/399
f 1321/1474/410 1343/1475/410 1340/1478/410 1319/1477/410
f 1343/1475/411 1321/1474/411 1320/1473/411 1342/1476/411
f 1342/1481/412 1320/1482/412 1322/1483/412 1344/1484/412
f 1344/1484/413 1322/1483/413 1323/1485/413 1345/1486/413
f 1345/1486/372 1323/1485/372 1326/1487/372 1348/1488/372
f 1348/1488/373 1326/1487/373 1325/1489/373 1347/1490/373
f 1347/1490/414 1325/1489/414 1324/1491/414 1346/1492/414
f 1346/1492/415 1324/1491/415 1335/1460/415 1356/1459/415
f 1360/1493/416 1381/1494/416 1379/1429/416 1358/1430/416
f 1360/1493/361 1362/1495/361 1395/1496/361 1381/1494/361
f 1362/1495/417 1374/1497/417 1396/1498/417 1395/1496/417
f 1374/1497/418 1375/1499/418 1393/1500/418 1396/1498/418
f 1375/1471/419 1373/1469/419 1394/1470/419 1393/1472/419
f 1373/1469/420 1377/1467/420 1398/1468/420 1394/1470/420
f 1377/1467/377 1371/1465/377 1391/1466/377 1398/1468/377
f 1371/1465/378 1372/1463/378 1392/1464/378 1391/1466/378
f 1372/1463/421 1370/1461/421 1390/1462/421 1392/1464/421
f 1370/1461/422 1376/1460/422 1397/1459/422 1390/1462/422
f 1376/1460/423 1367/1491/423 1387/1492/423 1397/1459/423
f 1367/1491/424 1368/1489/424 1388/1490/424 1387/1492/424
f 1368/1489/383 1369/1487/383 1389/1488/383 1388/1490/383
f 1369/1487/384 1366/1485/384 1386/1486/384 1389/1488/384
f 1366/1485/425 1364/1483/425 1384/1484/425 1386/1486/425
f 1364/1483/426 1363/1482/426 1383/1481/426 1384/1484/426
f 1383/1500/427 1363/1499/427 1365/1497/427 1385/1498/427
f 1385/1498/428 1365/1497/428 1361/1495/428 1382/1496/428
f 1382/1496/392 1361/1495/392 1359/1493/392 1380/1494/392
f 1378/1429/429 1380/1494/429 1359/1493/429 1357/1430/429
o JawPlate_Center_0
v 0.107000 -0.055000 -0.907000
v 0.106771 -0.055000 -0.913998
v 0.106085 -0.055000 -0.920966
v 0.104944 -0.055000 -0.927875
v 0.103354 -0.055000 -0.934694
v 0.101322 -0.055000 -0.941394
v 0.098855 -0.055000 -0.947947
v 0.095965 -0.055000 -0.954325
v 0.092665 -0.055000 -0.960500
v 0.088967 -0.055000 -0.966446
v 0.084889 -0.055000 -0.972137
v 0.080447 -0.055000 -0.977550
v 0.075660 -0.055000 -0.982660
v 0.070550 -0.055000 -0.987447
v 0.065137 -0.055000 -0.991889
v 0.059446 -0.055000 -0.995967
v 0.053500 -0.055000 -0.999665
v 0.047325 -0.055000 -1.002965
v 0.040947 -0.055000 -1.005855
v 0.034394 -0.055000 -1.008322
v 0.027694 -0.055000 -1.010354
v 0.020875 -0.055000 -1.011944
v 0.013966 -0.055000 -1.013085
v 0.006998 -0.055000 -1.013771
v 0.000000 -0.055000 -1.014000
v -0.006998 -0.055000 -1.013771
v -0.013966 -0.055000 -1.013085
v -0.020875 -0.055000 -1.011944
v -0.027694 -0.055000 -1.010354
v -0.034394 -0.055000 -1.008322
v -0.040947 -0.055000 -1.005855
v -0.047325 -0.055000 -1.002965
v -0.053500 -0.055000 -0.999665
v -0.059446 -0.055000 -0.995967
v -0.065137 -0.055000 -0.991889
v -0.070550 -0.055000 -0.987447
v -0.075660 -0.055000 -0.982660
v -0.080447 -0.055000 -0.977550
v -0.084889 -0.055000 -0.972137
v -0.088967 -0.055000 -0.966446
v -0.092665 -0.055000 -0.960500
v -0.095965 -0.055000 -0.954325
v -0.098855 -0.055000 -0.947947
v -0.101322 -0.055000 -0.941394
v -0.103354 -0.055000 -0.934694
v -0.104944 -0.055000 -0.927875
v -0.106085 -0.055000 -0.920966
v -0.106771 -0.055000 -0.913998
v -0.107000 -0.055000 -0.907000
v 0.074000 -0.055000 -0.907000
v 0.073842 -0.055000 -0.911840
v 0.073367 -0.055000 -0.916659
v 0.072578 -0.055000 -0.921437
v 0.071479 -0.055000 -0.926153
v 0.070073 -0.055000 -0.930787
v 0.068367 -0.055000 -0.935319
v 0.066369 -0.055000 -0.939729
v 0.064086 -0.055000 -0.944000
v 0.061529 -0.055000 -0.948112
v 0.058708 -0.055000 -0.952048
v 0.055636 -0.055000 -0.955792
v 0.052326 -0.055000 -0.959326
v 0.048792 -0.055000 -0.962636
v 0.045048 -0.055000 -0.965708
v 0.041112 -0.055000 -0.968529
v 0.037000 -0.055000 -0.971086
v 0.032729 -0.055000 -0.973369
v 0.028319 -0.055000 -0.975367
v 0.023787 -0.055000 -0.977073
v 0.019153 -0.055000 -0.978478
v 0.014437 -0.055000 -0.979578
v 0.009659 -0.055000 -0.980367
v 0.004840 -0.055000 -0.980842
v 0.000000 -0.055000 -0.981000
v -0.004840 -0.055000 -0.980842
v -0.009659 -0.055000 -0.980367
v -0.014437 -0.055000 -0.979578
v -0.019153 -0.055000 -0.978478
v -0.023787 -0.055000 -0.977073
v -0.028319 -0.055000 -0.975367
v -0.032729 -0.055000 -0.973369
v -0.037000 -0.055000 -0.971086
v -0.041112 -0.055000 -0.968529
v -0.045048 -0.055000 -0.965708
v -0.048792 -0.055000 -0.962636
v -0.052326 -0.055000 -0.959326
v -0.055636 -0.055000 -0.955792
v -0.058708 -0.055000 -0.952048
v -0.061529 -0.055000 -0.948112
v -0.064086 -0.055000 -0.944000
v -0.066369 -0.055000 -0.939729
v -0.068367 -0.055000 -0.935319
v -0.070073 -0.055000 -0.930787
v -0.071479 -0.055000 -0.926153
v -0.072578 -0.055000 -0.921437
v -0.073367 -0.055000 -0.916659
v -0.073842 -0.055000 -0.911840
v -0.074000 -0.055000 -0.907000
v 0.107000 0.049000 -0.907000
v 0.106771 0.049000 -0.913998
v 0.106085 0.049000 -0.920966
v 0.104944 0.049000 -0.927875
v 0.103354 0.049000 -0.934694
v 0.101322 0.049000 -0.941394
v 0.098855 0.049000 -0.947947
v 0.095965 0.049000 -0.954325
v 0.092665 0.049000 -0.960500
v 0.088967 0.049000 -0.966446
v 0.084889 0.049000 -0.972137
v 0.080447 0.049000 -0.977550
v 0.075660 0.049000 -0.982660
v 0.070550 0.049000 -0.987447
v 0.065137 0.049000 -0.991889
v 0.059446 0.049000 -0.995967
v 0.053500 0.049000 -0.999665
v 0.047325 0.049000 -1.002965
v 0.040947 0.049000 -1.005855
v 0.034394 0.049000 -1.008322
v 0.027694 0.049000 -1.010354
v 0.020875 0.049000 -1.011944
v 0.013966 0.049000 -1.013085
v 0.006998 0.049000 -1.013771
v 0.000000 0.049000 -1.014000
v -0.006998 0.049000 -1.013771
v -0.013966 0.049000 -1.013085
v -0.020875 0.049000 -1.011944
v -0.027694 0.049000 -1.010354
v -0.034394 0.049000 -1.008322
v -0.040947 0.049000 -1.005855
v -0.047325 0.049000 -1.002965
v -0.053500 0.049000 -0.999665
v -0.059446 0.049000 -0.995967
v -0.065137 0.049000 -0.991889
v -0.070550 0.049000 -0.987447
v -0.075660 0.049000 -0.982660
v -0.080447 0.049000 -0.977550
v -0.084889 0.049000 -0.972137
v -0.088967 0.049000 -0.966446
v -0.092665 0.049000 -0.960500
v -0.095965 0.049000 -0.954325
v -0.098855 0.049000 -0.947947
v -0.101322 0.049000 -0.941394
v -0.103354 0.049000 -0.934694
v -0.104944 0.049000 -0.927875
v -0.106085 0.049000 -0.920966
v -0.106771 0.049000 -0.913998
v -0.107000 0.049000 -0.907000
v 0.074000 0.049000 -0.907000
v 0.073842 0.049000 -0.911840
v 0.073367 0.049000 -0.916659
v 0.072578 0.049000 -0.921437
v 0.071479 0.049000 -0.926153
v 0.070073 0.049000 -0.930787
v 0.068367 0.049000 -0.935319
v 0.066369 0.049000 -0.939729
v 0.064086 0.049000 -0.944000
v 0.061529 0.049000 -0.948112
v 0.058708 0.049000 -0.952048
v 0.055636 0.049000 -0.955792
v 0.052326 0.049000 -0.959326
v 0.048792 0.049000 -0.962636
v 0.045048 0.049000 -0.965708
v 0.041112 0.049000 -0.968529
v 0.037000 0.049000 -0.971086
v 0.032729 0.049000 -0.973369
v 0.028319 0.049000 -0.975367
v 0.023787 0.049000 -0.977073
v 0.019153 0.049000 -0.978478
v 0.014437 0.049000 -0.979578
v 0.009659 0.049000 -0.980367
v 0.004840 0.049000 -0.980842
v 0.000000 0.049000 -0.981000
v -0.004840 0.049000 -0.980842
v -0.009659 0.049000 -0.980367
v -0.014437 0.049000 -0.979578
v -0.019153 0.049000 -0.978478
v -0.023787 0.049000 -0.977073
v -0.028319 0.049000 -0.975367
v -0.032729 0.049000 -0.973369
v -0.037000 0.049000 -0.971086
v -0.041112 0.049000 -0.968529
v -0.045048 0.049000 -0.965708
v -0.048792 0.049000 -0.962636
v -0.052326 0.049000 -0.959326
v -0.055636 0.049000 -0.955792
v -0.058708 0.049000 -0.952048
v -0.061529 0.049000 -0.948112
v -0.064086 0.049000 -0.944000
v -0.066369 0.049000 -0.939729
v -0.068367 0.049000 -0.935319
v -0.070073 0.049000 -0.930787
v -0.071479 0.049000 -0.926153
v -0.072578 0.049000 -0.921437
v -0.073367 0.049000 -0.916659
v -0.073842 0.049000 -0.911840
v -0.074000 0.049000 -0.907000
vn 0.9995 -0.0000 -0.0327
vn -0.9995 -0.0000 0.0326
vn -0.0000 -0.0000 1.0000
vn -0.0654 -0.0000 -0.9979
vn 0.9952 -0.0000 -0.0980
vn -0.9952 -0.0000 0.0981
vn -0.1305 -0.0000 -0.9914
vn 0.9866 -0.0000 -0.1629
vn -0.9866 -0.0000 0.1629
vn 0.1951 -0.0000 0.9808
vn 0.9739 -0.0000 -0.2271
vn -0.9739 -0.0000 0.2270
vn 0.2588 -0.0000 0.9659
vn 0.9570 -0.0000 -0.2902
vn -0.9569 -0.0000 0.2903
vn 0.3214 -0.0000 0.9469
vn 0.9359 -0.0000 -0.3523
vn -0.9359 -0.0000 0.3523
vn 0.3827 -0.0000 0.9239
vn 0.9109 -0.0000 -0.4127
vn -0.9109 -0.0000 0.4127
vn 0.4423 -0.0000 0.8969
vn 0.8820 -0.0000 -0.4713
vn -0.8819 -0.0000 0.4714
vn -0.5000 -0.0000 -0.8660
vn 0.8492 -0.0000 -0.5281
vn -0.8492 -0.0000 0.5281
vn -0.5556 -0.0000 -0.8315
vn 0.8129 -0.0000 -0.5825
vn -0.8128 -0.0000 0.5825
vn 0.6088 -0.0000 0.7934
vn 0.7730 -0.0000 -0.6344
vn -0.7731 -0.0000 0.6343
vn -0.6593 -0.0000 -0.7518
vn 0.7298 -0.0000 -0.6837
vn -0.7299 -0.0000 0.6836
vn 0.7071 -0.0000 0.7071
vn 0.6837 -0.0000 -0.7298
vn -0.6836 -0.0000 0.7299
vn 0.7518 -0.0000 0.6593
vn 0.6344 -0.0000 -0.7730
vn -0.6343 -0.0000 0.7731
vn 0.7934 -0.0000 0.6088
vn 0.5825 -0.0000 -0.8129
vn -0.5825 -0.0000 0.8128
vn 0.8315 -0.0000 0.5556
vn 0.5281 -0.0000 -0.8492
vn -0.5281 -0.0000 0.8492
vn 0.8660 -0.0000 0.5000
vn 0.4713 -0.0000 -0.8820
vn -0.4714 -0.0000 0.8819
vn -0.8969 -0.0000 -0.4423
vn 0.4127 -0.0000 -0.9109
vn -0.4127 -0.0000 0.9109
vn -0.9239 -0.0000 -0.3827
vn 0.3523 -0.0000 -0.9359
vn -0.3523 -0.0000 0.9359
vn -0.9469 -0.0000 -0.3214
vn 0.2902 -0.0000 -0.9570
vn -0.2902 -0.0000 0.9570
vn -0.9659 -0.0000 -0.2588
vn 0.2271 -0.0000 -0.9739
vn -0.2272 -0.0000 0.9739
vn -0.9808 -0.0000 -0.1951
vn 0.1629 -0.0000 -0.9866
vn -0.1629 -0.0000 0.9866
vn -0.9914 -0.0000 -0.1305
vn 0.0980 -0.0000 -0.9952
vn -0.0981 -0.0000 0.9952
vn -0.9979 -0.0000 -0.0654
vn 0.0327 -0.0000 -0.9995
vn -0.0326 -0.0000 0.9995
vn 1.0000 -0.0000 -0.0000
vn -0.0327 -0.0000 -0.9995
vn 0.0326 -0.0000 0.9995
vn 0.9979 -0.0000 -0.0654
vn -0.0980 -0.0000 -0.9952
vn 0.0981 -0.0000 0.9952
vn 0.9914 -0.0000 -0.1305
vn -0.1629 -0.0000 -0.9866
vn 0.1629 -0.0000 0.9866
vn 0.9808 -0.0000 -0.1951
vn -0.2271 -0.0000 -0.9739
vn 0.2272 -0.0000 0.9739
vn 0.9659 -0.0000 -0.2588
vn -0.2902 -0.0000 -0.9570
vn 0.2902 -0.0000 0.9570
vn 0.9469 -0.0000 -0.3214
vn -0.3523 -0.0000 -0.9359
vn 0.3523 -0.0000 0.9359
vn 0.9239 -0.0000 -0.3827
vn -0.4127 -0.0000 -0.9109
vn 0.4127 -0.0000 0.9109
vn 0.8969 -0.0000 -0.4423
vn -0.4713 -0.0000 -0.8820
vn 0.4714 -0.0000 0.8819
vn -0.8660 -0.0000 0.5000
vn -0.5281 -0.0000 -0.8492
vn 0.5281 -0.0000 0.8492
vn -0.8315 -0.0000 0.5556
vn -0.5825 -0.0000 -0.8129
vn 0.5825 -0.0000 0.8128
vn -0.7934 -0.0000 0.6088
vn -0.6344 -0.0000 -0.7730
vn 0.6343 -0.0000 0.7731
vn -0.7518 -0.0000 0.6593
vn -0.6837 -0.0000 -0.7298
vn 0.6836 -0.0000 0.7299
vn -0.7071 -0.0000 0.7071
vn -0.7298 -0.0000 -0.6837
vn 0.7299 -0.0000 0.6836
vn -0.6593 -0.0000 0.7518
vn -0.7730 -0.0000 -0.6344
vn 0.7731 -0.0000 0.6343
vn -0.6088 -0.0000 0.7934
vn -0.8129 -0.0000 -0.5825
vn 0.8128 -0.0000 0.5825
vn 0.5556 -0.0000 -0.8315
vn -0.8492 -0.0000 -0.5281
vn 0.8492 -0.0000 0.5281
vn 0.5000 -0.0000 -0.8660
vn -0.8820 -0.0000 -0.4713
vn 0.8819 -0.0000 0.4714
vn -0.4423 -0.0000 0.8969
vn -0.9109 -0.0000 -0.4127
vn 0.9109 -0.0000 0.4127
vn -0.3827 -0.0000 0.9239
vn -0.9359 -0.0000 -0.3523
vn 0.9359 -0.0000 0.3523
vn -0.3214 -0.0000 0.9469
vn -0.9570 -0.0000 -0.2902
vn 0.9569 -0.0000 0.2903
vn -0.2588 -0.0000 0.9659
vn -0.9739 -0.0000 -0.2271
vn 0.9739 -0.0000 0.2270
vn -0.1951 -0.0000 0.9808
vn -0.9866 -0.0000 -0.1629
vn 0.9866 -0.0000 0.1629
vn 0.1305 -0.0000 -0.9914
vn -0.9952 -0.0000 -0.0980
vn 0.9952 -0.0000 0.0981
vn 0.0654 -0.0000 -0.9979
vn -0.9995 -0.0000 -0.0327
vn 0.9995 -0.0000 0.0326
vn -0.0000 1.0000 -0.0000
vn -0.0000 -1.0000 -0.0000
vt 0.448000 0.553500
vt 0.448000 0.546502
vt 0.552000 0.546502
vt 0.552000 0.553500
vt 0.448000 0.548660
vt 0.552000 0.548660
vt 0.607000 0.448000
vt 0.607000 0.552000
vt 0.574000 0.552000
vt 0.574000 0.448000
vt 0.606771 0.448000
vt 0.573842 0.448000
vt 0.573842 0.552000
vt 0.606771 0.552000
vt 0.448000 0.539534
vt 0.552000 0.539534
vt 0.448000 0.543841
vt 0.552000 0.543841
vt 0.606085 0.448000
vt 0.573367 0.448000
vt 0.573367 0.552000
vt 0.606085 0.552000
vt 0.448000 0.532625
vt 0.552000 0.532625
vt 0.448000 0.539063
vt 0.552000 0.539063
vt 0.604944 0.448000
vt 0.604944 0.552000
vt 0.572578 0.552000
vt 0.572578 0.448000
vt 0.448000 0.525806
vt 0.552000 0.525806
vt 0.448000 0.534347
vt 0.552000 0.534347
vt 0.603354 0.448000
vt 0.603354 0.552000
vt 0.571479 0.552000
vt 0.571479 0.448000
vt 0.448000 0.519106
vt 0.552000 0.519106
vt 0.448000 0.529713
vt 0.552000 0.529713
vt 0.601322 0.448000
vt 0.601322 0.552000
vt 0.570073 0.552000
vt 0.570073 0.448000
vt 0.448000 0.512553
vt 0.552000 0.512553
vt 0.448000 0.525181
vt 0.552000 0.525181
vt 0.598855 0.448000
vt 0.598855 0.552000
vt 0.568367 0.552000
vt 0.568367 0.448000
vt 0.448000 0.506175
vt 0.552000 0.506175
vt 0.448000 0.520771
vt 0.552000 0.520771
vt 0.595965 0.448000
vt 0.595965 0.552000
vt 0.566369 0.552000
vt 0.566369 0.448000
vt 0.448000 0.500000
vt 0.552000 0.500000
vt 0.448000 0.516500
vt 0.552000 0.516500
vt 0.592665 0.448000
vt 0.564086 0.448000
vt 0.564086 0.552000
vt 0.592665 0.552000
vt 0.448000 0.494054
vt 0.552000 0.494054
vt 0.448000 0.512388
vt 0.552000 0.512388
vt 0.588967 0.448000
vt 0.561529 0.448000
vt 0.561529 0.552000
vt 0.588967 0.552000
vt 0.448000 0.488363
vt 0.552000 0.488363
vt 0.448000 0.508452
vt 0.552000 0.508452
vt 0.584889 0.448000
vt 0.584889 0.552000
vt 0.558708 0.552000
vt 0.558708 0.448000
vt 0.448000 0.482950
vt 0.552000 0.482950
vt 0.448000 0.504708
vt 0.552000 0.504708
vt 0.580447 0.448000
vt 0.555636 0.448000
vt 0.555636 0.552000
vt 0.580447 0.552000
vt 0.448000 0.477840
vt 0.552000 0.477840
vt 0.448000 0.501174
vt 0.552000 0.501174
vt 0.575660 0.448000
vt 0.575660 0.552000
vt 0.552326 0.552000
vt 0.552326 0.448000
vt 0.570550 0.448000
vt 0.570550 0.552000
vt 0.548792 0.448000
vt 0.548792 0.552000
vt 0.448000 0.473053
vt 0.552000 0.473053
vt 0.552000 0.497864
vt 0.448000 0.497864
vt 0.565137 0.448000
vt 0.565137 0.552000
vt 0.545048 0.448000
vt 0.545048 0.552000
vt 0.448000 0.468611
vt 0.552000 0.468611
vt 0.552000 0.494792
vt 0.448000 0.494792
vt 0.559446 0.448000
vt 0.559446 0.552000
vt 0.541112 0.448000
vt 0.541112 0.552000
vt 0.448000 0.464533
vt 0.552000 0.464533
vt 0.552000 0.491971
vt 0.448000 0.491971
vt 0.553500 0.448000
vt 0.553500 0.552000
vt 0.537000 0.448000
vt 0.537000 0.552000
vt 0.448000 0.460835
vt 0.552000 0.460835
vt 0.552000 0.489414
vt 0.448000 0.489414
vt 0.547325 0.448000
vt 0.547325 0.552000
vt 0.532729 0.448000
vt 0.532729 0.552000
vt 0.448000 0.457535
vt 0.448000 0.487131
vt 0.552000 0.487131
vt 0.552000 0.457535
vt 0.540947 0.448000
vt 0.540947 0.552000
vt 0.528319 0.448000
vt 0.528319 0.552000
vt 0.448000 0.454645
vt 0.448000 0.485133
vt 0.552000 0.485133
vt 0.552000 0.454645
vt 0.534394 0.448000
vt 0.534394 0.552000
vt 0.523787 0.448000
vt 0.523787 0.552000
vt 0.448000 0.452178
vt 0.448000 0.483427
vt 0.552000 0.483427
vt 0.552000 0.452178
vt 0.527694 0.448000
vt 0.527694 0.552000
vt 0.519153 0.448000
vt 0.519153 0.552000
vt 0.448000 0.450146
vt 0.448000 0.482022
vt 0.552000 0.482022
vt 0.552000 0.450146
vt 0.520875 0.448000
vt 0.520875 0.552000
vt 0.514437 0.448000
vt 0.514437 0.552000
vt 0.448000 0.448556
vt 0.448000 0.480922
vt 0.552000 0.480922
vt 0.552000 0.448556
vt 0.513966 0.448000
vt 0.513966 0.552000
vt 0.509659 0.448000
vt 0.509659 0.552000
vt 0.448000 0.447415
vt 0.448000 0.480133
vt 0.552000 0.480133
vt 0.552000 0.447415
vt 0.506998 0.448000
vt 0.506998 0.552000
vt 0.504840 0.448000
vt 0.504840 0.552000
vt 0.448000 0.446729
vt 0.448000 0.479658
vt 0.552000 0.479658
vt 0.552000 0.446729
vt 0.500000 0.448000
vt 0.500000 0.552000
vt 0.448000 0.446500
vt 0.552000 0.446500
vt 0.552000 0.479500
vt 0.448000 0.479500
vt 0.493002 0.448000
vt 0.493002 0.552000
vt 0.495160 0.448000
vt 0.495160 0.552000
vt 0.486034 0.448000
vt 0.486034 0.552000
vt 0.490341 0.448000
vt 0.490341 0.552000
vt 0.479125 0.448000
vt 0.479125 0.552000
vt 0.485563 0.448000
vt 0.485563 0.552000
vt 0.472306 0.448000
vt 0.472306 0.552000
vt 0.480847 0.448000
vt 0.480847 0.552000
vt 0.465606 0.448000
vt 0.465606 0.552000
vt 0.476213 0.448000
vt 0.476213 0.552000
vt 0.459053 0.448000
vt 0.459053 0.552000
vt 0.471681 0.448000
vt 0.471681 0.552000
vt 0.452675 0.448000
vt 0.452675 0.552000
vt 0.467271 0.448000
vt 0.467271 0.552000
vt 0.446500 0.448000
vt 0.446500 0.552000
vt 0.463000 0.448000
vt 0.463000 0.552000
vt 0.440554 0.448000
vt 0.440554 0.552000
vt 0.458888 0.448000
vt 0.458888 0.552000
vt 0.434863 0.448000
vt 0.434863 0.552000
vt 0.454952 0.448000
vt 0.454952 0.552000
vt 0.429450 0.448000
vt 0.429450 0.552000
vt 0.451208 0.448000
vt 0.451208 0.552000
vt 0.424340 0.448000
vt 0.424340 0.552000
vt 0.447674 0.448000
vt 0.447674 0.552000
vt 0.419553 0.448000
vt 0.444364 0.448000
vt 0.444364 0.552000
vt 0.419553 0.552000
vt 0.415111 0.448000
vt 0.441292 0.448000
vt 0.441292 0.552000
vt 0.415111 0.552000
vt 0.411033 0.448000
vt 0.411033 0.552000
vt 0.438471 0.552000
vt 0.438471 0.448000
vt 0.407335 0.448000
vt 0.407335 0.552000
vt 0.435914 0.552000
vt 0.435914 0.448000
vt 0.404035 0.448000
vt 0.433631 0.448000
vt 0.433631 0.552000
vt 0.404035 0.552000
vt 0.401145 0.448000
vt 0.431633 0.448000
vt 0.431633 0.552000
vt 0.401145 0.552000
vt 0.398678 0.448000
vt 0.429927 0.448000
vt 0.429927 0.552000
vt 0.398678 0.552000
vt 0.396646 0.448000
vt 0.428521 0.448000
vt 0.428521 0.552000
vt 0.396646 0.552000
vt 0.395056 0.448000
vt 0.427422 0.448000
vt 0.427422 0.552000
vt 0.395056 0.552000
vt 0.393915 0.448000
vt 0.393915 0.552000
vt 0.426633 0.552000
vt 0.426633 0.448000
vt 0.393229 0.448000
vt 0.393229 0.552000
vt 0.426158 0.552000
vt 0.426158 0.448000
vt 0.393000 0.448000
vt 0.426000 0.448000
vt 0.426000 0.552000
vt 0.393000 0.552000
vt 0.607000 0.553500
vt 0.606771 0.546502
vt 0.606085 0.539534
vt 0.604944 0.532625
vt 0.603354 0.525806
vt 0.601322 0.519106
vt 0.598855 0.512553
vt 0.595965 0.506175
vt 0.592665 0.500000
vt 0.588967 0.494054
vt 0.584889 0.488363
vt 0.580447 0.482950
vt 0.575660 0.477840
vt 0.570550 0.473053
vt 0.565137 0.468611
vt 0.559446 0.464533
vt 0.553500 0.460835
vt 0.547325 0.457535
vt 0.540947 0.454645
vt 0.534394 0.452178
vt 0.527694 0.450146
vt 0.520875 0.448556
vt 0.513966 0.447415
vt 0.506998 0.446729
vt 0.500000 0.446500
vt 0.493002 0.446729
vt 0.486034 0.447415
vt 0.479125 0.448556
vt 0.472306 0.450146
vt 0.465606 0.452178
vt 0.459053 0.454645
vt 0.452675 0.457535
vt 0.446500 0.460835
vt 0.440554 0.464533
vt 0.434863 0.468611
vt 0.429450 0.473053
vt 0.424340 0.477840
vt 0.419553 0.482950
vt 0.415111 0.488363
vt 0.411033 0.494054
vt 0.407335 0.500000
vt 0.404035 0.506175
vt 0.401145 0.512553
vt 0.398678 0.519106
vt 0.396646 0.525806
vt 0.395056 0.532625
vt 0.393915 0.539534
vt 0.393229 0.546502
vt 0.393000 0.553500
vt 0.426000 0.553500
vt 0.426158 0.548660
vt 0.426633 0.543841
vt 0.427422 0.539063
vt 0.428521 0.534347
vt 0.429927 0.529713
vt 0.431633 0.525181
vt 0.433631 0.520771
vt 0.435914 0.516500
vt 0.438471 0.512388
vt 0.441292 0.508452
vt 0.444364 0.504708
vt 0.447674 0.501174
vt 0.451208 0.497864
vt 0.454952 0.494792
vt 0.458888 0.491971
vt 0.463000 0.489414
vt 0.467271 0.487131
vt 0.471681 0.485133
vt 0.476213 0.483427
vt 0.480847 0.482022
vt 0.485563 0.480922
vt 0.490341 0.480133
vt 0.495160 0.479658
vt 0.500000 0.479500
vt 0.504840 0.479658
vt 0.509659 0.480133
vt 0.514437 0.480922
vt 0.519153 0.482022
vt 0.523787 0.483427
vt 0.528319 0.485133
vt 0.532729 0.487131
vt 0.537000 0.489414
vt 0.541112 0.491971
vt 0.545048 0.494792
vt 0.548792 0.497864
vt 0.552326 0.501174
vt 0.555636 0.504708
vt 0.558708 0.508452
vt 0.561529 0.512388
vt 0.564086 0.516500
vt 0.566369 0.520771
vt 0.568367 0.525181
vt 0.570073 0.529713
vt 0.571479 0.534347
vt 0.572578 0.539063
vt 0.573367 0.543841
vt 0.573842 0.548660
vt 0.574000 0.553500
s 1
usemtl Leather
f 1399/1501/430 1400/1502/430 1498/1503/430 1497/1504/430
f 1449/1505/431 1448/1501/431 1546/1504/431 1547/1506/431
f 1399/1507/432 1497/1508/432 1546/1509/432 1448/1510/432
f 1400/1511/433 1449/1512/433 1547/1513/433 1498/1514/433
f 1400/1502/434 1401/1515/434 1499/1516/434 1498/1503/434
f 1450/1517/435 1449/1505/435 1547/1506/435 1548/1518/435
f 1401/1519/436 1450/1520/436 1548/1521/436 1499/1522/436
f 1401/1515/437 1402/1523/437 1500/1524/437 1499/1516/437
f 1451/1525/438 1450/1517/438 1548/1518/438 1549/1526/438
f 1402/1527/439 1500/1528/439 1549/1529/439 1451/1530/439
f 1402/1523/440 1403/1531/440 1501/1532/440 1500/1524/440
f 1452/1533/441 1451/1525/441 1549/1526/441 1550/1534/441
f 1403/1535/442 1501/1536/442 1550/1537/442 1452/1538/442
f 1403/1531/443 1404/1539/443 1502/1540/443 1501/1532/443
f 1453/1541/444 1452/1533/444 1550/1534/444 1551/1542/444
f 1404/1543/445 1502/1544/445 1551/1545/445 1453/1546/445
f 1404/1539/446 1405/1547/446 1503/1548/446 1502/1540/446
f 1454/1549/447 1453/1541/447 1551/1542/447 1552/1550/447
f 1405/1551/448 1503/1552/448 1552/1553/448 1454/1554/448
f 1405/1547/449 1406/1555/449 1504/1556/449 1503/1548/449
f 1455/1557/450 1454/1549/450 1552/1550/450 1553/1558/450
f 1406/1559/451 1504/1560/451 1553/1561/451 1455/1562/451
f 1406/1555/452 1407/1563/452 1505/1564/452 1504/1556/452
f 1456/1565/453 1455/1557/453 1553/1558/453 1554/1566/453
f 1407/1567/454 1456/1568/454 1554/1569/454 1505/1570/454
f 1407/1563/455 1408/1571/455 1506/1572/455 1505/1564/455
f 1457/1573/456 1456/1565/456 1554/1566/456 1555/1574/456
f 1408/1575/457 1457/1576/457 1555/1577/457 1506/1578/457
f 1408/1571/458 1409/1579/458 1507/1580/458 1506/1572/458
f 1458/1581/459 1457/1573/459 1555/1574/459 1556/1582/459
f 1409/1583/460 1507/1584/460 1556/1585/460 1458/1586/460
f 1409/1579/461 1410/1587/461 1508/1588/461 1507/1580/461
f 1459/1589/462 1458/1581/462 1556/1582/462 1557/1590/462
f 1410/1591/463 1459/1592/463 1557/1593/463 1508/1594/463
f 1410/1587/464 1411/1595/464 1509/1596/464 1508/1588/464
f 1460/1597/465 1459/1589/465 1557/1590/465 1558/1598/465
f 1411/1599/466 1509/1600/466 1558/1601/466 1460/1602/466
f 1411/1599/467 1412/1603/467 1510/1604/467 1509/1600/467
f 1461/1605/468 1460/1602/468 1558/1601/468 1559/1606/468
f 1412/1607/469 1510/1608/469 1559/1609/469 1461/1610/469
f 1412/1603/470 1413/1611/470 1511/1612/470 1510/1604/470
f 1462/1613/471 1461/1605/471 1559/1606/471 1560/1614/471
f 1413/1615/472 1511/1616/472 1560/1617/472 1462/1618/472
f 1413/1611/473 1414/1619/473 1512/1620/473 1511/1612/473
f 1463/1621/474 1462/1613/474 1560/1614/474 1561/1622/474
f 1414/1623/475 1512/1624/475 1561/1625/475 1463/1626/475
f 1414/1619/476 1415/1627/476 1513/1628/476 1512/1620/476
f 1464/1629/477 1463/1621/477 1561/1622/477 1562/1630/477
f 1415/1631/478 1513/1632/478 1562/1633/478 1464/1634/478
f 1415/1627/479 1416/1635/479 1514/1636/479 1513/1628/479
f 1465/1637/480 1464/1629/480 1562/1630/480 1563/1638/480
f 1416/1639/481 1465/1640/481 1563/1641/481 1514/1642/481
f 1416/1635/482 1417/1643/482 1515/1644/482 1514/1636/482
f 1466/1645/483 1465/1637/483 1563/1638/483 1564/1646/483
f 1417/1647/484 1466/1648/484 1564/1649/484 1515/1650/484
f 1417/1643/485 1418/1651/485 1516/1652/485 1515/1644/485
f 1467/1653/486 1466/1645/486 1564/1646/486 1565/1654/486
f 1418/1655/487 1467/1656/487 1565/1657/487 1516/1658/487
f 1418/1651/488 1419/1659/488 1517/1660/488 1516/1652/488
f 1468/1661/489 1467/1653/489 1565/1654/489 1566/1662/489
f 1419/1663/490 1468/1664/490 1566/1665/490 1517/1666/490
f 1419/1659/491 1420/1667/491 1518/1668/491 1517/1660/491
f 1469/1669/492 1468/1661/492 1566/1662/492 1567/1670/492
f 1420/1671/493 1469/1672/493 1567/1673/493 1518/1674/493
f 1420/1667/494 1421/1675/494 1519/1676/494 1518/1668/494
f 1470/1677/495 1469/1669/495 1567/1670/495 1568/1678/495
f 1421/1679/496 1470/1680/496 1568/1681/496 1519/1682/496
f 1421/1675/497 1422/1683/497 1520/1684/497 1519/1676/497
f 1471/1685/498 1470/1677/498 1568/1678/498 1569/1686/498
f 1422/1687/499 1471/1688/499 1569/1689/499 1520/1690/499
f 1422/1683/500 1423/1691/500 1521/1692/500 1520/1684/500
f 1472/1691/501 1471/1685/501 1569/1686/501 1570/1692/501
f 1423/1693/502 1521/1694/502 1570/1695/502 1472/1696/502
f 1423/1691/503 1424/1697/503 1522/1698/503 1521/1692/503
f 1473/1699/504 1472/1691/504 1570/1692/504 1571/1700/504
f 1424/1687/505 1522/1690/505 1571/1689/505 1473/1688/505
f 1424/1697/506 1425/1701/506 1523/1702/506 1522/1698/506
f 1474/1703/507 1473/1699/507 1571/1700/507 1572/1704/507
f 1425/1679/508 1523/1682/508 1572/1681/508 1474/1680/508
f 1425/1701/509 1426/1705/509 1524/1706/509 1523/1702/509
f 1475/1707/510 1474/1703/510 1572/1704/510 1573/1708/510
f 1426/1671/511 1524/1674/511 1573/1673/511 1475/1672/511
f 1426/1705/512 1427/1709/512 1525/1710/512 1524/1706/512
f 1476/1711/513 1475/1707/513 1573/1708/513 1574/1712/513
f 1427/1663/514 1525/1666/514 1574/1665/514 1476/1664/514
f 1427/1709/515 1428/1713/515 1526/1714/515 1525/1710/515
f 1477/1715/516 1476/1711/516 1574/1712/516 1575/1716/516
f 1428/1655/517 1526/1658/517 1575/1657/517 1477/1656/517
f 1428/1713/518 1429/1717/518 1527/1718/518 1526/1714/518
f 1478/1719/519 1477/1715/519 1575/1716/519 1576/1720/519
f 1429/1647/520 1527/1650/520 1576/1649/520 1478/1648/520
f 1429/1717/521 1430/1721/521 1528/1722/521 1527/1718/521
f 1479/1723/522 1478/1719/522 1576/1720/522 1577/1724/522
f 1430/1639/523 1528/1642/523 1577/1641/523 1479/1640/523
f 1430/1721/524 1431/1725/524 1529/1726/524 1528/1722/524
f 1480/1727/525 1479/1723/525 1577/1724/525 1578/1728/525
f 1431/1631/526 1480/1634/526 1578/1633/526 1529/1632/526
f 1431/1725/527 1432/1729/527 1530/1730/527 1529/1726/527
f 1481/1731/528 1480/1727/528 1578/1728/528 1579/1732/528
f 1432/1623/529 1481/1626/529 1579/1625/529 1530/1624/529
f 1432/1729/530 1433/1733/530 1531/1734/530 1530/1730/530
f 1482/1735/531 1481/1731/531 1579/1732/531 1580/1736/531
f 1433/1615/532 1482/1618/532 1580/1617/532 1531/1616/532
f 1433/1733/533 1434/1737/533 1532/1738/533 1531/1734/533
f 1483/1739/534 1482/1735/534 1580/1736/534 1581/1740/534
f 1434/1607/535 1483/1610/535 1581/1609/535 1532/1608/535
f 1434/1737/536 1435/1741/536 1533/1742/536 1532/1738/536
f 1484/1743/537 1483/1739/537 1581/1740/537 1582/1744/537
f 1435/1741/538 1484/1743/538 1582/1744/538 1533/1742/538
f 1435/1595/539 1436/1587/539 1534/1588/539 1533/1596/539
f 1485/1589/540 1484/1597/540 1582/1598/540 1583/1590/540
f 1436/1745/541 1485/1746/541 1583/1747/541 1534/1748/541
f 1436/1587/542 1437/1579/542 1535/1580/542 1534/1588/542
f 1486/1581/543 1485/1589/543 1583/1590/543 1584/1582/543
f 1437/1749/544 1486/1750/544 1584/1751/544 1535/1752/544
f 1437/1579/545 1438/1571/545 1536/1572/545 1535/1580/545
f 1487/1573/546 1486/1581/546 1584/1582/546 1585/1574/546
f 1438/1753/547 1536/1754/547 1585/1755/547 1487/1756/547
f 1438/1571/548 1439/1563/548 1537/1564/548 1536/1572/548
f 1488/1565/549 1487/1573/549 1585/1574/549 1586/1566/549
f 1439/1757/550 1537/1758/550 1586/1759/550 1488/1760/550
f 1439/1563/551 1440/1555/551 1538/1556/551 1537/1564/551
f 1489/1557/552 1488/1565/552 1586/1566/552 1587/1558/552
f 1440/1761/553 1489/1762/553 1587/1763/553 1538/1764/553
f 1440/1555/554 1441/1547/554 1539/1548/554 1538/1556/554
f 1490/1549/555 1489/1557/555 1587/1558/555 1588/1550/555
f 1441/1765/556 1490/1766/556 1588/1767/556 1539/1768/556
f 1441/1547/557 1442/1539/557 1540/1540/557 1539/1548/557
f 1491/1541/558 1490/1549/558 1588/1550/558 1589/1542/558
f 1442/1769/559 1491/1770/559 1589/1771/559 1540/1772/559
f 1442/1539/560 1443/1531/560 1541/1532/560 1540/1540/560
f 1492/1533/561 1491/1541/561 1589/1542/561 1590/1534/561
f 1443/1773/562 1492/1774/562 1590/1775/562 1541/1776/562
f 1443/1531/563 1444/1523/563 1542/1524/563 1541/1532/563
f 1493/1525/564 1492/1533/564 1590/1534/564 1591/1526/564
f 1444/1777/565 1493/1778/565 1591/1779/565 1542/1780/565
f 1444/1523/566 1445/1515/566 1543/1516/566 1542/1524/566
f 1494/1517/567 1493/1525/567 1591/1526/567 1592/1518/567
f 1445/1781/568 1543/1782/568 1592/1783/568 1494/1784/568
f 1445/1515/569 1446/1502/569 1544/1503/569 1543/1516/569
f 1495/1505/570 1494/1517/570 1592/1518/570 1593/1506/570
f 1446/1785/571 1544/1786/571 1593/1787/571 1495/1788/571
f 1446/1502/572 1447/1501/572 1545/1504/572 1544/1503/572
f 1496/1501/573 1495/1505/573 1593/1506/573 1594/1504/573
f 1447/1789/432 1496/1790/432 1594/1791/432 1545/1792/432
f 1497/1793/574 1498/1794/574 1499/1795/574 1500/1796/574 1501/1797/574 1502/1798/574 1503/1799/574 1504/1800/574 1505/1801/574 1506/1802/574 1507/1803/574 1508/1804/574 1509/1805/574 1510/1806/574 1511/1807/574 1512/1808/574 1513/1809/574 1514/1810/574 1515/1811/574 1516/1812/574 1517/1813/574 1518/1814/574 1519/1815/574 1520/1816/574 1521/1817/574 1522/1818/574 1523/1819/574 1524/1820/574 1525/1821/574 1526/1822/574 1527/1823/574 1528/1824/574 1529/1825/574 1530/1826/574 1531/1827/574 1532/1828/574 1533/1829/574 1534/1830/574 1535/1831/574 1536/1832/574 1537/1833/574 1538/1834/574 1539/1835/574 1540/1836/574 1541/1837/574 1542/1838/574 1543/1839/574 1544/1840/574 1545/1841/574 1594/1842/574 1593/1843/574 1592/1844/574 1591/1845/574 1590/1846/574 1589/1847/574 1588/1848/574 1587/1849/574 1586/1850/574 1585/1851/574 1584/1852/574 1583/1853/574 1582/1854/574 1581/1855/574 1580/1856/574 1579/1857/574 1578/1858/574 1577/1859/574 1576/1860/574 1575/1861/574 1574/1862/574 1573/1863/574 1572/1864/574 1571/1865/574 1570/1866/574 1569/1867/574 1568/1868/574 1567/1869/574 1566/1870/574 1565/1871/574 1564/1872/574 1563/1873/574 1562/1874/574 1561/1875/574 1560/1876/574 1559/1877/574 1558/1878/574 1557/1879/574 1556/1880/574 1555/1881/574 1554/1882/574 1553/1883/574 1552/1884/574 1551/1885/574 1550/1886/574 1549/1887/574 1548/1888/574 1547/1889/574 1546/1890/574
f 1399/1793/575 1448/1890/575 1449/1889/575 1450/1888/575 1451/1887/575 1452/1886/575 1453/1885/575 1454/1884/575 1455/1883/575 1456/1882/575 1457/1881/575 1458/1880/575 1459/1879/575 1460/1878/575 1461/1877/575 1462/1876/575 1463/1875/575 1464/1874/575 1465/1873/575 1466/1872/575 1467/1871/575 1468/1870/575 1469/1869/575 1470/1868/575 1471/1867/575 1472/1866/575 1473/1865/575 1474/1864/575 1475/1863/575 1476/1862/575 1477/1861/575 1478/1860/575 1479/1859/575 1480/1858/575 1481/1857/575 1482/1856/575 1483/1855/575 1484/1854/575 1485/1853/575 1486/1852/575 1487/1851/575 1488/1850/575 1489/1849/575 1490/1848/575 1491/1847/575 1492/1846/575 1493/1845/575 1494/1844/575 1495/1843/575 1496/1842/575 1447/1841/575 1446/1840/575 1445/1839/575 1444/1838/575 1443/1837/575 1442/1836/575 1441/1835/575 1440/1834/575 1439/1833/575 1438/1832/575 1437/1831/575 1436/1830/575 1435/1829/575 1434/1828/575 1433/1827/575 1432/1826/575 1431/1825/575 1430/1824/575 1429/1823/575 1428/1822/575 1427/1821/575 1426/1820/575 1425/1819/575 1424/1818/575 1423/1817/575 1422/1816/575 1421/1815/575 1420/1814/575 1419/1813/575 1418/1812/575 1417/1811/575 1416/1810/575 1415/1809/575 1414/1808/575 1413/1807/575 1412/1806/575 1411/1805/575 1410/1804/575 1409/1803/575 1408/1802/575 1407/1801/575 1406/1800/575 1405/1799/575 1404/1798/575 1403/1797/575 1402/1796/575 1401/1795/575 1400/1794/575
o JawPlate_Center_1
v -0.107000 -0.055000 0.907000
v -0.106771 -0.055000 0.913998
v -0.106085 -0.055000 0.920966
v -0.104944 -0.055000 0.927875
v -0.103354 -0.055000 0.934694
v -0.101322 -0.055000 0.941394
v -0.098855 -0.055000 0.947947
v -0.095965 -0.055000 0.954325
v -0.092665 -0.055000 0.960500
v -0.088967 -0.055000 0.966446
v -0.084889 -0.055000 0.972137
v -0.080447 -0.055000 0.977550
v -0.075660 -0.055000 0.982660
v -0.070550 -0.055000 0.987447
v -0.065137 -0.055000 0.991889
v -0.059446 -0.055000 0.995967
v -0.053500 -0.055000 0.999665
v -0.047325 -0.055000 1.002965
v -0.040947 -0.055000 1.005855
v -0.034394 -0.055000 1.008322
v -0.027694 -0.055000 1.010354
v -0.020875 -0.055000 1.011944
v -0.013966 -0.055000 1.013085
v -0.006998 -0.055000 1.013771
v 0.000000 -0.055000 1.014000
v 0.006998 -0.055000 1.013771
v 0.013966 -0.055000 1.013085
v 0.020875 -0.055000 1.011944
v 0.027694 -0.055000 1.010354
v 0.034394 -0.055000 1.008322
v 0.040947 -0.055000 1.005855
v 0.047325 -0.055000 1.002965
v 0.053500 -0.055000 0.999665
v 0.059446 -0.055000 0.995967
v 0.065137 -0.055000 0.991889
v 0.070550 -0.055000 0.987447
v 0.075660 -0.055000 0.982660
v 0.080447 -0.055000 0.977550
v 0.084889 -0.055000 0.972137
v 0.088967 -0.055000 0.966446
v 0.092665 -0.055000 0.960500
v 0.095965 -0.055000 0.954325
v 0.098855 -0.055000 0.947947
v 0.101322 -0.055000 0.941394
v 0.103354 -0.055000 0.934694
v 0.104944 -0.055000 0.927875
v 0.106085 -0.055000 0.920966
v 0.106771 -0.055000 0.913998
v 0.107000 -0.055000 0.907000
v -0.074000 -0.055000 0.907000
v -0.073842 -0.055000 0.911840
v -0.073367 -0.055000 0.916659
v -0.072578 -0.055000 0.921437
v -0.071479 -0.055000 0.926153
v -0.070073 -0.055000 0.930787
v -0.068367 -0.055000 0.935319
v -0.066369 -0.055000 0.939729
v -0.064086 -0.055000 0.944000
v -0.061529 -0.055000 0.948112
v -0.058708 -0.055000 0.952048
v -0.055636 -0.055000 0.955792
v -0.052326 -0.055000 0.959326
v -0.048792 -0.055000 0.962636
v -0.045048 -0.055000 0.965708
v -0.041112 -0.055000 0.968529
v -0.037000 -0.055000 0.971086
v -0.032729 -0.055000 0.973369
v -0.028319 -0.055000 0.975367
v -0.023787 -0.055000 0.977073
v -0.019153 -0.055000 0.978478
v -0.014437 -0.055000 0.979578
v -0.009659 -0.055000 0.980367
v -0.004840 -0.055000 0.980842
v 0.000000 -0.055000 0.981000
v 0.004840 -0.055000 0.980842
v 0.009659 -0.055000 0.980367
v 0.014437 -0.055000 0.979578
v 0.019153 -0.055000 0.978478
v 0.023787 -0.055000 0.977073
v 0.028319 -0.055000 0.975367
v 0.032729 -0.055000 0.973369
v 0.037000 -0.055000 0.971086
v 0.041112 -0.055000 0.968529
v 0.045048 -0.055000 0.965708
v 0.048792 -0.055000 0.962636
v 0.052326 -0.055000 0.959326
v 0.055636 -0.055000 0.955792
v 0.058708 -0.055000 0.952048
v 0.061529 -0.055000 0.948112
v 0.064086 -0.055000 0.944000
v 0.066369 -0.055000 0.939729
v 0.068367 -0.055000 0.935319
v 0.070073 -0.055000 0.930787
v 0.071479 -0.055000 0.926153
v 0.072578 -0.055000 0.921437
v 0.073367 -0.055000 0.916659
v 0.073842 -0.055000 0.911840
v 0.074000 -0.055000 0.907000
v -0.107000 0.049000 0.907000
v -0.106771 0.049000 0.913998
v -0.106085 0.049000 0.920966
v -0.104944 0.049000 0.927875
v -0.103354 0.049000 0.934694
v -0.101322 0.049000 0.941394
v -0.098855 0.049000 0.947947
v -0.095965 0.049000 0.954325
v -0.092665 0.049000 0.960500
v -0.088967 0.049000 0.966446
v -0.084889 0.049000 0.972137
v -0.080447 0.049000 0.977550
v -0.075660 0.049000 0.982660
v -0.070550 0.049000 0.987447
v -0.065137 0.049000 0.991889
v -0.059446 0.049000 0.995967
v -0.053500 0.049000 0.999665
v -0.047325 0.049000 1.002965
v -0.040947 0.049000 1.005855
v -0.034394 0.049000 1.008322
v -0.027694 0.049000 1.010354
v -0.020875 0.049000 1.011944
v -0.013966 0.049000 1.013085
v -0.006998 0.049000 1.013771
v 0.000000 0.049000 1.014000
v 0.006998 0.049000 1.013771
v 0.013966 0.049000 1.013085
v 0.020875 0.049000 1.011944
v 0.027694 0.049000 1.010354
v 0.034394 0.049000 1.008322
v 0.040947 0.049000 1.005855
v 0.047325 0.049000 1.002965
v 0.053500 0.049000 0.999665
v 0.059446 0.049000 0.995967
v 0.065137 0.049000 0.991889
v 0.070550 0.049000 0.987447
v 0.075660 0.049000 0.982660
v 0.080447 0.049000 0.977550
v 0.084889 0.049000 0.972137
v 0.088967 0.049000 0.966446
v 0.092665 0.049000 0.960500
v 0.095965 0.049000 0.954325
v 0.098855 0.049000 0.947947
v 0.101322 0.049000 0.941394
v 0.103354 0.049000 0.934694
v 0.104944 0.049000 0.927875
v 0.106085 0.049000 0.920966
v 0.106771 0.049000 0.913998
v 0.107000 0.049000 0.907000
v -0.074000 0.049000 0.907000
v -0.073842 0.049000 0.911840
v -0.073367 0.049000 0.916659
v -0.072578 0.049000 0.921437
v -0.071479 0.049000 0.926153
v -0.070073 0.049000 0.930787
v -0.068367 0.049000 0.935319
v -0.066369 0.049000 0.939729
v -0.064086 0.049000 0.944000
v -0.061529 0.049000 0.948112
v -0.058708 0.049000 0.952048
v -0.055636 0.049000 0.955792
v -0.052326 0.049000 0.959326
v -0.048792 0.049000 0.962636
v -0.045048 0.049000 0.965708
v -0.041112 0.049000 0.968529
v -0.037000 0.049000 0.971086
v -0.032729 0.049000 0.973369
v -0.028319 0.049000 0.975367
v -0.023787 0.049000 0.977073
v -0.019153 0.049000 0.978478
v -0.014437 0.049000 0.979578
v -0.009659 0.049000 0.980367
v -0.004840 0.049000 0.980842
v 0.000000 0.049000 0.981000
v 0.004840 0.049000 0.980842
v 0.009659 0.049000 0.980367
v 0.014437 0.049000 0.979578
v 0.019153 0.049000 0.978478
v 0.023787 0.049000 0.977073
v 0.028319 0.049000 0.975367
v 0.032729 0.049000 0.973369
v 0.037000 0.049000 0.971086
v 0.041112 0.049000 0.968529
v 0.045048 0.049000 0.965708
v 0.048792 0.049000 0.962636
v 0.052326 0.049000 0.959326
v 0.055636 0.049000 0.955792
v 0.058708 0.049000 0.952048
v 0.061529 0.049000 0.948112
v 0.064086 0.049000 0.944000
v 0.066369 0.049000 0.939729
v 0.068367 0.049000 0.935319
v 0.070073 0.049000 0.930787
v 0.071479 0.049000 0.926153
v 0.072578 0.049000 0.921437
v 0.073367 0.049000 0.916659
v 0.073842 0.049000 0.911840
v 0.074000 0.049000 0.907000
vn -0.9995 -0.0000 0.0327
vn 0.9995 -0.0000 -0.0326
vn -0.0000 -0.0000 -1.0000
vn 0.0654 -0.0000 0.9979
vn -0.9952 -0.0000 0.0980
vn 0.9952 -0.0000 -0.0981
vn 0.1305 -0.0000 0.9914
vn -0.9866 -0.0000 0.1629
vn 0.9866 -0.0000 -0.1629
vn -0.1951 -0.0000 -0.9808
vn -0.9739 -0.0000 0.2271
vn 0.9739 -0.0000 -0.2270
vn -0.2588 -0.0000 -0.9659
vn -0.9570 -0.0000 0.2902
vn 0.9569 -0.0000 -0.2903
vn -0.3214 -0.0000 -0.9469
vn -0.9359 -0.0000 0.3523
vn 0.9359 -0.0000 -0.3523
vn -0.3827 -0.0000 -0.9239
vn -0.9109 -0.0000 0.4127
vn 0.9109 -0.0000 -0.4127
vn -0.4423 -0.0000 -0.8969
vn -0.8820 -0.0000 0.4713
vn 0.8819 -0.0000 -0.4714
vn 0.5000 -0.0000 0.8660
vn -0.8492 -0.0000 0.5281
vn 0.8492 -0.0000 -0.5281
vn 0.5556 -0.0000 0.8315
vn -0.8129 -0.0000 0.5825
vn 0.8128 -0.0000 -0.5825
vn -0.6088 -0.0000 -0.7934
vn -0.7730 -0.0000 0.6344
vn 0.7731 -0.0000 -0.6343
vn 0.6593 -0.0000 0.7518
vn -0.7298 -0.0000 0.6837
vn 0.7299 -0.0000 -0.6836
vn -0.7071 -0.0000 -0.7071
vn -0.6837 -0.0000 0.7298
vn 0.6836 -0.0000 -0.7299
vn -0.7518 -0.0000 -0.6593
vn -0.6344 -0.0000 0.7730
vn 0.6343 -0.0000 -0.7731
vn -0.7934 -0.0000 -0.6088
vn -0.5825 -0.0000 0.8129
vn 0.5825 -0.0000 -0.8128
vn -0.8315 -0.0000 -0.5556
vn -0.5281 -0.0000 0.8492
vn 0.5281 -0.0000 -0.8492
vn -0.8660 -0.0000 -0.5000
vn -0.4713 -0.0000 0.8820
vn 0.4714 -0.0000 -0.8819
vn 0.8969 -0.0000 0.4423
vn -0.4127 -0.0000 0.9109
vn 0.4127 -0.0000 -0.9109
vn 0.9239 -0.0000 0.3827
vn -0.3523 -0.0000 0.9359
vn 0.3523 -0.0000 -0.9359
vn 0.9469 -0.0000 0.3214
vn -0.2902 -0.0000 0.9570
vn 0.2902 -0.0000 -0.9570
vn 0.9659 -0.0000 0.2588
vn -0.2271 -0.0000 0.9739
vn 0.2272 -0.0000 -0.9739
vn 0.9808 -0.0000 0.1951
vn -0.1629 -0.0000 0.9866
vn 0.1629 -0.0000 -0.9866
vn 0.9914 -0.0000 0.1305
vn -0.0980 -0.0000 0.9952
vn 0.0981 -0.0000 -0.9952
vn 0.9979 -0.0000 0.0654
vn -0.0327 -0.0000 0.9995
vn 0.0326 -0.0000 -0.9995
vn -1.0000 -0.0000 -0.0000
vn 0.0327 -0.0000 0.9995
vn -0.0326 -0.0000 -0.9995
vn -0.9979 -0.0000 0.0654
vn 0.0980 -0.0000 0.9952
vn -0.0981 -0.0000 -0.9952
vn -0.9914 -0.0000 0.1305
vn 0.1629 -0.0000 0.9866
vn -0.1629 -0.0000 -0.9866
vn -0.9808 -0.0000 0.1951
vn 0.2271 -0.0000 0.9739
vn -0.2272 -0.0000 -0.9739
vn -0.9659 -0.0000 0.2588
vn 0.2902 -0.0000 0.9570
vn -0.2902 -0.0000 -0.9570
vn -0.9469 -0.0000 0.3214
vn 0.3523 -0.0000 0.9359
vn -0.3523 -0.0000 -0.9359
vn -0.9239 -0.0000 0.3827
vn 0.4127 -0.0000 0.9109
vn -0.4127 -0.0000 -0.9109
vn -0.8969 -0.0000 0.4423
vn 0.4713 -0.0000 0.8820
vn -0.4714 -0.0000 -0.8819
vn 0.8660 -0.0000 -0.5000
vn 0.5281 -0.0000 0.8492
vn -0.5281 -0.0000 -0.8492
vn 0.8315 -0.0000 -0.5556
vn 0.5825 -0.0000 0.8129
vn -0.5825 -0.0000 -0.8128
vn 0.7934 -0.0000 -0.6088
vn 0.6344 -0.0000 0.7730
vn -0.6343 -0.0000 -0.7731
vn 0.7518 -0.0000 -0.6593
vn 0.6837 -0.0000 0.7298
vn -0.6836 -0.0000 -0.7299
vn 0.7071 -0.0000 -0.7071
vn 0.7298 -0.0000 0.6837
vn -0.7299 -0.0000 -0.6836
vn 0.6593 -0.0000 -0.7518
vn 0.7730 -0.0000 0.6344
vn -0.7731 -0.0000 -0.6343
vn 0.6088 -0.0000 -0.7934
vn 0.8129 -0.0000 0.5825
vn -0.8128 -0.0000 -0.5825
vn -0.5556 -0.0000 0.8315
vn 0.8492 -0.0000 0.5281
vn -0.8492 -0.0000 -0.5281
vn -0.5000 -0.0000 0.8660
vn 0.8820 -0.0000 0.4713
vn -0.8819 -0.0000 -0.4714
vn 0.4423 -0.0000 -0.8969
vn 0.9109 -0.0000 0.4127
vn -0.9109 -0.0000 -0.4127
vn 0.3827 -0.0000 -0.9239
vn 0.9359 -0.0000 0.3523
vn -0.9359 -0.0000 -0.3523
vn 0.3214 -0.0000 -0.9469
vn 0.9570 -0.0000 0.2902
vn -0.9569 -0.0000 -0.2903
vn 0.2588 -0.0000 -0.9659
vn 0.9739 -0.0000 0.2271
vn -0.9739 -0.0000 -0.2270
vn 0.1951 -0.0000 -0.9808
vn 0.9866 -0.0000 0.1629
vn -0.9866 -0.0000 -0.1629
vn -0.1305 -0.0000 0.9914
vn 0.9952 -0.0000 0.0980
vn -0.9952 -0.0000 -0.0981
vn -0.0654 -0.0000 0.9979
vn 0.9995 -0.0000 0.0327
vn -0.9995 -0.0000 -0.0326
vn -0.0000 1.0000 -0.0000
vn -0.0000 -1.0000 -0.0000
vt 0.448000 0.446500
vt 0.448000 0.453498
vt 0.552000 0.453498
vt 0.552000 0.446500
vt 0.448000 0.451340
vt 0.552000 0.451340
vt 0.393000 0.448000
vt 0.393000 0.552000
vt 0.426000 0.552000
vt 0.426000 0.448000
vt 0.393229 0.448000
vt 0.426158 0.448000
vt 0.426158 0.552000
vt 0.393229 0.552000
vt 0.448000 0.460466
vt 0.552000 0.460466
vt 0.448000 0.456159
vt 0.552000 0.456159
vt 0.393915 0.448000
vt 0.426633 0.448000
vt 0.426633 0.552000
vt 0.393915 0.552000
vt 0.448000 0.467375
vt 0.552000 0.467375
vt 0.448000 0.460937
vt 0.552000 0.460937
vt 0.395056 0.448000
vt 0.395056 0.552000
vt 0.427422 0.552000
vt 0.427422 0.448000
vt 0.448000 0.474194
vt 0.552000 0.474194
vt 0.448000 0.465653
vt 0.552000 0.465653
vt 0.396646 0.448000
vt 0.396646 0.552000
vt 0.428521 0.552000
vt 0.428521 0.448000
vt 0.448000 0.480894
vt 0.552000 0.480894
vt 0.448000 0.470287
vt 0.552000 0.470287
vt 0.398678 0.448000
vt 0.398678 0.552000
vt 0.429927 0.552000
vt 0.429927 0.448000
vt 0.448000 0.487447
vt 0.552000 0.487447
vt 0.448000 0.474819
vt 0.552000 0.474819
vt 0.401145 0.448000
vt 0.401145 0.552000
vt 0.431633 0.552000
vt 0.431633 0.448000
vt 0.448000 0.493825
vt 0.552000 0.493825
vt 0.448000 0.479229
vt 0.552000 0.479229
vt 0.404035 0.448000
vt 0.404035 0.552000
vt 0.433631 0.552000
vt 0.433631 0.448000
vt 0.448000 0.500000
vt 0.552000 0.500000
vt 0.448000 0.483500
vt 0.552000 0.483500
vt 0.407335 0.448000
vt 0.435914 0.448000
vt 0.435914 0.552000
vt 0.407335 0.552000
vt 0.448000 0.505946
vt 0.552000 0.505946
vt 0.448000 0.487612
vt 0.552000 0.487612
vt 0.411033 0.448000
vt 0.438471 0.448000
vt 0.438471 0.552000
vt 0.411033 0.552000
vt 0.448000 0.511637
vt 0.552000 0.511637
vt 0.448000 0.491548
vt 0.552000 0.491548
vt 0.415111 0.448000
vt 0.415111 0.552000
vt 0.441292 0.552000
vt 0.441292 0.448000
vt 0.448000 0.517050
vt 0.552000 0.517050
vt 0.448000 0.495292
vt 0.552000 0.495292
vt 0.419553 0.448000
vt 0.444364 0.448000
vt 0.444364 0.552000
vt 0.419553 0.552000
vt 0.448000 0.522160
vt 0.552000 0.522160
vt 0.448000 0.498826
vt 0.552000 0.498826
vt 0.424340 0.448000
vt 0.424340 0.552000
vt 0.447674 0.552000
vt 0.447674 0.448000
vt 0.429450 0.448000
vt 0.429450 0.552000
vt 0.451208 0.448000
vt 0.451208 0.552000
vt 0.448000 0.526947
vt 0.552000 0.526947
vt 0.552000 0.502136
vt 0.448000 0.502136
vt 0.434863 0.448000
vt 0.434863 0.552000
vt 0.454952 0.448000
vt 0.454952 0.552000
vt 0.448000 0.531389
vt 0.552000 0.531389
vt 0.552000 0.505208
vt 0.448000 0.505208
vt 0.440554 0.448000
vt 0.440554 0.552000
vt 0.458888 0.448000
vt 0.458888 0.552000
vt 0.448000 0.535467
vt 0.552000 0.535467
vt 0.552000 0.508029
vt 0.448000 0.508029
vt 0.446500 0.448000
vt 0.446500 0.552000
vt 0.463000 0.448000
vt 0.463000 0.552000
vt 0.448000 0.539165
vt 0.552000 0.539165
vt 0.552000 0.510586
vt 0.448000 0.510586
vt 0.452675 0.448000
vt 0.452675 0.552000
vt 0.467271 0.448000
vt 0.467271 0.552000
vt 0.448000 0.542465
vt 0.448000 0.512869
vt 0.552000 0.512869
vt 0.552000 0.542465
vt 0.459053 0.448000
vt 0.459053 0.552000
vt 0.471681 0.448000
vt 0.471681 0.552000
vt 0.448000 0.545355
vt 0.448000 0.514867
vt 0.552000 0.514867
vt 0.552000 0.545355
vt 0.465606 0.448000
vt 0.465606 0.552000
vt 0.476213 0.448000
vt 0.476213 0.552000
vt 0.448000 0.547822
vt 0.448000 0.516573
vt 0.552000 0.516573
vt 0.552000 0.547822
vt 0.472306 0.448000
vt 0.472306 0.552000
vt 0.480847 0.448000
vt 0.480847 0.552000
vt 0.448000 0.549854
vt 0.448000 0.517978
vt 0.552000 0.517978
vt 0.552000 0.549854
vt 0.479125 0.448000
vt 0.479125 0.552000
vt 0.485563 0.448000
vt 0.485563 0.552000
vt 0.448000 0.551444
vt 0.448000 0.519078
vt 0.552000 0.519078
vt 0.552000 0.551444
vt 0.486034 0.448000
vt 0.486034 0.552000
vt 0.490341 0.448000
vt 0.490341 0.552000
vt 0.448000 0.552585
vt 0.448000 0.519867
vt 0.552000 0.519867
vt 0.552000 0.552585
vt 0.493002 0.448000
vt 0.493002 0.552000
vt 0.495160 0.448000
vt 0.495160 0.552000
vt 0.448000 0.553271
vt 0.448000 0.520342
vt 0.552000 0.520342
vt 0.552000 0.553271
vt 0.500000 0.448000
vt 0.500000 0.552000
vt 0.448000 0.553500
vt 0.552000 0.553500
vt 0.552000 0.520500
vt 0.448000 0.520500
vt 0.506998 0.448000
vt 0.506998 0.552000
vt 0.504840 0.448000
vt 0.504840 0.552000
vt 0.513966 0.448000
vt 0.513966 0.552000
vt 0.509659 0.448000
vt 0.509659 0.552000
vt 0.520875 0.448000
vt 0.520875 0.552000
vt 0.514437 0.448000
vt 0.514437 0.552000
vt 0.527694 0.448000
vt 0.527694 0.552000
vt 0.519153 0.448000
vt 0.519153 0.552000
vt 0.534394 0.448000
vt 0.534394 0.552000
vt 0.523787 0.448000
vt 0.523787 0.552000
vt 0.540947 0.448000
vt 0.540947 0.552000
vt 0.528319 0.448000
vt 0.528319 0.552000
vt 0.547325 0.448000
vt 0.547325 0.552000
vt 0.532729 0.448000
vt 0.532729 0.552000
vt 0.553500 0.448000
vt 0.553500 0.552000
vt 0.537000 0.448000
vt 0.537000 0.552000
vt 0.559446 0.448000
vt 0.559446 0.552000
vt 0.541112 0.448000
vt 0.541112 0.552000
vt 0.565137 0.448000
vt 0.565137 0.552000
vt 0.545048 0.448000
vt 0.545048 0.552000
vt 0.570550 0.448000
vt 0.570550 0.552000
vt 0.548792 0.448000
vt 0.548792 0.552000
vt 0.575660 0.448000
vt 0.575660 0.552000
vt 0.552326 0.448000
vt 0.552326 0.552000
vt 0.580447 0.448000
vt 0.555636 0.448000
vt 0.555636 0.552000
vt 0.580447 0.552000
vt 0.584889 0.448000
vt 0.558708 0.448000
vt 0.558708 0.552000
vt 0.584889 0.552000
vt 0.588967 0.448000
vt 0.588967 0.552000
vt 0.561529 0.552000
vt 0.561529 0.448000
vt 0.592665 0.448000
vt 0.592665 0.552000
vt 0.564086 0.552000
vt 0.564086 0.448000
vt 0.595965 0.448000
vt 0.566369 0.448000
vt 0.566369 0.552000
vt 0.595965 0.552000
vt 0.598855 0.448000
vt 0.568367 0.448000
vt 0.568367 0.552000
vt 0.598855 0.552000
vt 0.601322 0.448000
vt 0.570073 0.448000
vt 0.570073 0.552000
vt 0.601322 0.552000
vt 0.603354 0.448000
vt 0.571479 0.448000
vt 0.571479 0.552000
vt 0.603354 0.552000
vt 0.604944 0.448000
vt 0.572578 0.448000
vt 0.572578 0.552000
vt 0.604944 0.552000
vt 0.606085 0.448000
vt 0.606085 0.552000
vt 0.573367 0.552000
vt 0.573367 0.448000
vt 0.606771 0.448000
vt 0.606771 0.552000
vt 0.573842 0.552000
vt 0.573842 0.448000
vt 0.607000 0.448000
vt 0.574000 0.448000
vt 0.574000 0.552000
vt 0.607000 0.552000
vt 0.393000 0.446500
vt 0.393229 0.453498
vt 0.393915 0.460466
vt 0.395056 0.467375
vt 0.396646 0.474194
vt 0.398678 0.480894
vt 0.401145 0.487447
vt 0.404035 0.493825
vt 0.407335 0.500000
vt 0.411033 0.505946
vt 0.415111 0.511637
vt 0.419553 0.517050
vt 0.424340 0.522160
vt 0.429450 0.526947
vt 0.434863 0.531389
vt 0.440554 0.535467
vt 0.446500 0.539165
vt 0.452675 0.542465
vt 0.459053 0.545355
vt 0.465606 0.547822
vt 0.472306 0.549854
vt 0.479125 0.551444
vt 0.486034 0.552585
vt 0.493002 0.553271
vt 0.500000 0.553500
vt 0.506998 0.553271
vt 0.513966 0.552585
vt 0.520875 0.551444
vt 0.527694 0.549854
vt 0.534394 0.547822
vt 0.540947 0.545355
vt 0.547325 0.542465
vt 0.553500 0.539165
vt 0.559446 0.535467
vt 0.565137 0.531389
vt 0.570550 0.526947
vt 0.575660 0.522160
vt 0.580447 0.517050
vt 0.584889 0.511637
vt 0.588967 0.505946
vt 0.592665 0.500000
vt 0.595965 0.493825
vt 0.598855 0.487447
vt 0.601322 0.480894
vt 0.603354 0.474194
vt 0.604944 0.467375
vt 0.606085 0.460466
vt 0.606771 0.453498
vt 0.607000 0.446500
vt 0.574000 0.446500
vt 0.573842 0.451340
vt 0.573367 0.456159
vt 0.572578 0.460937
vt 0.571479 0.465653
vt 0.570073 0.470287
vt 0.568367 0.474819
vt 0.566369 0.479229
vt 0.564086 0.483500
vt 0.561529 0.487612
vt 0.558708 0.491548
vt 0.555636 0.495292
vt 0.552326 0.498826
vt 0.548792 0.502136
vt 0.545048 0.505208
vt 0.541112 0.508029
vt 0.537000 0.510586
vt 0.532729 0.512869
vt 0.528319 0.514867
vt 0.523787 0.516573
vt 0.519153 0.517978
vt 0.514437 0.519078
vt 0.509659 0.519867
vt 0.504840 0.520342
vt 0.500000 0.520500
vt 0.495160 0.520342
vt 0.490341 0.519867
vt 0.485563 0.519078
vt 0.480847 0.517978
vt 0.476213 0.516573
vt 0.471681 0.514867
vt 0.467271 0.512869
vt 0.463000 0.510586
vt 0.458888 0.508029
vt 0.454952 0.505208
vt 0.451208 0.502136
vt 0.447674 0.498826
vt 0.444364 0.495292
vt 0.441292 0.491548
vt 0.438471 0.487612
vt 0.435914 0.483500
vt 0.433631 0.479229
vt 0.431633 0.474819
vt 0.429927 0.470287
vt 0.428521 0.465653
vt 0.427422 0.460937
vt 0.426633 0.456159
vt 0.426158 0.451340
vt 0.426000 0.446500
s 1
usemtl Leather
f 1595/1891/576 1596/1892/576 1694/1893/576 1693/1894/576
f 1645/1895/577 1644/1891/577 1742/1894/577 1743/1896/577
f 1595/1897/578 1693/1898/578 1742/1899/578 1644/1900/578
f 1596/1901/579 1645/1902/579 1743/1903/579 1694/1904/579
f 1596/1892/580 1597/1905/580 1695/1906/580 1694/1893/580
f 1646/1907/581 1645/1895/581 1743/1896/581 1744/1908/581
f 1597/1909/582 1646/1910/582 1744/1911/582 1695/1912/582
f 1597/1905/583 1598/1913/583 1696/1914/583 1695/1906/583
f 1647/1915/584 1646/1907/584 1744/1908/584 1745/1916/584
f 1598/1917/585 1696/1918/585 1745/1919/585 1647/1920/585
f 1598/1913/586 1599/1921/586 1697/1922/586 1696/1914/586
f 1648/1923/587 1647/1915/587 1745/1916/587 1746/1924/587
f 1599/1925/588 1697/1926/588 1746/1927/588 1648/1928/588
f 1599/1921/589 1600/1929/589 1698/1930/589 1697/1922/589
f 1649/1931/590 1648/1923/590 1746/1924/590 1747/1932/590
f 1600/1933/591 1698/1934/591 1747/1935/591 1649/1936/591
f 1600/1929/592 1601/1937/592 1699/1938/592 1698/1930/592
f 1650/1939/593 1649/1931/593 1747/1932/593 1748/1940/593
f 1601/1941/594 1699/1942/594 1748/1943/594 1650/1944/594
f 1601/1937/595 1602/1945/595 1700/1946/595 1699/1938/595
f 1651/1947/596 1650/1939/596 1748/1940/596 1749/1948/596
f 1602/1949/597 1700/1950/597 1749/1951/597 1651/1952/597
f 1602/1945/598 1603/1953/598 1701/1954/598 1700/1946/598
f 1652/1955/599 1651/1947/599 1749/1948/599 1750/1956/599
f 1603/1957/600 1652/1958/600 1750/1959/600 1701/1960/600
f 1603/1953/601 1604/1961/601 1702/1962/601 1701/1954/601
f 1653/1963/602 1652/1955/602 1750/1956/602 1751/1964/602
f 1604/1965/603 1653/1966/603 1751/1967/603 1702/1968/603
f 1604/1961/604 1605/1969/604 1703/1970/604 1702/1962/604
f 1654/1971/605 1653/1963/605 1751/1964/605 1752/1972/605
f 1605/1973/606 1703/1974/606 1752/1975/606 1654/1976/606
f 1605/1969/607 1606/1977/607 1704/1978/607 1703/1970/607
f 1655/1979/608 1654/1971/608 1752/1972/608 1753/1980/608
f 1606/1981/609 1655/1982/609 1753/1983/609 1704/1984/609
f 1606/1977/610 1607/1985/610 1705/1986/610 1704/1978/610
f 1656/1987/611 1655/1979/611 1753/1980/611 1754/1988/611
f 1607/1989/612 1705/1990/612 1754/1991/612 1656/1992/612
f 1607/1989/613 1608/1993/613 1706/1994/613 1705/1990/613
f 1657/1995/614 1656/1992/614 1754/1991/614 1755/1996/614
f 1608/1997/615 1706/1998/615 1755/1999/615 1657/2000/615
f 1608/1993/616 1609/2001/616 1707/2002/616 1706/1994/616
f 1658/2003/617 1657/1995/617 1755/1996/617 1756/2004/617
f 1609/2005/618 1707/2006/618 1756/2007/618 1658/2008/618
f 1609/2001/619 1610/2009/619 1708/2010/619 1707/2002/619
f 1659/2011/620 1658/2003/620 1756/2004/620 1757/2012/620
f 1610/2013/621 1708/2014/621 1757/2015/621 1659/2016/621
f 1610/2009/622 1611/2017/622 1709/2018/622 1708/2010/622
f 1660/2019/623 1659/2011/623 1757/2012/623 1758/2020/623
f 1611/2021/624 1709/2022/624 1758/2023/624 1660/2024/624
f 1611/2017/625 1612/2025/625 1710/2026/625 1709/2018/625
f 1661/2027/626 1660/2019/626 1758/2020/626 1759/2028/626
f 1612/2029/627 1661/2030/627 1759/2031/627 1710/2032/627
f 1612/2025/628 1613/2033/628 1711/2034/628 1710/2026/628
f 1662/2035/629 1661/2027/629 1759/2028/629 1760/2036/629
f 1613/2037/630 1662/2038/630 1760/2039/630 1711/2040/630
f 1613/2033/631 1614/2041/631 1712/2042/631 1711/2034/631
f 1663/2043/632 1662/2035/632 1760/2036/632 1761/2044/632
f 1614/2045/633 1663/2046/633 1761/2047/633 1712/2048/633
f 1614/2041/634 1615/2049/634 1713/2050/634 1712/2042/634
f 1664/2051/635 1663/2043/635 1761/2044/635 1762/2052/635
f 1615/2053/636 1664/2054/636 1762/2055/636 1713/2056/636
f 1615/2049/637 1616/2057/637 1714/2058/637 1713/2050/637
f 1665/2059/638 1664/2051/638 1762/2052/638 1763/2060/638
f 1616/2061/639 1665/2062/639 1763/2063/639 1714/2064/639
f 1616/2057/640 1617/2065/640 1715/2066/640 1714/2058/640
f 1666/2067/641 1665/2059/641 1763/2060/641 1764/2068/641
f 1617/2069/642 1666/2070/642 1764/2071/642 1715/2072/642
f 1617/2065/643 1618/2073/643 1716/2074/643 1715/2066/643
f 1667/2075/644 1666/2067/644 1764/2068/644 1765/2076/644
f 1618/2077/645 1667/2078/645 1765/2079/645 1716/2080/645
f 1618/2073/646 1619/2081/646 1717/2082/646 1716/2074/646
f 1668/2081/647 1667/2075/647 1765/2076/647 1766/2082/647
f 1619/2083/648 1717/2084/648 1766/2085/648 1668/2086/648
f 1619/2081/649 1620/2087/649 1718/2088/649 1717/2082/649
f 1669/2089/650 1668/2081/650 1766/2082/650 1767/2090/650
f 1620/2077/651 1718/2080/651 1767/2079/651 1669/2078/651
f 1620/2087/652 1621/2091/652 1719/2092/652 1718/2088/652
f 1670/2093/653 1669/2089/653 1767/2090/653 1768/2094/653
f 1621/2069/654 1719/2072/654 1768/2071/654 1670/2070/654
f 1621/2091/655 1622/2095/655 1720/2096/655 1719/2092/655
f 1671/2097/656 1670/2093/656 1768/2094/656 1769/2098/656
f 1622/2061/657 1720/2064/657 1769/2063/657 1671/2062/657
f 1622/2095/658 1623/2099/658 1721/2100/658 1720/2096/658
f 1672/2101/659 1671/2097/659 1769/2098/659 1770/2102/659
f 1623/2053/660 1721/2056/660 1770/2055/660 1672/2054/660
f 1623/2099/661 1624/2103/661 1722/2104/661 1721/2100/661
f 1673/2105/662 1672/2101/662 1770/2102/662 1771/2106/662
f 1624/2045/663 1722/2048/663 1771/2047/663 1673/2046/663
f 1624/2103/664 1625/2107/664 1723/2108/664 1722/2104/664
f 1674/2109/665 1673/2105/665 1771/2106/665 1772/2110/665
f 1625/2037/666 1723/2040/666 1772/2039/666 1674/2038/666
f 1625/2107/667 1626/2111/667 1724/2112/667 1723/2108/667
f 1675/2113/668 1674/2109/668 1772/2110/668 1773/2114/668
f 1626/2029/669 1724/2032/669 1773/2031/669 1675/2030/669
f 1626/2111/670 1627/2115/670 1725/2116/670 1724/2112/670
f 1676/2117/671 1675/2113/671 1773/2114/671 1774/2118/671
f 1627/2021/672 1676/2024/672 1774/2023/672 1725/2022/672
f 1627/2115/673 1628/2119/673 1726/2120/673 1725/2116/673
f 1677/2121/674 1676/2117/674 1774/2118/674 1775/2122/674
f 1628/2013/675 1677/2016/675 1775/2015/675 1726/2014/675
f 1628/2119/676 1629/2123/676 1727/2124/676 1726/2120/676
f 1678/2125/677 1677/2121/677 1775/2122/677 1776/2126/677
f 1629/2005/678 1678/2008/678 1776/2007/678 1727/2006/678
f 1629/2123/679 1630/2127/679 1728/2128/679 1727/2124/679
f 1679/2129/680 1678/2125/680 1776/2126/680 1777/2130/680
f 1630/1997/681 1679/2000/681 1777/1999/681 1728/1998/681
f 1630/2127/682 1631/2131/682 1729/2132/682 1728/2128/682
f 1680/2133/683 1679/2129/683 1777/2130/683 1778/2134/683
f 1631/2131/684 1680/2133/684 1778/2134/684 1729/2132/684
f 1631/1985/685 1632/1977/685 1730/1978/685 1729/1986/685
f 1681/1979/686 1680/1987/686 1778/1988/686 1779/1980/686
f 1632/2135/687 1681/2136/687 1779/2137/687 1730/2138/687
f 1632/1977/688 1633/1969/688 1731/1970/688 1730/1978/688
f 1682/1971/689 1681/1979/689 1779/1980/689 1780/1972/689
f 1633/2139/690 1682/2140/690 1780/2141/690 1731/2142/690
f 1633/1969/691 1634/1961/691 1732/1962/691 1731/1970/691
f 1683/1963/692 1682/1971/692 1780/1972/692 1781/1964/692
f 1634/2143/693 1732/2144/693 1781/2145/693 1683/2146/693
f 1634/1961/694 1635/1953/694 1733/1954/694 1732/1962/694
f 1684/1955/695 1683/1963/695 1781/1964/695 1782/1956/695
f 1635/2147/696 1733/2148/696 1782/2149/696 1684/2150/696
f 1635/1953/697 1636/1945/697 1734/1946/697 1733/1954/697
f 1685/1947/698 1684/1955/698 1782/1956/698 1783/1948/698
f 1636/2151/699 1685/2152/699 1783/2153/699 1734/2154/699
f 1636/1945/700 1637/1937/700 1735/1938/700 1734/1946/700
f 1686/1939/701 1685/1947/701 1783/1948/701 1784/1940/701
f 1637/2155/702 1686/2156/702 1784/2157/702 1735/2158/702
f 1637/1937/703 1638/1929/703 1736/1930/703 1735/1938/703
f 1687/1931/704 1686/1939/704 1784/1940/704 1785/1932/704
f 1638/2159/705 1687/2160/705 1785/2161/705 1736/2162/705
f 1638/1929/706 1639/1921/706 1737/1922/706 1736/1930/706
f 1688/1923/707 1687/1931/707 1785/1932/707 1786/1924/707
f 1639/2163/708 1688/2164/708 1786/2165/708 1737/2166/708
f 1639/1921/709 1640/1913/709 1738/1914/709 1737/1922/709
f 1689/1915/710 1688/1923/710 1786/1924/710 1787/1916/710
f 1640/2167/711 1689/2168/711 1787/2169/711 1738/2170/711
f 1640/1913/712 1641/1905/712 1739/1906/712 1738/1914/712
f 1690/1907/713 1689/1915/713 1787/1916/713 1788/1908/713
f 1641/2171/714 1739/2172/714 1788/2173/714 1690/2174/714
f 1641/1905/715 1642/1892/715 1740/1893/715 1739/1906/715
f 1691/1895/716 1690/1907/716 1788/1908/716 1789/1896/716
f 1642/2175/717 1740/2176/717 1789/2177/717 1691/2178/717
f 1642/1892/718 1643/1891/718 1741/1894/718 1740/1893/718
f 1692/1891/719 1691/1895/719 1789/1896/719 1790/1894/719
f 1643/2179/578 1692/2180/578 1790/2181/578 1741/2182/578
f 1693/2183/720 1694/2184/720 1695/2185/720 1696/2186/720 1697/2187/720 1698/2188/720 1699/2189/720 1700/2190/720 1701/2191/720 1702/2192/720 1703/2193/720 1704/2194/720 1705/2195/720 1706/2196/720 1707/2197/720 1708/2198/720 1709/2199/720 1710/2200/720 1711/2201/720 1712/2202/720 1713/2203/720 1714/2204/720 1715/2205/720 1716/2206/720 1717/2207/720 1718/2208/720 1719/2209/720 1720/2210/720 1721/2211/720 1722/2212/720 1723/2213/720 1724/2214/720 1725/2215/720 1726/2216/720 1727/2217/720 1728/2218/720 1729/2219/720 1730/2220/720 1731/2221/720 1732/2222/720 1733/2223/720 1734/2224/720 1735/2225/720 1736/2226/720 1737/2227/720 1738/2228/720 1739/2229/720 1740/2230/720 1741/2231/720 1790/2232/720 1789/2233/720 1788/2234/720 1787/2235/720 1786/2236/720 1785/2237/720 1784/2238/720 1783/2239/720 1782/2240/720 1781/2241/720 1780/2242/720 1779/2243/720 1778/2244/720 1777/2245/720 1776/2246/720 1775/2247/720 1774/2248/720 1773/2249/720 1772/2250/720 1771/2251/720 1770/2252/720 1769/2253/720 1768/2254/720 1767/2255/720 1766/2256/720 1765/2257/720 1764/2258/720 1763/2259/720 1762/2260/720 1761/2261/720 1760/2262/720 1759/2263/720 1758/2264/720 1757/2265/720 1756/2266/720 1755/2267/720 1754/2268/720 1753/2269/720 1752/2270/720 1751/2271/720 1750/2272/720 1749/2273/720 1748/2274/720 1747/2275/720 1746/2276/720 1745/2277/720 1744/2278/720 1743/2279/720 1742/2280/720
f 1595/2183/721 1644/2280/721 1645/2279/721 1646/2278/721 1647/2277/721 1648/2276/721 1649/2275/721 1650/2274/721 1651/2273/721 1652/2272/721 1653/2271/721 1654/2270/721 1655/2269/721 1656/2268/721 1657/2267/721 1658/2266/721 1659/2265/721 1660/2264/721 1661/2263/721 1662/2262/721 1663/2261/721 1664/2260/721 1665/2259/721 1666/2258/721 1667/2257/721 1668/2256/721 1669/2255/721 1670/2254/721 1671/2253/721 1672/2252/721 1673/2251/721 1674/2250/721 1675/2249/721 1676/2248/721 1677/2247/721 1678/2246/721 1679/2245/721 1680/2244/721 1681/2243/721 1682/2242/721 1683/2241/721 1684/2240/721 1685/2239/721 1686/2238/721 1687/2237/721 1688/2236/721 1689/2235/721 1690/2234/721 1691/2233/721 1692/2232/721 1643/2231/721 1642/2230/721 1641/2229/721 1640/2228/721 1639/2227/721 1638/2226/721 1637/2225/721 1636/2224/721 1635/2223/721 1634/2222/721 1633/2221/721 1632/2220/721 1631/2219/721 1630/2218/721 1629/2217/721 1628/2216/721 1627/2215/721 1626/2214/721 1625/2213/721 1624/2212/721 1623/2211/721 1622/2210/721 1621/2209/721 1620/2208/721 1619/2207/721 1618/2206/721 1617/2205/721 1616/2204/721 1615/2203/721 1614/2202/721 1613/2201/721 1612/2200/721 1611/2199/721 1610/2198/721 1609/2197/721 1608/2196/721 1607/2195/721 1606/2194/721 1605/2193/721 1604/2192/721 1603/2191/721 1602/2190/721 1601/2189/721 1600/2188/721 1599/2187/721 1598/2186/721 1597/2185/721 1596/2184/721
o JawPlate_Corner_0
v 1.760909 -0.055000 -0.802121
v 1.768995 -0.055000 -0.799802
v 1.777248 -0.055000 -0.798170
v 1.785609 -0.055000 -0.797238
v 1.794018 -0.055000 -0.797012
v 1.802417 -0.055000 -0.797493
v 1.810745 -0.055000 -0.798679
v 1.818945 -0.055000 -0.800560
v 1.826957 -0.055000 -0.803124
v 1.834726 -0.055000 -0.806352
v 1.842195 -0.055000 -0.810222
v 1.849313 -0.055000 -0.814706
v 1.856029 -0.055000 -0.819772
v 1.862295 -0.055000 -0.825385
v 1.868067 -0.055000 -0.831505
v 1.873305 -0.055000 -0.838088
v 1.877970 -0.055000 -0.845088
v 1.882031 -0.055000 -0.852456
v 1.885458 -0.055000 -0.860139
v 1.888228 -0.055000 -0.868082
v 1.890319 -0.055000 -0.876231
v 1.891719 -0.055000 -0.884526
v 1.892416 -0.055000 -0.892909
v 1.892407 -0.055000 -0.901322
v 1.891690 -0.055000 -0.909704
v 1.890271 -0.055000 -0.917996
v 1.888160 -0.055000 -0.926139
v 1.885373 -0.055000 -0.934076
v 1.881928 -0.055000 -0.941751
v 1.877850 -0.055000 -0.949109
v 1.873168 -0.055000 -0.956099
v 1.867915 -0.055000 -0.962670
v 1.862129 -0.055000 -0.968776
v 1.855850 -0.055000 -0.974374
v 1.849122 -0.055000 -0.979425
v 1.841994 -0.055000 -0.983893
v 1.834515 -0.055000 -0.987745
v 1.826740 -0.055000 -0.990956
v 1.818721 -0.055000 -0.993501
v 1.810518 -0.055000 -0.995363
v 1.802186 -0.055000 -0.996530
v 1.793787 -0.055000 -0.996992
v 1.785378 -0.055000 -0.996746
v 1.777019 -0.055000 -0.995794
v 1.768770 -0.055000 -0.994144
v 1.760689 -0.055000 -0.991805
v 1.752833 -0.055000 -0.988796
v 1.745258 -0.055000 -0.985137
v 1.738017 -0.055000 -0.980855
v 1.731162 -0.055000 -0.975979
v 1.724741 -0.055000 -0.970544
v 1.718799 -0.055000 -0.964589
v 1.713379 -0.055000 -0.958155
v 1.708519 -0.055000 -0.951288
v 1.704253 -0.055000 -0.944037
v 1.700612 -0.055000 -0.936454
v 1.697621 -0.055000 -0.928591
v 1.771650 -0.055000 -0.834380
v 1.776987 -0.055000 -0.832849
v 1.782434 -0.055000 -0.831772
v 1.787952 -0.055000 -0.831157
v 1.793502 -0.055000 -0.831008
v 1.799045 -0.055000 -0.831325
v 1.804542 -0.055000 -0.832108
v 1.809954 -0.055000 -0.833350
v 1.815242 -0.055000 -0.835042
v 1.820369 -0.055000 -0.837173
v 1.825299 -0.055000 -0.839727
v 1.829997 -0.055000 -0.842686
v 1.834429 -0.055000 -0.846030
v 1.838565 -0.055000 -0.849734
v 1.842374 -0.055000 -0.853773
v 1.845831 -0.055000 -0.858118
v 1.848910 -0.055000 -0.862738
v 1.851591 -0.055000 -0.867601
v 1.853853 -0.055000 -0.872672
v 1.855680 -0.055000 -0.877914
v 1.857061 -0.055000 -0.883292
v 1.857985 -0.055000 -0.888767
v 1.858445 -0.055000 -0.894300
v 1.858438 -0.055000 -0.899853
v 1.857965 -0.055000 -0.905385
v 1.857029 -0.055000 -0.910857
v 1.855636 -0.055000 -0.916232
v 1.853796 -0.055000 -0.921470
v 1.851522 -0.055000 -0.926536
v 1.848831 -0.055000 -0.931392
v 1.845741 -0.055000 -0.936005
v 1.842274 -0.055000 -0.940342
v 1.838455 -0.055000 -0.944372
v 1.834311 -0.055000 -0.948067
v 1.829871 -0.055000 -0.951401
v 1.825166 -0.055000 -0.954349
v 1.820230 -0.055000 -0.956892
v 1.815098 -0.055000 -0.959011
v 1.809806 -0.055000 -0.960691
v 1.804392 -0.055000 -0.961920
v 1.798893 -0.055000 -0.962690
v 1.793349 -0.055000 -0.962995
v 1.787799 -0.055000 -0.962832
v 1.782283 -0.055000 -0.962204
v 1.776838 -0.055000 -0.961115
v 1.771505 -0.055000 -0.959572
v 1.766320 -0.055000 -0.957586
v 1.761320 -0.055000 -0.955171
v 1.756541 -0.055000 -0.952344
v 1.752017 -0.055000 -0.949126
v 1.747779 -0.055000 -0.945539
v 1.743858 -0.055000 -0.941608
v 1.740280 -0.055000 -0.937362
v 1.737073 -0.055000 -0.932830
v 1.734257 -0.055000 -0.928045
v 1.731854 -0.055000 -0.923040
v 1.729880 -0.055000 -0.917850
v 1.760909 0.049000 -0.802121
v 1.768995 0.049000 -0.799802
v 1.777248 0.049000 -0.798170
v 1.785609 0.049000 -0.797238
v 1.794018 0.049000 -0.797012
v 1.802417 0.049000 -0.797493
v 1.810745 0.049000 -0.798679
v 1.818945 0.049000 -0.800560
v 1.826957 0.049000 -0.803124
v 1.834726 0.049000 -0.806352
v 1.842195 0.049000 -0.810222
v 1.849313 0.049000 -0.814706
v 1.856029 0.049000 -0.819772
v 1.862295 0.049000 -0.825385
v 1.868067 0.049000 -0.831505
v 1.873305 0.049000 -0.838088
v 1.877970 0.049000 -0.845088
v 1.882031 0.049000 -0.852456
v 1.885458 0.049000 -0.860139
v 1.888228 0.049000 -0.868082
v 1.890319 0.049000 -0.876231
v 1.891719 0.049000 -0.884526
v 1.892416 0.049000 -0.892909
v 1.892407 0.049000 -0.901322
v 1.891690 0.049000 -0.909704
v 1.890271 0.049000 -0.917996
v 1.888160 0.049000 -0.926139
v 1.885373 0.049000 -0.934076
v 1.881928 0.049000 -0.941751
v 1.877850 0.049000 -0.949109
v 1.873168 0.049000 -0.956099
v 1.867915 0.049000 -0.962670
v 1.862129 0.049000 -0.968776
v 1.855850 0.049000 -0.974374
v 1.849122 0.049000 -0.979425
v 1.841994 0.049000 -0.983893
v 1.834515 0.049000 -0.987745
v 1.826740 0.049000 -0.990956
v 1.818721 0.049000 -0.993501
v 1.810518 0.049000 -0.995363
v 1.802186 0.049000 -0.996530
v 1.793787 0.049000 -0.996992
v 1.785378 0.049000 -0.996746
v 1.777019 0.049000 -0.995794
v 1.768770 0.049000 -0.994144
v 1.760689 0.049000 -0.991805
v 1.752833 0.049000 -0.988796
v 1.745258 0.049000 -0.985137
v 1.738017 0.049000 -0.980855
v 1.731162 0.049000 -0.975979
v 1.724741 0.049000 -0.970544
v 1.718799 0.049000 -0.964589
v 1.713379 0.049000 -0.958155
v 1.708519 0.049000 -0.951288
v 1.704253 0.049000 -0.944037
v 1.700612 0.049000 -0.936454
v 1.697621 0.049000 -0.928591
v 1.771650 0.049000 -0.834380
v 1.776987 0.049000 -0.832849
v 1.782434 0.049000 -0.831772
v 1.787952 0.049000 -0.831157
v 1.793502 0.049000 -0.831008
v 1.799045 0.049000 -0.831325
v 1.804542 0.049000 -0.832108
v 1.809954 0.049000 -0.833350
v 1.815242 0.049000 -0.835042
v 1.820369 0.049000 -0.837173
v 1.825299 0.049000 -0.839727
v 1.829997 0.049000 -0.842686
v 1.834429 0.049000 -0.846030
v 1.838565 0.049000 -0.849734
v 1.842374 0.049000 -0.853773
v 1.845831 0.049000 -0.858118
v 1.848910 0.049000 -0.862738
v 1.851591 0.049000 -0.867601
v 1.853853 0.049000 -0.872672
v 1.855680 0.049000 -0.877914
v 1.857061 0.049000 -0.883292
v 1.857985 0.049000 -0.888767
v 1.858445 0.049000 -0.894300
v 1.858438 0.049000 -0.899853
v 1.857965 0.049000 -0.905385
v 1.857029 0.049000 -0.910857
v 1.855636 0.049000 -0.916232
v 1.853796 0.049000 -0.921470
v 1.851522 0.049000 -0.926536
v 1.848831 0.049000 -0.931392
v 1.845741 0.049000 -0.936005
v 1.842274 0.049000 -0.940342
v 1.838455 0.049000 -0.944372
v 1.834311 0.049000 -0.948067
v 1.829871 0.049000 -0.951401
v 1.825166 0.049000 -0.954349
v 1.820230 0.049000 -0.956892
v 1.815098 0.049000 -0.959011
v 1.809806 0.049000 -0.960691
v 1.804392 0.049000 -0.961920
v 1.798893 0.049000 -0.962690
v 1.793349 0.049000 -0.962995
v 1.787799 0.049000 -0.962832
v 1.782283 0.049000 -0.962204
v 1.776838 0.049000 -0.961115
v 1.771505 0.049000 -0.959572
v 1.766320 0.049000 -0.957586
v 1.761320 0.049000 -0.955171
v 1.756541 0.049000 -0.952344
v 1.752017 0.049000 -0.949126
v 1.747779 0.049000 -0.945539
v 1.743858 0.049000 -0.941608
v 1.740280 0.049000 -0.937362
v 1.737073 0.049000 -0.932830
v 1.734257 0.049000 -0.928045
v 1.731854 0.049000 -0.923040
v 1.729880 0.049000 -0.917850
vn -0.2757 -0.0000 0.9613
vn 0.2757 -0.0000 -0.9612
vn -0.9488 -0.0000 -0.3159
vn -0.9720 -0.0000 -0.2351
vn -0.1940 -0.0000 0.9810
vn 0.1940 -0.0000 -0.9810
vn 0.9883 -0.0000 0.1525
vn -0.1108 -0.0000 0.9938
vn 0.1108 -0.0000 -0.9938
vn -0.9976 -0.0000 -0.0689
vn -0.0269 -0.0000 0.9996
vn 0.0268 -0.0000 -0.9996
vn 0.9999 -0.0000 -0.0152
vn 0.0572 -0.0000 0.9984
vn -0.0571 -0.0000 -0.9984
vn -0.9951 -0.0000 0.0992
vn 0.1410 -0.0000 0.9900
vn -0.1410 -0.0000 -0.9900
vn 0.9832 -0.0000 -0.1824
vn 0.2236 -0.0000 0.9747
vn -0.2237 -0.0000 -0.9747
vn 0.9644 -0.0000 -0.2644
vn 0.3048 -0.0000 0.9524
vn -0.3047 -0.0000 -0.9524
vn 0.9388 -0.0000 -0.3446
vn 0.3837 -0.0000 0.9235
vn -0.3838 -0.0000 -0.9234
vn 0.9065 -0.0000 -0.4223
vn 0.4601 -0.0000 0.8879
vn -0.4600 -0.0000 -0.8879
vn 0.8678 -0.0000 -0.4969
vn 0.5330 -0.0000 0.8461
vn -0.5330 -0.0000 -0.8461
vn 0.8229 -0.0000 -0.5681
vn 0.6022 -0.0000 0.7983
vn -0.6023 -0.0000 -0.7983
vn 0.7723 -0.0000 -0.6353
vn 0.6672 -0.0000 0.7449
vn -0.6671 -0.0000 -0.7449
vn 0.7162 -0.0000 -0.6979
vn 0.7275 -0.0000 0.6861
vn -0.7275 -0.0000 -0.6861
vn -0.6549 -0.0000 0.7557
vn 0.7825 -0.0000 0.6226
vn -0.7825 -0.0000 -0.6226
vn -0.5891 -0.0000 0.8081
vn 0.8321 -0.0000 0.5546
vn -0.8321 -0.0000 -0.5546
vn 0.5191 -0.0000 -0.8547
vn 0.8758 -0.0000 0.4827
vn -0.8757 -0.0000 -0.4828
vn -0.4454 -0.0000 0.8953
vn 0.9133 -0.0000 0.4074
vn -0.9133 -0.0000 -0.4074
vn 0.3686 -0.0000 -0.9296
vn 0.9443 -0.0000 0.3290
vn -0.9443 -0.0000 -0.3291
vn 0.2892 -0.0000 -0.9573
vn 0.9686 -0.0000 0.2485
vn -0.9687 -0.0000 -0.2484
vn 0.2077 -0.0000 -0.9782
vn 0.9861 -0.0000 0.1664
vn -0.9861 -0.0000 -0.1664
vn -0.1247 -0.0000 0.9922
vn 0.9966 -0.0000 0.0829
vn -0.9966 -0.0000 -0.0829
vn 0.0409 -0.0000 -0.9992
vn 1.0000 -0.0000 -0.0014
vn -1.0000 -0.0000 0.0013
vn 0.0432 -0.0000 0.9991
vn 0.9964 -0.0000 -0.0852
vn -0.9964 -0.0000 0.0852
vn 0.1270 -0.0000 0.9919
vn 0.9857 -0.0000 -0.1687
vn -0.9857 -0.0000 0.1686
vn 0.2100 -0.0000 0.9777
vn 0.9680 -0.0000 -0.2509
vn -0.9680 -0.0000 0.2509
vn -0.2914 -0.0000 -0.9566
vn 0.9435 -0.0000 -0.3313
vn -0.9435 -0.0000 0.3314
vn -0.3708 -0.0000 -0.9287
vn 0.9123 -0.0000 -0.4095
vn -0.9123 -0.0000 0.4095
vn 0.4475 -0.0000 0.8943
vn 0.8747 -0.0000 -0.4847
vn -0.8747 -0.0000 0.4847
vn 0.5211 -0.0000 0.8535
vn 0.8308 -0.0000 -0.5565
vn -0.8308 -0.0000 0.5565
vn -0.5910 -0.0000 -0.8067
vn 0.7811 -0.0000 -0.6244
vn -0.7811 -0.0000 0.6244
vn 0.6567 -0.0000 0.7541
vn 0.7259 -0.0000 -0.6878
vn -0.7259 -0.0000 0.6878
vn 0.7178 -0.0000 0.6963
vn 0.6655 -0.0000 -0.7464
vn -0.6655 -0.0000 0.7464
vn -0.7737 -0.0000 -0.6335
vn 0.6004 -0.0000 -0.7997
vn -0.6005 -0.0000 0.7997
vn -0.8243 -0.0000 -0.5662
vn 0.5311 -0.0000 -0.8473
vn -0.5309 -0.0000 0.8474
vn -0.8689 -0.0000 -0.4949
vn 0.4579 -0.0000 -0.8890
vn -0.4580 -0.0000 0.8890
vn -0.9075 -0.0000 -0.4202
vn 0.3817 -0.0000 -0.9243
vn -0.3816 -0.0000 0.9243
vn 0.9396 -0.0000 0.3424
vn 0.3025 -0.0000 -0.9531
vn -0.3026 -0.0000 0.9531
vn 0.9650 -0.0000 0.2622
vn 0.2214 -0.0000 -0.9752
vn -0.2214 -0.0000 0.9752
vn 0.9836 -0.0000 0.1802
vn 0.1387 -0.0000 -0.9903
vn -0.1387 -0.0000 0.9903
vn 0.9953 -0.0000 0.0969
vn 0.0549 -0.0000 -0.9985
vn -0.0549 -0.0000 0.9985
vn -0.9999 -0.0000 -0.0129
vn -0.0292 -0.0000 -0.9996
vn 0.0294 -0.0000 0.9996
vn 0.9975 -0.0000 -0.0712
vn -0.1132 -0.0000 -0.9936
vn 0.1131 -0.0000 0.9936
vn 0.9879 -0.0000 -0.1548
vn -0.1961 -0.0000 -0.9806
vn 0.1961 -0.0000 0.9806
vn -0.9714 -0.0000 0.2373
vn -0.2780 -0.0000 -0.9606
vn 0.2779 -0.0000 0.9606
vn -0.9480 -0.0000 0.3181
vn -0.3577 -0.0000 -0.9338
vn 0.3577 -0.0000 0.9338
vn 0.9180 -0.0000 -0.3967
vn -0.4350 -0.0000 -0.9005
vn 0.4349 -0.0000 0.9005
vn 0.8814 -0.0000 -0.4724
vn -0.5090 -0.0000 -0.8608
vn 0.5091 -0.0000 0.8607
vn 0.8386 -0.0000 -0.5448
vn -0.5796 -0.0000 -0.8149
vn 0.5796 -0.0000 0.8149
vn 0.7898 -0.0000 -0.6134
vn -0.6461 -0.0000 -0.7633
vn 0.6460 -0.0000 0.7633
vn -0.7354 -0.0000 0.6776
vn -0.7079 -0.0000 -0.7063
vn 0.7080 -0.0000 0.7062
vn -0.6759 -0.0000 0.7370
vn -0.7648 -0.0000 -0.6443
vn 0.7647 -0.0000 0.6444
vn 0.6116 -0.0000 -0.7912
vn -0.8163 -0.0000 -0.5777
vn 0.8163 -0.0000 0.5776
vn -0.5429 -0.0000 0.8398
vn -0.8619 -0.0000 -0.5071
vn 0.8618 -0.0000 0.5072
vn -0.4704 -0.0000 0.8825
vn -0.9015 -0.0000 -0.4328
vn 0.9015 -0.0000 0.4328
vn 0.3945 -0.0000 -0.9189
vn -0.9347 -0.0000 -0.3555
vn 0.9347 -0.0000 0.3555
vn -0.3159 -0.0000 0.9488
vn -0.0000 1.0000 -0.0000
vn -0.0000 -1.0000 -0.0000
vt 0.465891 0.448000
vt 0.473977 0.448000
vt 0.473977 0.552000
vt 0.465891 0.552000
vt 0.481969 0.448000
vt 0.476632 0.448000
vt 0.476632 0.552000
vt 0.481969 0.552000
vt 0.448000 0.594881
vt 0.552000 0.594881
vt 0.552000 0.562622
vt 0.448000 0.562622
vt 0.448000 0.597200
vt 0.552000 0.597200
vt 0.552000 0.564153
vt 0.448000 0.564153
vt 0.482230 0.448000
vt 0.482230 0.552000
vt 0.487416 0.448000
vt 0.487416 0.552000
vt 0.448000 0.598832
vt 0.448000 0.565230
vt 0.552000 0.565230
vt 0.552000 0.598832
vt 0.490591 0.448000
vt 0.490591 0.552000
vt 0.492934 0.448000
vt 0.492934 0.552000
vt 0.448000 0.599764
vt 0.552000 0.599764
vt 0.552000 0.565845
vt 0.448000 0.565845
vt 0.499000 0.448000
vt 0.499000 0.552000
vt 0.498484 0.448000
vt 0.498484 0.552000
vt 0.448000 0.599990
vt 0.448000 0.565994
vt 0.552000 0.565994
vt 0.552000 0.599990
vt 0.507399 0.448000
vt 0.507399 0.552000
vt 0.504027 0.448000
vt 0.504027 0.552000
vt 0.448000 0.599509
vt 0.552000 0.599509
vt 0.552000 0.565677
vt 0.448000 0.565677
vt 0.515727 0.448000
vt 0.515727 0.552000
vt 0.509524 0.448000
vt 0.509524 0.552000
vt 0.448000 0.598323
vt 0.448000 0.564894
vt 0.552000 0.564894
vt 0.552000 0.598323
vt 0.523927 0.448000
vt 0.523927 0.552000
vt 0.514936 0.448000
vt 0.514936 0.552000
vt 0.448000 0.596442
vt 0.448000 0.563652
vt 0.552000 0.563652
vt 0.552000 0.596442
vt 0.531939 0.448000
vt 0.531939 0.552000
vt 0.520224 0.448000
vt 0.520224 0.552000
vt 0.448000 0.593878
vt 0.448000 0.561960
vt 0.552000 0.561960
vt 0.552000 0.593878
vt 0.539708 0.448000
vt 0.539708 0.552000
vt 0.525351 0.448000
vt 0.525351 0.552000
vt 0.448000 0.590650
vt 0.448000 0.559829
vt 0.552000 0.559829
vt 0.552000 0.590650
vt 0.547177 0.448000
vt 0.547177 0.552000
vt 0.530281 0.448000
vt 0.530281 0.552000
vt 0.448000 0.586780
vt 0.448000 0.557275
vt 0.552000 0.557275
vt 0.552000 0.586780
vt 0.554295 0.448000
vt 0.554295 0.552000
vt 0.534979 0.448000
vt 0.534979 0.552000
vt 0.448000 0.582296
vt 0.448000 0.554316
vt 0.552000 0.554316
vt 0.552000 0.582296
vt 0.561011 0.448000
vt 0.561011 0.552000
vt 0.539411 0.448000
vt 0.539411 0.552000
vt 0.448000 0.577230
vt 0.448000 0.550972
vt 0.552000 0.550972
vt 0.552000 0.577230
vt 0.567277 0.448000
vt 0.567277 0.552000
vt 0.543547 0.448000
vt 0.543547 0.552000
vt 0.448000 0.571617
vt 0.448000 0.547268
vt 0.552000 0.547268
vt 0.552000 0.571617
vt 0.448000 0.565497
vt 0.552000 0.565497
vt 0.448000 0.543229
vt 0.552000 0.543229
vt 0.573049 0.448000
vt 0.573049 0.552000
vt 0.547356 0.552000
vt 0.547356 0.448000
vt 0.448000 0.558914
vt 0.552000 0.558914
vt 0.448000 0.538884
vt 0.552000 0.538884
vt 0.578287 0.448000
vt 0.578287 0.552000
vt 0.550813 0.552000
vt 0.550813 0.448000
vt 0.448000 0.551914
vt 0.552000 0.551914
vt 0.448000 0.534264
vt 0.552000 0.534264
vt 0.582952 0.448000
vt 0.553892 0.448000
vt 0.553892 0.552000
vt 0.582952 0.552000
vt 0.448000 0.544546
vt 0.552000 0.544546
vt 0.448000 0.529401
vt 0.552000 0.529401
vt 0.587013 0.448000
vt 0.587013 0.552000
vt 0.556573 0.552000
vt 0.556573 0.448000
vt 0.448000 0.536863
vt 0.552000 0.536863
vt 0.448000 0.524330
vt 0.552000 0.524330
vt 0.590440 0.448000
vt 0.558835 0.448000
vt 0.558835 0.552000
vt 0.590440 0.552000
vt 0.448000 0.528920
vt 0.552000 0.528920
vt 0.448000 0.519088
vt 0.552000 0.519088
vt 0.593210 0.448000
vt 0.560662 0.448000
vt 0.560662 0.552000
vt 0.593210 0.552000
vt 0.448000 0.520771
vt 0.552000 0.520771
vt 0.448000 0.513710
vt 0.552000 0.513710
vt 0.595301 0.448000
vt 0.562043 0.448000
vt 0.562043 0.552000
vt 0.595301 0.552000
vt 0.448000 0.512476
vt 0.552000 0.512476
vt 0.448000 0.508235
vt 0.552000 0.508235
vt 0.596701 0.448000
vt 0.596701 0.552000
vt 0.562967 0.552000
vt 0.562967 0.448000
vt 0.448000 0.504093
vt 0.552000 0.504093
vt 0.448000 0.502702
vt 0.552000 0.502702
vt 0.597398 0.448000
vt 0.563427 0.448000
vt 0.563427 0.552000
vt 0.597398 0.552000
vt 0.448000 0.495680
vt 0.552000 0.495680
vt 0.448000 0.497149
vt 0.552000 0.497149
vt 0.597389 0.448000
vt 0.597389 0.552000
vt 0.563420 0.552000
vt 0.563420 0.448000
vt 0.448000 0.487298
vt 0.552000 0.487298
vt 0.448000 0.491617
vt 0.552000 0.491617
vt 0.596672 0.448000
vt 0.596672 0.552000
vt 0.562947 0.552000
vt 0.562947 0.448000
vt 0.448000 0.479006
vt 0.552000 0.479006
vt 0.448000 0.486145
vt 0.552000 0.486145
vt 0.595253 0.448000
vt 0.595253 0.552000
vt 0.562011 0.552000
vt 0.562011 0.448000
vt 0.448000 0.470863
vt 0.552000 0.470863
vt 0.448000 0.480770
vt 0.552000 0.480770
vt 0.593142 0.448000
vt 0.560618 0.448000
vt 0.560618 0.552000
vt 0.593142 0.552000
vt 0.448000 0.462926
vt 0.552000 0.462926
vt 0.448000 0.475532
vt 0.552000 0.475532
vt 0.590355 0.448000
vt 0.558778 0.448000
vt 0.558778 0.552000
vt 0.590355 0.552000
vt 0.448000 0.455251
vt 0.552000 0.455251
vt 0.448000 0.470466
vt 0.552000 0.470466
vt 0.586910 0.448000
vt 0.586910 0.552000
vt 0.556504 0.552000
vt 0.556504 0.448000
vt 0.448000 0.447893
vt 0.552000 0.447893
vt 0.448000 0.465610
vt 0.552000 0.465610
vt 0.582832 0.448000
vt 0.582832 0.552000
vt 0.553813 0.552000
vt 0.553813 0.448000
vt 0.448000 0.440903
vt 0.552000 0.440903
vt 0.448000 0.460997
vt 0.552000 0.460997
vt 0.578150 0.448000
vt 0.550723 0.448000
vt 0.550723 0.552000
vt 0.578150 0.552000
vt 0.448000 0.434332
vt 0.552000 0.434332
vt 0.448000 0.456660
vt 0.552000 0.456660
vt 0.572897 0.448000
vt 0.572897 0.552000
vt 0.547256 0.552000
vt 0.547256 0.448000
vt 0.448000 0.428226
vt 0.552000 0.428226
vt 0.448000 0.452630
vt 0.552000 0.452630
vt 0.567111 0.448000
vt 0.560832 0.448000
vt 0.560832 0.552000
vt 0.567111 0.552000
vt 0.539293 0.448000
vt 0.543437 0.448000
vt 0.543437 0.552000
vt 0.539293 0.552000
vt 0.448000 0.422628
vt 0.448000 0.448935
vt 0.552000 0.448935
vt 0.552000 0.422628
vt 0.554104 0.448000
vt 0.554104 0.552000
vt 0.534853 0.448000
vt 0.534853 0.552000
vt 0.448000 0.417577
vt 0.448000 0.445601
vt 0.552000 0.445601
vt 0.552000 0.417577
vt 0.546976 0.448000
vt 0.546976 0.552000
vt 0.530148 0.448000
vt 0.530148 0.552000
vt 0.448000 0.413109
vt 0.448000 0.442653
vt 0.552000 0.442653
vt 0.552000 0.413109
vt 0.539497 0.448000
vt 0.539497 0.552000
vt 0.525212 0.448000
vt 0.525212 0.552000
vt 0.448000 0.409257
vt 0.448000 0.440110
vt 0.552000 0.440110
vt 0.552000 0.409257
vt 0.531722 0.448000
vt 0.531722 0.552000
vt 0.520080 0.448000
vt 0.520080 0.552000
vt 0.448000 0.406046
vt 0.552000 0.406046
vt 0.552000 0.437991
vt 0.448000 0.437991
vt 0.523703 0.448000
vt 0.523703 0.552000
vt 0.514788 0.448000
vt 0.514788 0.552000
vt 0.448000 0.403501
vt 0.552000 0.403501
vt 0.552000 0.436311
vt 0.448000 0.436311
vt 0.515500 0.448000
vt 0.515500 0.552000
vt 0.509374 0.448000
vt 0.509374 0.552000
vt 0.448000 0.401639
vt 0.552000 0.401639
vt 0.552000 0.435082
vt 0.448000 0.435082
vt 0.507168 0.448000
vt 0.507168 0.552000
vt 0.503875 0.448000
vt 0.503875 0.552000
vt 0.448000 0.400472
vt 0.552000 0.400472
vt 0.552000 0.434312
vt 0.448000 0.434312
vt 0.498769 0.448000
vt 0.498769 0.552000
vt 0.498331 0.448000
vt 0.498331 0.552000
vt 0.448000 0.400010
vt 0.448000 0.434007
vt 0.552000 0.434007
vt 0.552000 0.400010
vt 0.490360 0.448000
vt 0.490360 0.552000
vt 0.492781 0.448000
vt 0.492781 0.552000
vt 0.448000 0.400256
vt 0.552000 0.400256
vt 0.552000 0.434170
vt 0.448000 0.434170
vt 0.482001 0.448000
vt 0.482001 0.552000
vt 0.487265 0.448000
vt 0.487265 0.552000
vt 0.448000 0.401208
vt 0.552000 0.401208
vt 0.552000 0.434798
vt 0.448000 0.434798
vt 0.473752 0.448000
vt 0.473752 0.552000
vt 0.481820 0.448000
vt 0.481820 0.552000
vt 0.448000 0.402858
vt 0.448000 0.435887
vt 0.552000 0.435887
vt 0.552000 0.402858
vt 0.465671 0.448000
vt 0.465671 0.552000
vt 0.476487 0.448000
vt 0.476487 0.552000
vt 0.448000 0.405197
vt 0.448000 0.437430
vt 0.552000 0.437430
vt 0.552000 0.405197
vt 0.457815 0.448000
vt 0.457815 0.552000
vt 0.471302 0.448000
vt 0.471302 0.552000
vt 0.448000 0.408206
vt 0.552000 0.408206
vt 0.552000 0.439416
vt 0.448000 0.439416
vt 0.450240 0.448000
vt 0.450240 0.552000
vt 0.466302 0.448000
vt 0.466302 0.552000
vt 0.448000 0.411865
vt 0.552000 0.411865
vt 0.552000 0.441831
vt 0.448000 0.441831
vt 0.442999 0.448000
vt 0.442999 0.552000
vt 0.461523 0.448000
vt 0.461523 0.552000
vt 0.448000 0.416147
vt 0.552000 0.416147
vt 0.552000 0.444658
vt 0.448000 0.444658
vt 0.436144 0.448000
vt 0.436144 0.552000
vt 0.456999 0.448000
vt 0.456999 0.552000
vt 0.448000 0.421023
vt 0.552000 0.421023
vt 0.552000 0.447876
vt 0.448000 0.447876
vt 0.429723 0.448000
vt 0.429723 0.552000
vt 0.452761 0.448000
vt 0.452761 0.552000
vt 0.448000 0.426458
vt 0.448000 0.451463
vt 0.552000 0.451463
vt 0.552000 0.426458
vt 0.448000 0.432413
vt 0.552000 0.432413
vt 0.448000 0.455394
vt 0.552000 0.455394
vt 0.423781 0.448000
vt 0.448840 0.448000
vt 0.448840 0.552000
vt 0.423781 0.552000
vt 0.448000 0.438847
vt 0.552000 0.438847
vt 0.448000 0.459640
vt 0.552000 0.459640
vt 0.418361 0.448000
vt 0.418361 0.552000
vt 0.445262 0.552000
vt 0.445262 0.448000
vt 0.448000 0.445714
vt 0.552000 0.445714
vt 0.448000 0.464172
vt 0.552000 0.464172
vt 0.413501 0.448000
vt 0.442055 0.448000
vt 0.442055 0.552000
vt 0.413501 0.552000
vt 0.448000 0.452965
vt 0.552000 0.452965
vt 0.448000 0.468957
vt 0.552000 0.468957
vt 0.409235 0.448000
vt 0.439239 0.448000
vt 0.439239 0.552000
vt 0.409235 0.552000
vt 0.448000 0.460548
vt 0.552000 0.460548
vt 0.448000 0.473962
vt 0.552000 0.473962
vt 0.405594 0.448000
vt 0.405594 0.552000
vt 0.436836 0.552000
vt 0.436836 0.448000
vt 0.448000 0.468411
vt 0.552000 0.468411
vt 0.448000 0.479152
vt 0.552000 0.479152
vt 0.402603 0.448000
vt 0.434862 0.448000
vt 0.434862 0.552000
vt 0.402603 0.552000
vt 0.465891 0.594881
vt 0.473977 0.597200
vt 0.482230 0.598832
vt 0.490591 0.599764
vt 0.499000 0.599990
vt 0.507399 0.599509
vt 0.515727 0.598323
vt 0.523927 0.596442
vt 0.531939 0.593878
vt 0.539708 0.590650
vt 0.547177 0.586780
vt 0.554295 0.582296
vt 0.561011 0.577230
vt 0.567277 0.571617
vt 0.573049 0.565497
vt 0.578287 0.558914
vt 0.582952 0.551914
vt 0.587013 0.544546
vt 0.590440 0.536863
vt 0.593210 0.528920
vt 0.595301 0.520771
vt 0.596701 0.512476
vt 0.597398 0.504093
vt 0.597389 0.495680
vt 0.596672 0.487298
vt 0.595253 0.479006
vt 0.593142 0.470863
vt 0.590355 0.462926
vt 0.586910 0.455251
vt 0.582832 0.447893
vt 0.578150 0.440903
vt 0.572897 0.434332
vt 0.567111 0.428226
vt 0.560832 0.422628
vt 0.554104 0.417577
vt 0.546976 0.413109
vt 0.539497 0.409257
vt 0.531722 0.406046
vt 0.523703 0.403501
vt 0.515500 0.401639
vt 0.507168 0.400472
vt 0.498769 0.400010
vt 0.490360 0.400256
vt 0.482001 0.401208
vt 0.473752 0.402858
vt 0.465671 0.405197
vt 0.457815 0.408206
vt 0.450240 0.411865
vt 0.442999 0.416147
vt 0.436144 0.421023
vt 0.429723 0.426458
vt 0.423781 0.432413
vt 0.418361 0.438847
vt 0.413501 0.445714
vt 0.409235 0.452965
vt 0.405594 0.460548
vt 0.402603 0.468411
vt 0.434862 0.479152
vt 0.436836 0.473962
vt 0.439239 0.468957
vt 0.442055 0.464172
vt 0.445262 0.459640
vt 0.448840 0.455394
vt 0.452761 0.451463
vt 0.456999 0.447876
vt 0.461523 0.444658
vt 0.466302 0.441831
vt 0.471302 0.439416
vt 0.476487 0.437430
vt 0.481820 0.435887
vt 0.487265 0.434798
vt 0.492781 0.434170
vt 0.498331 0.434007
vt 0.503875 0.434312
vt 0.509374 0.435082
vt 0.514788 0.436311
vt 0.520080 0.437991
vt 0.525212 0.440110
vt 0.530148 0.442653
vt 0.534853 0.445601
vt 0.539293 0.448935
vt 0.543437 0.452630
vt 0.547256 0.456660
vt 0.550723 0.460997
vt 0.553813 0.465610
vt 0.556504 0.470466
vt 0.558778 0.475532
vt 0.560618 0.480770
vt 0.562011 0.486145
vt 0.562947 0.491617
vt 0.563420 0.497149
vt 0.563427 0.502702
vt 0.562967 0.508235
vt 0.562043 0.513710
vt 0.560662 0.519088
vt 0.558835 0.524330
vt 0.556573 0.529401
vt 0.553892 0.534264
vt 0.550813 0.538884
vt 0.547356 0.543229
vt 0.543547 0.547268
vt 0.539411 0.550972
vt 0.534979 0.554316
vt 0.530281 0.557275
vt 0.525351 0.559829
vt 0.520224 0.561960
vt 0.514936 0.563652
vt 0.509524 0.564894
vt 0.504027 0.565677
vt 0.498484 0.565994
vt 0.492934 0.565845
vt 0.487416 0.565230
vt 0.481969 0.564153
vt 0.476632 0.562622
s 1
usemtl Leather
f 1791/2281/722 1792/2282/722 1906/2283/722 1905/2284/722
f 1849/2285/723 1848/2286/723 1962/2287/723 1963/2288/723
f 1791/2289/724 1905/2290/724 1962/2291/724 1848/2292/724
f 1792/2293/725 1906/2294/725 1963/2295/725 1849/2296/725
f 1792/2282/726 1793/2297/726 1907/2298/726 1906/2283/726
f 1850/2299/727 1849/2285/727 1963/2288/727 1964/2300/727
f 1793/2301/728 1850/2302/728 1964/2303/728 1907/2304/728
f 1793/2297/729 1794/2305/729 1908/2306/729 1907/2298/729
f 1851/2307/730 1850/2299/730 1964/2300/730 1965/2308/730
f 1794/2309/731 1908/2310/731 1965/2311/731 1851/2312/731
f 1794/2305/732 1795/2313/732 1909/2314/732 1908/2306/732
f 1852/2315/733 1851/2307/733 1965/2308/733 1966/2316/733
f 1795/2317/734 1852/2318/734 1966/2319/734 1909/2320/734
f 1795/2313/735 1796/2321/735 1910/2322/735 1909/2314/735
f 1853/2323/736 1852/2315/736 1966/2316/736 1967/2324/736
f 1796/2325/737 1910/2326/737 1967/2327/737 1853/2328/737
f 1796/2321/738 1797/2329/738 1911/2330/738 1910/2322/738
f 1854/2331/739 1853/2323/739 1967/2324/739 1968/2332/739
f 1797/2333/740 1854/2334/740 1968/2335/740 1911/2336/740
f 1797/2329/741 1798/2337/741 1912/2338/741 1911/2330/741
f 1855/2339/742 1854/2331/742 1968/2332/742 1969/2340/742
f 1798/2341/743 1855/2342/743 1969/2343/743 1912/2344/743
f 1798/2337/744 1799/2345/744 1913/2346/744 1912/2338/744
f 1856/2347/745 1855/2339/745 1969/2340/745 1970/2348/745
f 1799/2349/746 1856/2350/746 1970/2351/746 1913/2352/746
f 1799/2345/747 1800/2353/747 1914/2354/747 1913/2346/747
f 1857/2355/748 1856/2347/748 1970/2348/748 1971/2356/748
f 1800/2357/749 1857/2358/749 1971/2359/749 1914/2360/749
f 1800/2353/750 1801/2361/750 1915/2362/750 1914/2354/750
f 1858/2363/751 1857/2355/751 1971/2356/751 1972/2364/751
f 1801/2365/752 1858/2366/752 1972/2367/752 1915/2368/752
f 1801/2361/753 1802/2369/753 1916/2370/753 1915/2362/753
f 1859/2371/754 1858/2363/754 1972/2364/754 1973/2372/754
f 1802/2373/755 1859/2374/755 1973/2375/755 1916/2376/755
f 1802/2369/756 1803/2377/756 1917/2378/756 1916/2370/756
f 1860/2379/757 1859/2371/757 1973/2372/757 1974/2380/757
f 1803/2381/758 1860/2382/758 1974/2383/758 1917/2384/758
f 1803/2377/759 1804/2385/759 1918/2386/759 1917/2378/759
f 1861/2387/760 1860/2379/760 1974/2380/760 1975/2388/760
f 1804/2389/761 1861/2390/761 1975/2391/761 1918/2392/761
f 1804/2389/762 1805/2393/762 1919/2394/762 1918/2392/762
f 1862/2395/763 1861/2390/763 1975/2391/763 1976/2396/763
f 1805/2397/764 1919/2398/764 1976/2399/764 1862/2400/764
f 1805/2393/765 1806/2401/765 1920/2402/765 1919/2394/765
f 1863/2403/766 1862/2395/766 1976/2396/766 1977/2404/766
f 1806/2405/767 1920/2406/767 1977/2407/767 1863/2408/767
f 1806/2401/768 1807/2409/768 1921/2410/768 1920/2402/768
f 1864/2411/769 1863/2403/769 1977/2404/769 1978/2412/769
f 1807/2413/770 1864/2414/770 1978/2415/770 1921/2416/770
f 1807/2409/771 1808/2417/771 1922/2418/771 1921/2410/771
f 1865/2419/772 1864/2411/772 1978/2412/772 1979/2420/772
f 1808/2421/773 1922/2422/773 1979/2423/773 1865/2424/773
f 1808/2417/774 1809/2425/774 1923/2426/774 1922/2418/774
f 1866/2427/775 1865/2419/775 1979/2420/775 1980/2428/775
f 1809/2429/776 1866/2430/776 1980/2431/776 1923/2432/776
f 1809/2425/777 1810/2433/777 1924/2434/777 1923/2426/777
f 1867/2435/778 1866/2427/778 1980/2428/778 1981/2436/778
f 1810/2437/779 1867/2438/779 1981/2439/779 1924/2440/779
f 1810/2433/780 1811/2441/780 1925/2442/780 1924/2434/780
f 1868/2443/781 1867/2435/781 1981/2436/781 1982/2444/781
f 1811/2445/782 1868/2446/782 1982/2447/782 1925/2448/782
f 1811/2441/783 1812/2449/783 1926/2450/783 1925/2442/783
f 1869/2451/784 1868/2443/784 1982/2444/784 1983/2452/784
f 1812/2453/785 1926/2454/785 1983/2455/785 1869/2456/785
f 1812/2449/786 1813/2457/786 1927/2458/786 1926/2450/786
f 1870/2459/787 1869/2451/787 1983/2452/787 1984/2460/787
f 1813/2461/788 1870/2462/788 1984/2463/788 1927/2464/788
f 1813/2457/789 1814/2465/789 1928/2466/789 1927/2458/789
f 1871/2467/790 1870/2459/790 1984/2460/790 1985/2468/790
f 1814/2469/791 1928/2470/791 1985/2471/791 1871/2472/791
f 1814/2465/792 1815/2473/792 1929/2474/792 1928/2466/792
f 1872/2475/793 1871/2467/793 1985/2468/793 1986/2476/793
f 1815/2477/794 1929/2478/794 1986/2479/794 1872/2480/794
f 1815/2473/795 1816/2481/795 1930/2482/795 1929/2474/795
f 1873/2483/796 1872/2475/796 1986/2476/796 1987/2484/796
f 1816/2485/797 1930/2486/797 1987/2487/797 1873/2488/797
f 1816/2481/798 1817/2489/798 1931/2490/798 1930/2482/798
f 1874/2491/799 1873/2483/799 1987/2484/799 1988/2492/799
f 1817/2493/800 1874/2494/800 1988/2495/800 1931/2496/800
f 1817/2489/801 1818/2497/801 1932/2498/801 1931/2490/801
f 1875/2499/802 1874/2491/802 1988/2492/802 1989/2500/802
f 1818/2501/803 1875/2502/803 1989/2503/803 1932/2504/803
f 1818/2497/804 1819/2505/804 1933/2506/804 1932/2498/804
f 1876/2507/805 1875/2499/805 1989/2500/805 1990/2508/805
f 1819/2509/806 1933/2510/806 1990/2511/806 1876/2512/806
f 1819/2505/807 1820/2513/807 1934/2514/807 1933/2506/807
f 1877/2515/808 1876/2507/808 1990/2508/808 1991/2516/808
f 1820/2517/809 1934/2518/809 1991/2519/809 1877/2520/809
f 1820/2513/810 1821/2521/810 1935/2522/810 1934/2514/810
f 1878/2523/811 1877/2515/811 1991/2516/811 1992/2524/811
f 1821/2525/812 1878/2526/812 1992/2527/812 1935/2528/812
f 1821/2521/813 1822/2529/813 1936/2530/813 1935/2522/813
f 1879/2531/814 1878/2523/814 1992/2524/814 1993/2532/814
f 1822/2533/815 1936/2534/815 1993/2535/815 1879/2536/815
f 1822/2529/816 1823/2537/816 1937/2538/816 1936/2530/816
f 1880/2539/817 1879/2531/817 1993/2532/817 1994/2540/817
f 1823/2537/818 1937/2538/818 1994/2540/818 1880/2539/818
f 1823/2541/819 1824/2542/819 1938/2543/819 1937/2544/819
f 1881/2545/820 1880/2546/820 1994/2547/820 1995/2548/820
f 1824/2549/821 1881/2550/821 1995/2551/821 1938/2552/821
f 1824/2542/822 1825/2553/822 1939/2554/822 1938/2543/822
f 1882/2555/823 1881/2545/823 1995/2548/823 1996/2556/823
f 1825/2557/824 1882/2558/824 1996/2559/824 1939/2560/824
f 1825/2553/825 1826/2561/825 1940/2562/825 1939/2554/825
f 1883/2563/826 1882/2555/826 1996/2556/826 1997/2564/826
f 1826/2565/827 1883/2566/827 1997/2567/827 1940/2568/827
f 1826/2561/828 1827/2569/828 1941/2570/828 1940/2562/828
f 1884/2571/829 1883/2563/829 1997/2564/829 1998/2572/829
f 1827/2573/830 1884/2574/830 1998/2575/830 1941/2576/830
f 1827/2569/831 1828/2577/831 1942/2578/831 1941/2570/831
f 1885/2579/832 1884/2571/832 1998/2572/832 1999/2580/832
f 1828/2581/833 1942/2582/833 1999/2583/833 1885/2584/833
f 1828/2577/834 1829/2585/834 1943/2586/834 1942/2578/834
f 1886/2587/835 1885/2579/835 1999/2580/835 2000/2588/835
f 1829/2589/836 1943/2590/836 2000/2591/836 1886/2592/836
f 1829/2585/837 1830/2593/837 1944/2594/837 1943/2586/837
f 1887/2595/838 1886/2587/838 2000/2588/838 2001/2596/838
f 1830/2597/839 1944/2598/839 2001/2599/839 1887/2600/839
f 1830/2593/840 1831/2601/840 1945/2602/840 1944/2594/840
f 1888/2603/841 1887/2595/841 2001/2596/841 2002/2604/841
f 1831/2605/842 1945/2606/842 2002/2607/842 1888/2608/842
f 1831/2601/843 1832/2609/843 1946/2610/843 1945/2602/843
f 1889/2611/844 1888/2603/844 2002/2604/844 2003/2612/844
f 1832/2613/845 1889/2614/845 2003/2615/845 1946/2616/845
f 1832/2609/846 1833/2617/846 1947/2618/846 1946/2610/846
f 1890/2619/847 1889/2611/847 2003/2612/847 2004/2620/847
f 1833/2621/848 1947/2622/848 2004/2623/848 1890/2624/848
f 1833/2617/849 1834/2625/849 1948/2626/849 1947/2618/849
f 1891/2627/850 1890/2619/850 2004/2620/850 2005/2628/850
f 1834/2629/851 1948/2630/851 2005/2631/851 1891/2632/851
f 1834/2625/852 1835/2633/852 1949/2634/852 1948/2626/852
f 1892/2635/853 1891/2627/853 2005/2628/853 2006/2636/853
f 1835/2637/854 1892/2638/854 2006/2639/854 1949/2640/854
f 1835/2633/855 1836/2641/855 1950/2642/855 1949/2634/855
f 1893/2643/856 1892/2635/856 2006/2636/856 2007/2644/856
f 1836/2645/857 1893/2646/857 2007/2647/857 1950/2648/857
f 1836/2641/858 1837/2649/858 1951/2650/858 1950/2642/858
f 1894/2651/859 1893/2643/859 2007/2644/859 2008/2652/859
f 1837/2653/860 1951/2654/860 2008/2655/860 1894/2656/860
f 1837/2649/861 1838/2657/861 1952/2658/861 1951/2650/861
f 1895/2659/862 1894/2651/862 2008/2652/862 2009/2660/862
f 1838/2661/863 1952/2662/863 2009/2663/863 1895/2664/863
f 1838/2657/864 1839/2665/864 1953/2666/864 1952/2658/864
f 1896/2667/865 1895/2659/865 2009/2660/865 2010/2668/865
f 1839/2669/866 1953/2670/866 2010/2671/866 1896/2672/866
f 1839/2665/867 1840/2673/867 1954/2674/867 1953/2666/867
f 1897/2675/868 1896/2667/868 2010/2668/868 2011/2676/868
f 1840/2677/869 1954/2678/869 2011/2679/869 1897/2680/869
f 1840/2673/870 1841/2681/870 1955/2682/870 1954/2674/870
f 1898/2683/871 1897/2675/871 2011/2676/871 2012/2684/871
f 1841/2685/872 1898/2686/872 2012/2687/872 1955/2688/872
f 1841/2685/873 1842/2689/873 1956/2690/873 1955/2688/873
f 1899/2691/874 1898/2686/874 2012/2687/874 2013/2692/874
f 1842/2693/875 1899/2694/875 2013/2695/875 1956/2696/875
f 1842/2689/876 1843/2697/876 1957/2698/876 1956/2690/876
f 1900/2699/877 1899/2691/877 2013/2692/877 2014/2700/877
f 1843/2701/878 1957/2702/878 2014/2703/878 1900/2704/878
f 1843/2697/879 1844/2705/879 1958/2706/879 1957/2698/879
f 1901/2707/880 1900/2699/880 2014/2700/880 2015/2708/880
f 1844/2709/881 1901/2710/881 2015/2711/881 1958/2712/881
f 1844/2705/882 1845/2713/882 1959/2714/882 1958/2706/882
f 1902/2715/883 1901/2707/883 2015/2708/883 2016/2716/883
f 1845/2717/884 1902/2718/884 2016/2719/884 1959/2720/884
f 1845/2713/885 1846/2721/885 1960/2722/885 1959/2714/885
f 1903/2723/886 1902/2715/886 2016/2716/886 2017/2724/886
f 1846/2725/887 1960/2726/887 2017/2727/887 1903/2728/887
f 1846/2721/888 1847/2729/888 1961/2730/888 1960/2722/888
f 1904/2731/889 1903/2723/889 2017/2724/889 2018/2732/889
f 1847/2733/890 1904/2734/890 2018/2735/890 1961/2736/890
f 1905/2737/891 1906/2738/891 1907/2739/891 1908/2740/891 1909/2741/891 1910/2742/891 1911/2743/891 1912/2744/891 1913/2745/891 1914/2746/891 1915/2747/891 1916/2748/891 1917/2749/891 1918/2750/891 1919/2751/891 1920/2752/891 1921/2753/891 1922/2754/891 1923/2755/891 1924/2756/891 1925/2757/891 1926/2758/891 1927/2759/891 1928/2760/891 1929/2761/891 1930/2762/891 1931/2763/891 1932/2764/891 1933/2765/891 1934/2766/891 1935/2767/891 1936/2768/891 1937/2769/891 1938/2770/891 1939/2771/891 1940/2772/891 1941/2773/891 1942/2774/891 1943/2775/891 1944/2776/891 1945/2777/891 1946/2778/891 1947/2779/891 1948/2780/891 1949/2781/891 1950/2782/891 1951/2783/891 1952/2784/891 1953/2785/891 1954/2786/891 1955/2787/891 1956/2788/891 1957/2789/891 1958/2790/891 1959/2791/891 1960/2792/891 1961/2793/891 2018/2794/891 2017/2795/891 2016/2796/891 2015/2797/891 2014/2798/891 2013/2799/891 2012/2800/891 2011/2801/891 2010/2802/891 2009/2803/891 2008/2804/891 2007/2805/891 2006/2806/891 2005/2807/891 2004/2808/891 2003/2809/891 2002/2810/891 2001/2811/891 2000/2812/891 1999/2813/891 1998/2814/891 1997/2815/891 1996/2816/891 1995/2817/891 1994/2818/891 1993/2819/891 1992/2820/891 1991/2821/891 1990/2822/891 1989/2823/891 1988/2824/891 1987/2825/891 1986/2826/891 1985/2827/891 1984/2828/891 1983/2829/891 1982/2830/891 1981/2831/891 1980/2832/891 1979/2833/891 1978/2834/891 1977/2835/891 1976/2836/891 1975/2837/891 1974/2838/891 1973/2839/891 1972/2840/891 1971/2841/891 1970/2842/891 1969/2843/891 1968/2844/891 1967/2845/891 1966/2846/891 1965/2847/891 1964/2848/891 1963/2849/891 1962/2850/891
f 1791/2737/892 1848/2850/892 1849/2849/892 1850/2848/892 1851/2847/892 1852/2846/892 1853/2845/892 1854/2844/892 1855/2843/892 1856/2842/892 1857/2841/892 1858/2840/892 1859/2839/892 1860/2838/892 1861/2837/892 1862/2836/892 1863/2835/892 1864/2834/892 1865/2833/892 1866/2832/892 1867/2831/892 1868/2830/892 1869/2829/892 1870/2828/892 1871/2827/892 1872/2826/892 1873/2825/892 1874/2824/892 1875/2823/892 1876/2822/892 1877/2821/892 1878/2820/892 1879/2819/892 1880/2818/892 1881/2817/892 1882/2816/892 1883/2815/892 1884/2814/892 1885/2813/892 1886/2812/892 1887/2811/892 1888/2810/892 1889/2809/892 1890/2808/892 1891/2807/892 1892/2806/892 1893/2805/892 1894/2804/892 1895/2803/892 1896/2802/892 1897/2801/892 1898/2800/892 1899/2799/892 1900/2798/892 1901/2797/892 1902/2796/892 1903/2795/892 1904/2794/892 1847/2793/892 1846/2792/892 1845/2791/892 1844/2790/892 1843/2789/892 1842/2788/892 1841/2787/892 1840/2786/892 1839/2785/892 1838/2784/892 1837/2783/892 1836/2782/892 1835/2781/892 1834/2780/892 1833/2779/892 1832/2778/892 1831/2777/892 1830/2776/892 1829/2775/892 1828/2774/892 1827/2773/892 1826/2772/892 1825/2771/892 1824/2770/892 1823/2769/892 1822/2768/892 1821/2767/892 1820/2766/892 1819/2765/892 1818/2764/892 1817/2763/892 1816/2762/892 1815/2761/892 1814/2760/892 1813/2759/892 1812/2758/892 1811/2757/892 1810/2756/892 1809/2755/892 1808/2754/892 1807/2753/892 1806/2752/892 1805/2751/892 1804/2750/892 1803/2749/892 1802/2748/892 1801/2747/892 1800/2746/892 1799/2745/892 1798/2744/892 1797/2743/892 1796/2742/892 1795/2741/892 1794/2740/892 1793/2739/892 1792/2738/892
o JawPlate_Corner_1
v 1.697621 -0.055000 0.928591
v 1.700612 -0.055000 0.936454
v 1.704253 -0.055000 0.944037
v 1.708519 -0.055000 0.951288
v 1.713379 -0.055000 0.958155
v 1.718799 -0.055000 0.964589
v 1.724741 -0.055000 0.970544
v 1.731162 -0.055000 0.975979
v 1.738017 -0.055000 0.980855
v 1.745258 -0.055000 0.985137
v 1.752833 -0.055000 0.988796
v 1.760689 -0.055000 0.991805
v 1.768770 -0.055000 0.994144
v 1.777019 -0.055000 0.995794
v 1.785378 -0.055000 0.996746
v 1.793787 -0.055000 0.996992
v 1.802186 -0.055000 0.996530
v 1.810518 -0.055000 0.995363
v 1.818721 -0.055000 0.993501
v 1.826740 -0.055000 0.990956
v 1.834515 -0.055000 0.987745
v 1.841994 -0.055000 0.983893
v 1.849122 -0.055000 0.979425
v 1.855850 -0.055000 0.974374
v 1.862129 -0.055000 0.968776
v 1.867915 -0.055000 0.962670
v 1.873168 -0.055000 0.956099
v 1.877850 -0.055000 0.949109
v 1.881928 -0.055000 0.941751
v 1.885373 -0.055000 0.934076
v 1.888160 -0.055000 0.926139
v 1.890271 -0.055000 0.917996
v 1.891690 -0.055000 0.909704
v 1.892407 -0.055000 0.901322
v 1.892416 -0.055000 0.892909
v 1.891719 -0.055000 0.884526
v 1.890319 -0.055000 0.876231
v 1.888228 -0.055000 0.868082
v 1.885458 -0.055000 0.860139
v 1.882031 -0.055000 0.852456
v 1.877970 -0.055000 0.845088
v 1.873305 -0.055000 0.838088
v 1.868067 -0.055000 0.831505
v 1.862295 -0.055000 0.825385
v 1.856029 -0.055000 0.819772
v 1.849313 -0.055000 0.814706
v 1.842195 -0.055000 0.810222
v 1.834726 -0.055000 0.806352
v 1.826957 -0.055000 0.803124
v 1.818945 -0.055000 0.800560
v 1.810745 -0.055000 0.798679
v 1.802417 -0.055000 0.797493
v 1.794018 -0.055000 0.797012
v 1.785609 -0.055000 0.797238
v 1.777248 -0.055000 0.798170
v 1.768995 -0.055000 0.799802
v 1.760909 -0.055000 0.802121
v 1.729880 -0.055000 0.917850
v 1.731854 -0.055000 0.923040
v 1.734257 -0.055000 0.928045
v 1.737073 -0.055000 0.932830
v 1.740280 -0.055000 0.937362
v 1.743858 -0.055000 0.941608
v 1.747779 -0.055000 0.945539
v 1.752017 -0.055000 0.949126
v 1.756541 -0.055000 0.952344
v 1.761320 -0.055000 0.955171
v 1.766320 -0.055000 0.957586
v 1.771505 -0.055000 0.959572
v 1.776838 -0.055000 0.961115
v 1.782283 -0.055000 0.962204
v 1.787799 -0.055000 0.962832
v 1.793349 -0.055000 0.962995
v 1.798893 -0.055000 0.962690
v 1.804392 -0.055000 0.961920
v 1.809806 -0.055000 0.960691
v 1.815098 -0.055000 0.959011
v 1.820230 -0.055000 0.956892
v 1.825166 -0.055000 0.954349
v 1.829871 -0.055000 0.951401
v 1.834311 -0.055000 0.948067
v 1.838455 -0.055000 0.944372
v 1.842274 -0.055000 0.940342
v 1.845741 -0.055000 0.936005
v 1.848831 -0.055000 0.931392
v 1.851522 -0.055000 0.926536
v 1.853796 -0.055000 0.921470
v 1.855636 -0.055000 0.916232
v 1.857029 -0.055000 0.910857
v 1.857965 -0.055000 0.905385
v 1.858438 -0.055000 0.899853
v 1.858445 -0.055000 0.894300
v 1.857985 -0.055000 0.888767
v 1.857061 -0.055000 0.883292
v 1.855680 -0.055000 0.877914
v 1.853853 -0.055000 0.872672
v 1.851591 -0.055000 0.867601
v 1.848910 -0.055000 0.862738
v 1.845831 -0.055000 0.858118
v 1.842374 -0.055000 0.853773
v 1.838565 -0.055000 0.849734
v 1.834429 -0.055000 0.846030
v 1.829997 -0.055000 0.842686
v 1.825299 -0.055000 0.839727
v 1.820369 -0.055000 0.837173
v 1.815242 -0.055000 0.835042
v 1.809954 -0.055000 0.833350
v 1.804542 -0.055000 0.832108
v 1.799045 -0.055000 0.831325
v 1.793502 -0.055000 0.831008
v 1.787952 -0.055000 0.831157
v 1.782434 -0.055000 0.831772
v 1.776987 -0.055000 0.832849
v 1.771650 -0.055000 0.834380
v 1.697621 0.049000 0.928591
v 1.700612 0.049000 0.936454
v 1.704253 0.049000 0.944037
v 1.708519 0.049000 0.951288
v 1.713379 0.049000 0.958155
v 1.718799 0.049000 0.964589
v 1.724741 0.049000 0.970544
v 1.731162 0.049000 0.975979
v 1.738017 0.049000 0.980855
v 1.745258 0.049000 0.985137
v 1.752833 0.049000 0.988796
v 1.760689 0.049000 0.991805
v 1.768770 0.049000 0.994144
v 1.777019 0.049000 0.995794
v 1.785378 0.049000 0.996746
v 1.793787 0.049000 0.996992
v 1.802186 0.049000 0.996530
v 1.810518 0.049000 0.995363
v 1.818721 0.049000 0.993501
v 1.826740 0.049000 0.990956
v 1.834515 0.049000 0.987745
v 1.841994 0.049000 0.983893
v 1.849122 0.049000 0.979425
v 1.855850 0.049000 0.974374
v 1.862129 0.049000 0.968776
v 1.867915 0.049000 0.962670
v 1.873168 0.049000 0.956099
v 1.877850 0.049000 0.949109
v 1.881928 0.049000 0.941751
v 1.885373 0.049000 0.934076
v 1.888160 0.049000 0.926139
v 1.890271 0.049000 0.917996
v 1.891690 0.049000 0.909704
v 1.892407 0.049000 0.901322
v 1.892416 0.049000 0.892909
v 1.891719 0.049000 0.884526
v 1.890319 0.049000 0.876231
v 1.888228 0.049000 0.868082
v 1.885458 0.049000 0.860139
v 1.882031 0.049000 0.852456
v 1.877970 0.049000 0.845088
v 1.873305 0.049000 0.838088
v 1.868067 0.049000 0.831505
v 1.862295 0.049000 0.825385
v 1.856029 0.049000 0.819772
v 1.849313 0.049000 0.814706
v 1.842195 0.049000 0.810222
v 1.834726 0.049000 0.806352
v 1.826957 0.049000 0.803124
v 1.818945 0.049000 0.800560
v 1.810745 0.049000 0.798679
v 1.802417 0.049000 0.797493
v 1.794018 0.049000 0.797012
v 1.785609 0.049000 0.797238
v 1.777248 0.049000 0.798170
v 1.768995 0.049000 0.799802
v 1.760909 0.049000 0.802121
v 1.729880 0.049000 0.917850
v 1.731854 0.049000 0.923040
v 1.734257 0.049000 0.928045
v 1.737073 0.049000 0.932830
v 1.740280 0.049000 0.937362
v 1.743858 0.049000 0.941608
v 1.747779 0.049000 0.945539
v 1.752017 0.049000 0.949126
v 1.756541 0.049000 0.952344
v 1.761320 0.049000 0.955171
v 1.766320 0.049000 0.957586
v 1.771505 0.049000 0.959572
v 1.776838 0.049000 0.961115
v 1.782283 0.049000 0.962204
v 1.787799 0.049000 0.962832
v 1.793349 0.049000 0.962995
v 1.798893 0.049000 0.962690
v 1.804392 0.049000 0.961920
v 1.809806 0.049000 0.960691
v 1.815098 0.049000 0.959011
v 1.820230 0.049000 0.956892
v 1.825166 0.049000 0.954349
v 1.829871 0.049000 0.951401
v 1.834311 0.049000 0.948067
v 1.838455 0.049000 0.944372
v 1.842274 0.049000 0.940342
v 1.845741 0.049000 0.936005
v 1.848831 0.049000 0.931392
v 1.851522 0.049000 0.926536
v 1.853796 0.049000 0.921470
v 1.855636 0.049000 0.916232
v 1.857029 0.049000 0.910857
v 1.857965 0.049000 0.905385
v 1.858438 0.049000 0.899853
v 1.858445 0.049000 0.894300
v 1.857985 0.049000 0.888767
v 1.857061 0.049000 0.883292
v 1.855680 0.049000 0.877914
v 1.853853 0.049000 0.872672
v 1.851591 0.049000 0.867601
v 1.848910 0.049000 0.862738
v 1.845831 0.049000 0.858118
v 1.842374 0.049000 0.853773
v 1.838565 0.049000 0.849734
v 1.834429 0.049000 0.846030
v 1.829997 0.049000 0.842686
v 1.825299 0.049000 0.839727
v 1.820369 0.049000 0.837173
v 1.815242 0.049000 0.835042
v 1.809954 0.049000 0.833350
v 1.804542 0.049000 0.832108
v 1.799045 0.049000 0.831325
v 1.793502 0.049000 0.831008
v 1.787952 0.049000 0.831157
v 1.782434 0.049000 0.831772
v 1.776987 0.049000 0.832849
v 1.771650 0.049000 0.834380
vn -0.9347 -0.0000 0.3555
vn 0.9347 -0.0000 -0.3555
vn -0.3159 -0.0000 -0.9488
vn 0.3945 -0.0000 0.9189
vn -0.9015 -0.0000 0.4328
vn 0.9015 -0.0000 -0.4328
vn -0.4704 -0.0000 -0.8825
vn -0.8619 -0.0000 0.5071
vn 0.8618 -0.0000 -0.5072
vn -0.5429 -0.0000 -0.8398
vn -0.8163 -0.0000 0.5777
vn 0.8163 -0.0000 -0.5776
vn 0.6116 -0.0000 0.7912
vn -0.7648 -0.0000 0.6443
vn 0.7647 -0.0000 -0.6444
vn -0.6759 -0.0000 -0.7370
vn -0.7079 -0.0000 0.7063
vn 0.7080 -0.0000 -0.7062
vn -0.7354 -0.0000 -0.6776
vn -0.6461 -0.0000 0.7633
vn 0.6460 -0.0000 -0.7633
vn 0.7898 -0.0000 0.6134
vn -0.5796 -0.0000 0.8149
vn 0.5796 -0.0000 -0.8149
vn 0.8386 -0.0000 0.5448
vn -0.5090 -0.0000 0.8608
vn 0.5091 -0.0000 -0.8607
vn 0.8814 -0.0000 0.4724
vn -0.4350 -0.0000 0.9005
vn 0.4349 -0.0000 -0.9005
vn 0.9180 -0.0000 0.3967
vn -0.3577 -0.0000 0.9338
vn 0.3577 -0.0000 -0.9338
vn -0.9480 -0.0000 -0.3181
vn -0.2780 -0.0000 0.9606
vn 0.2779 -0.0000 -0.9606
vn -0.9714 -0.0000 -0.2373
vn -0.1961 -0.0000 0.9806
vn 0.1961 -0.0000 -0.9806
vn 0.9879 -0.0000 0.1548
vn -0.1132 -0.0000 0.9936
vn 0.1131 -0.0000 -0.9936
vn 0.9975 -0.0000 0.0712
vn -0.0292 -0.0000 0.9996
vn 0.0294 -0.0000 -0.9996
vn -0.9999 -0.0000 0.0129
vn 0.0549 -0.0000 0.9985
vn -0.0549 -0.0000 -0.9985
vn 0.9953 -0.0000 -0.0969
vn 0.1387 -0.0000 0.9903
vn -0.1387 -0.0000 -0.9903
vn 0.9836 -0.0000 -0.1802
vn 0.2214 -0.0000 0.9752
vn -0.2214 -0.0000 -0.9752
vn 0.9650 -0.0000 -0.2622
vn 0.3025 -0.0000 0.9531
vn -0.3026 -0.0000 -0.9531
vn 0.9396 -0.0000 -0.3424
vn 0.3817 -0.0000 0.9243
vn -0.3816 -0.0000 -0.9243
vn -0.9075 -0.0000 0.4202
vn 0.4579 -0.0000 0.8890
vn -0.4580 -0.0000 -0.8890
vn -0.8689 -0.0000 0.4949
vn 0.5311 -0.0000 0.8473
vn -0.5309 -0.0000 -0.8474
vn -0.8243 -0.0000 0.5662
vn 0.6004 -0.0000 0.7997
vn -0.6005 -0.0000 -0.7997
vn -0.7737 -0.0000 0.6335
vn 0.6655 -0.0000 0.7464
vn -0.6655 -0.0000 -0.7464
vn 0.7178 -0.0000 -0.6963
vn 0.7259 -0.0000 0.6878
vn -0.7259 -0.0000 -0.6878
vn 0.6567 -0.0000 -0.7541
vn 0.7811 -0.0000 0.6244
vn -0.7811 -0.0000 -0.6244
vn -0.5910 -0.0000 0.8067
vn 0.8308 -0.0000 0.5565
vn -0.8308 -0.0000 -0.5565
vn 0.5211 -0.0000 -0.8535
vn 0.8747 -0.0000 0.4847
vn -0.8747 -0.0000 -0.4847
vn 0.4475 -0.0000 -0.8943
vn 0.9123 -0.0000 0.4095
vn -0.9123 -0.0000 -0.4095
vn -0.3708 -0.0000 0.9287
vn 0.9435 -0.0000 0.3313
vn -0.9435 -0.0000 -0.3314
vn -0.2914 -0.0000 0.9566
vn 0.9680 -0.0000 0.2509
vn -0.9680 -0.0000 -0.2509
vn 0.2100 -0.0000 -0.9777
vn 0.9857 -0.0000 0.1687
vn -0.9857 -0.0000 -0.1686
vn 0.1270 -0.0000 -0.9919
vn 0.9964 -0.0000 0.0852
vn -0.9964 -0.0000 -0.0852
vn 0.0432 -0.0000 -0.9991
vn 1.0000 -0.0000 0.0014
vn -1.0000 -0.0000 -0.0013
vn 0.0409 -0.0000 0.9992
vn 0.9966 -0.0000 -0.0829
vn -0.9966 -0.0000 0.0829
vn -0.1247 -0.0000 -0.9922
vn 0.9861 -0.0000 -0.1664
vn -0.9861 -0.0000 0.1664
vn 0.2077 -0.0000 0.9782
vn 0.9686 -0.0000 -0.2485
vn -0.9687 -0.0000 0.2484
vn 0.2892 -0.0000 0.9573
vn 0.9443 -0.0000 -0.3290
vn -0.9443 -0.0000 0.3291
vn 0.3686 -0.0000 0.9296
vn 0.9133 -0.0000 -0.4074
vn -0.9133 -0.0000 0.4074
vn -0.4454 -0.0000 -0.8953
vn 0.8758 -0.0000 -0.4827
vn -0.8757 -0.0000 0.4828
vn 0.5191 -0.0000 0.8547
vn 0.8321 -0.0000 -0.5546
vn -0.8321 -0.0000 0.5546
vn -0.5891 -0.0000 -0.8081
vn 0.7825 -0.0000 -0.6226
vn -0.7825 -0.0000 0.6226
vn -0.6549 -0.0000 -0.7557
vn 0.7275 -0.0000 -0.6861
vn -0.7275 -0.0000 0.6861
vn -0.7162 -0.0000 -0.6979
vn 0.6672 -0.0000 -0.7449
vn -0.6671 -0.0000 0.7449
vn 0.7723 -0.0000 0.6353
vn 0.6022 -0.0000 -0.7983
vn -0.6023 -0.0000 0.7983
vn 0.8229 -0.0000 0.5681
vn 0.5330 -0.0000 -0.8461
vn -0.5330 -0.0000 0.8461
vn 0.8678 -0.0000 0.4969
vn 0.4601 -0.0000 -0.8879
vn -0.4600 -0.0000 0.8879
vn 0.9065 -0.0000 0.4223
vn 0.3837 -0.0000 -0.9235
vn -0.3838 -0.0000 0.9234
vn 0.9388 -0.0000 0.3446
vn 0.3048 -0.0000 -0.9524
vn -0.3047 -0.0000 0.9524
vn 0.9644 -0.0000 0.2644
vn 0.2236 -0.0000 -0.9747
vn -0.2237 -0.0000 0.9747
vn 0.9832 -0.0000 0.1824
vn 0.1410 -0.0000 -0.9900
vn -0.1410 -0.0000 0.9900
vn -0.9951 -0.0000 -0.0992
vn 0.0572 -0.0000 -0.9984
vn -0.0571 -0.0000 0.9984
vn 0.9999 -0.0000 0.0152
vn -0.0269 -0.0000 -0.9996
vn 0.0268 -0.0000 0.9996
vn -0.9976 -0.0000 0.0689
vn -0.1108 -0.0000 -0.9938
vn 0.1108 -0.0000 0.9938
vn 0.9883 -0.0000 -0.1525
vn -0.1940 -0.0000 -0.9810
vn 0.1940 -0.0000 0.9810
vn -0.9720 -0.0000 0.2351
vn -0.2757 -0.0000 -0.9613
vn 0.2757 -0.0000 0.9612
vn -0.9488 -0.0000 0.3159
vn -0.0000 1.0000 -0.0000
vn -0.0000 -1.0000 -0.0000
vt 0.448000 0.531589
vt 0.448000 0.539452
vt 0.552000 0.539452
vt 0.552000 0.531589
vt 0.448000 0.526038
vt 0.448000 0.520848
vt 0.552000 0.520848
vt 0.552000 0.526038
vt 0.402603 0.448000
vt 0.402603 0.552000
vt 0.434862 0.552000
vt 0.434862 0.448000
vt 0.405594 0.448000
vt 0.436836 0.448000
vt 0.436836 0.552000
vt 0.405594 0.552000
vt 0.448000 0.547035
vt 0.552000 0.547035
vt 0.448000 0.531043
vt 0.552000 0.531043
vt 0.409235 0.448000
vt 0.409235 0.552000
vt 0.439239 0.552000
vt 0.439239 0.448000
vt 0.448000 0.554286
vt 0.552000 0.554286
vt 0.448000 0.535828
vt 0.552000 0.535828
vt 0.413501 0.448000
vt 0.413501 0.552000
vt 0.442055 0.552000
vt 0.442055 0.448000
vt 0.448000 0.561153
vt 0.552000 0.561153
vt 0.448000 0.540360
vt 0.552000 0.540360
vt 0.418361 0.448000
vt 0.445262 0.448000
vt 0.445262 0.552000
vt 0.418361 0.552000
vt 0.448000 0.567587
vt 0.552000 0.567587
vt 0.448000 0.544606
vt 0.552000 0.544606
vt 0.423781 0.448000
vt 0.423781 0.552000
vt 0.448840 0.552000
vt 0.448840 0.448000
vt 0.448000 0.573542
vt 0.552000 0.573542
vt 0.448000 0.548537
vt 0.552000 0.548537
vt 0.429723 0.448000
vt 0.436144 0.448000
vt 0.436144 0.552000
vt 0.429723 0.552000
vt 0.456999 0.448000
vt 0.452761 0.448000
vt 0.452761 0.552000
vt 0.456999 0.552000
vt 0.448000 0.578977
vt 0.448000 0.552124
vt 0.552000 0.552124
vt 0.552000 0.578977
vt 0.442999 0.448000
vt 0.442999 0.552000
vt 0.461523 0.448000
vt 0.461523 0.552000
vt 0.448000 0.583853
vt 0.448000 0.555342
vt 0.552000 0.555342
vt 0.552000 0.583853
vt 0.450240 0.448000
vt 0.450240 0.552000
vt 0.466302 0.448000
vt 0.466302 0.552000
vt 0.448000 0.588135
vt 0.448000 0.558169
vt 0.552000 0.558169
vt 0.552000 0.588135
vt 0.457815 0.448000
vt 0.457815 0.552000
vt 0.471302 0.448000
vt 0.471302 0.552000
vt 0.448000 0.591794
vt 0.448000 0.560584
vt 0.552000 0.560584
vt 0.552000 0.591794
vt 0.465671 0.448000
vt 0.465671 0.552000
vt 0.476487 0.448000
vt 0.476487 0.552000
vt 0.448000 0.594803
vt 0.552000 0.594803
vt 0.552000 0.562570
vt 0.448000 0.562570
vt 0.473752 0.448000
vt 0.473752 0.552000
vt 0.481820 0.448000
vt 0.481820 0.552000
vt 0.448000 0.597142
vt 0.552000 0.597142
vt 0.552000 0.564113
vt 0.448000 0.564113
vt 0.482001 0.448000
vt 0.482001 0.552000
vt 0.487265 0.448000
vt 0.487265 0.552000
vt 0.448000 0.598792
vt 0.448000 0.565202
vt 0.552000 0.565202
vt 0.552000 0.598792
vt 0.490360 0.448000
vt 0.490360 0.552000
vt 0.492781 0.448000
vt 0.492781 0.552000
vt 0.448000 0.599744
vt 0.448000 0.565830
vt 0.552000 0.565830
vt 0.552000 0.599744
vt 0.498769 0.448000
vt 0.498769 0.552000
vt 0.498331 0.448000
vt 0.498331 0.552000
vt 0.448000 0.599990
vt 0.552000 0.599990
vt 0.552000 0.565993
vt 0.448000 0.565993
vt 0.507168 0.448000
vt 0.507168 0.552000
vt 0.503875 0.448000
vt 0.503875 0.552000
vt 0.448000 0.599528
vt 0.448000 0.565688
vt 0.552000 0.565688
vt 0.552000 0.599528
vt 0.515500 0.448000
vt 0.515500 0.552000
vt 0.509374 0.448000
vt 0.509374 0.552000
vt 0.448000 0.598361
vt 0.448000 0.564918
vt 0.552000 0.564918
vt 0.552000 0.598361
vt 0.523703 0.448000
vt 0.523703 0.552000
vt 0.514788 0.448000
vt 0.514788 0.552000
vt 0.448000 0.596499
vt 0.448000 0.563689
vt 0.552000 0.563689
vt 0.552000 0.596499
vt 0.531722 0.448000
vt 0.531722 0.552000
vt 0.520080 0.448000
vt 0.520080 0.552000
vt 0.448000 0.593954
vt 0.448000 0.562009
vt 0.552000 0.562009
vt 0.552000 0.593954
vt 0.539497 0.448000
vt 0.539497 0.552000
vt 0.525212 0.448000
vt 0.525212 0.552000
vt 0.448000 0.590743
vt 0.552000 0.590743
vt 0.552000 0.559890
vt 0.448000 0.559890
vt 0.546976 0.448000
vt 0.546976 0.552000
vt 0.530148 0.448000
vt 0.530148 0.552000
vt 0.448000 0.586891
vt 0.552000 0.586891
vt 0.552000 0.557347
vt 0.448000 0.557347
vt 0.554104 0.448000
vt 0.554104 0.552000
vt 0.534853 0.448000
vt 0.534853 0.552000
vt 0.448000 0.582423
vt 0.552000 0.582423
vt 0.552000 0.554399
vt 0.448000 0.554399
vt 0.560832 0.448000
vt 0.560832 0.552000
vt 0.539293 0.448000
vt 0.539293 0.552000
vt 0.448000 0.577372
vt 0.552000 0.577372
vt 0.552000 0.551065
vt 0.448000 0.551065
vt 0.567111 0.448000
vt 0.567111 0.552000
vt 0.543437 0.448000
vt 0.543437 0.552000
vt 0.448000 0.571774
vt 0.448000 0.547370
vt 0.552000 0.547370
vt 0.552000 0.571774
vt 0.448000 0.565668
vt 0.552000 0.565668
vt 0.448000 0.543340
vt 0.552000 0.543340
vt 0.572897 0.448000
vt 0.547256 0.448000
vt 0.547256 0.552000
vt 0.572897 0.552000
vt 0.448000 0.559097
vt 0.552000 0.559097
vt 0.448000 0.539003
vt 0.552000 0.539003
vt 0.578150 0.448000
vt 0.578150 0.552000
vt 0.550723 0.552000
vt 0.550723 0.448000
vt 0.448000 0.552107
vt 0.552000 0.552107
vt 0.448000 0.534390
vt 0.552000 0.534390
vt 0.582832 0.448000
vt 0.553813 0.448000
vt 0.553813 0.552000
vt 0.582832 0.552000
vt 0.448000 0.544749
vt 0.552000 0.544749
vt 0.448000 0.529534
vt 0.552000 0.529534
vt 0.586910 0.448000
vt 0.556504 0.448000
vt 0.556504 0.552000
vt 0.586910 0.552000
vt 0.448000 0.537074
vt 0.552000 0.537074
vt 0.448000 0.524468
vt 0.552000 0.524468
vt 0.590355 0.448000
vt 0.590355 0.552000
vt 0.558778 0.552000
vt 0.558778 0.448000
vt 0.448000 0.529137
vt 0.552000 0.529137
vt 0.448000 0.519230
vt 0.552000 0.519230
vt 0.593142 0.448000
vt 0.593142 0.552000
vt 0.560618 0.552000
vt 0.560618 0.448000
vt 0.448000 0.520994
vt 0.552000 0.520994
vt 0.448000 0.513855
vt 0.552000 0.513855
vt 0.595253 0.448000
vt 0.562011 0.448000
vt 0.562011 0.552000
vt 0.595253 0.552000
vt 0.448000 0.512702
vt 0.552000 0.512702
vt 0.448000 0.508383
vt 0.552000 0.508383
vt 0.596672 0.448000
vt 0.562947 0.448000
vt 0.562947 0.552000
vt 0.596672 0.552000
vt 0.448000 0.504320
vt 0.552000 0.504320
vt 0.448000 0.502851
vt 0.552000 0.502851
vt 0.597389 0.448000
vt 0.563420 0.448000
vt 0.563420 0.552000
vt 0.597389 0.552000
vt 0.448000 0.495907
vt 0.552000 0.495907
vt 0.448000 0.497298
vt 0.552000 0.497298
vt 0.597398 0.448000
vt 0.597398 0.552000
vt 0.563427 0.552000
vt 0.563427 0.448000
vt 0.448000 0.487524
vt 0.552000 0.487524
vt 0.448000 0.491765
vt 0.552000 0.491765
vt 0.596701 0.448000
vt 0.562967 0.448000
vt 0.562967 0.552000
vt 0.596701 0.552000
vt 0.448000 0.479229
vt 0.552000 0.479229
vt 0.448000 0.486290
vt 0.552000 0.486290
vt 0.595301 0.448000
vt 0.595301 0.552000
vt 0.562043 0.552000
vt 0.562043 0.448000
vt 0.448000 0.471080
vt 0.552000 0.471080
vt 0.448000 0.480912
vt 0.552000 0.480912
vt 0.593210 0.448000
vt 0.593210 0.552000
vt 0.560662 0.552000
vt 0.560662 0.448000
vt 0.448000 0.463137
vt 0.552000 0.463137
vt 0.448000 0.475670
vt 0.552000 0.475670
vt 0.590440 0.448000
vt 0.590440 0.552000
vt 0.558835 0.552000
vt 0.558835 0.448000
vt 0.448000 0.455454
vt 0.552000 0.455454
vt 0.448000 0.470599
vt 0.552000 0.470599
vt 0.587013 0.448000
vt 0.556573 0.448000
vt 0.556573 0.552000
vt 0.587013 0.552000
vt 0.448000 0.448086
vt 0.552000 0.448086
vt 0.448000 0.465736
vt 0.552000 0.465736
vt 0.582952 0.448000
vt 0.582952 0.552000
vt 0.553892 0.552000
vt 0.553892 0.448000
vt 0.448000 0.441086
vt 0.552000 0.441086
vt 0.448000 0.461116
vt 0.552000 0.461116
vt 0.578287 0.448000
vt 0.550813 0.448000
vt 0.550813 0.552000
vt 0.578287 0.552000
vt 0.448000 0.434503
vt 0.552000 0.434503
vt 0.448000 0.456771
vt 0.552000 0.456771
vt 0.573049 0.448000
vt 0.547356 0.448000
vt 0.547356 0.552000
vt 0.573049 0.552000
vt 0.448000 0.428383
vt 0.552000 0.428383
vt 0.448000 0.452732
vt 0.552000 0.452732
vt 0.567277 0.448000
vt 0.561011 0.448000
vt 0.561011 0.552000
vt 0.567277 0.552000
vt 0.539411 0.448000
vt 0.543547 0.448000
vt 0.543547 0.552000
vt 0.539411 0.552000
vt 0.448000 0.422770
vt 0.552000 0.422770
vt 0.552000 0.449028
vt 0.448000 0.449028
vt 0.554295 0.448000
vt 0.554295 0.552000
vt 0.534979 0.448000
vt 0.534979 0.552000
vt 0.448000 0.417704
vt 0.552000 0.417704
vt 0.552000 0.445684
vt 0.448000 0.445684
vt 0.547177 0.448000
vt 0.547177 0.552000
vt 0.530281 0.448000
vt 0.530281 0.552000
vt 0.448000 0.413220
vt 0.552000 0.413220
vt 0.552000 0.442725
vt 0.448000 0.442725
vt 0.539708 0.448000
vt 0.539708 0.552000
vt 0.525351 0.448000
vt 0.525351 0.552000
vt 0.448000 0.409350
vt 0.552000 0.409350
vt 0.552000 0.440171
vt 0.448000 0.440171
vt 0.531939 0.448000
vt 0.531939 0.552000
vt 0.520224 0.448000
vt 0.520224 0.552000
vt 0.448000 0.406122
vt 0.552000 0.406122
vt 0.552000 0.438040
vt 0.448000 0.438040
vt 0.523927 0.448000
vt 0.523927 0.552000
vt 0.514936 0.448000
vt 0.514936 0.552000
vt 0.448000 0.403558
vt 0.552000 0.403558
vt 0.552000 0.436348
vt 0.448000 0.436348
vt 0.515727 0.448000
vt 0.515727 0.552000
vt 0.509524 0.448000
vt 0.509524 0.552000
vt 0.448000 0.401677
vt 0.552000 0.401677
vt 0.552000 0.435106
vt 0.448000 0.435106
vt 0.507399 0.448000
vt 0.507399 0.552000
vt 0.504027 0.448000
vt 0.504027 0.552000
vt 0.448000 0.400491
vt 0.448000 0.434323
vt 0.552000 0.434323
vt 0.552000 0.400491
vt 0.499000 0.448000
vt 0.499000 0.552000
vt 0.498484 0.448000
vt 0.498484 0.552000
vt 0.448000 0.400010
vt 0.552000 0.400010
vt 0.552000 0.434006
vt 0.448000 0.434006
vt 0.490591 0.448000
vt 0.490591 0.552000
vt 0.492934 0.448000
vt 0.492934 0.552000
vt 0.448000 0.400236
vt 0.448000 0.434155
vt 0.552000 0.434155
vt 0.552000 0.400236
vt 0.482230 0.448000
vt 0.482230 0.552000
vt 0.487416 0.448000
vt 0.487416 0.552000
vt 0.448000 0.401168
vt 0.552000 0.401168
vt 0.552000 0.434770
vt 0.448000 0.434770
vt 0.473977 0.448000
vt 0.473977 0.552000
vt 0.481969 0.448000
vt 0.481969 0.552000
vt 0.448000 0.402800
vt 0.448000 0.435847
vt 0.552000 0.435847
vt 0.552000 0.402800
vt 0.465891 0.448000
vt 0.465891 0.552000
vt 0.476632 0.448000
vt 0.476632 0.552000
vt 0.448000 0.405119
vt 0.448000 0.437378
vt 0.552000 0.437378
vt 0.552000 0.405119
vt 0.402603 0.531589
vt 0.405594 0.539452
vt 0.409235 0.547035
vt 0.413501 0.554286
vt 0.418361 0.561153
vt 0.423781 0.567587
vt 0.429723 0.573542
vt 0.436144 0.578977
vt 0.442999 0.583853
vt 0.450240 0.588135
vt 0.457815 0.591794
vt 0.465671 0.594803
vt 0.473752 0.597142
vt 0.482001 0.598792
vt 0.490360 0.599744
vt 0.498769 0.599990
vt 0.507168 0.599528
vt 0.515500 0.598361
vt 0.523703 0.596499
vt 0.531722 0.593954
vt 0.539497 0.590743
vt 0.546976 0.586891
vt 0.554104 0.582423
vt 0.560832 0.577372
vt 0.567111 0.571774
vt 0.572897 0.565668
vt 0.578150 0.559097
vt 0.582832 0.552107
vt 0.586910 0.544749
vt 0.590355 0.537074
vt 0.593142 0.529137
vt 0.595253 0.520994
vt 0.596672 0.512702
vt 0.597389 0.504320
vt 0.597398 0.495907
vt 0.596701 0.487524
vt 0.595301 0.479229
vt 0.593210 0.471080
vt 0.590440 0.463137
vt 0.587013 0.455454
vt 0.582952 0.448086
vt 0.578287 0.441086
vt 0.573049 0.434503
vt 0.567277 0.428383
vt 0.561011 0.422770
vt 0.554295 0.417704
vt 0.547177 0.413220
vt 0.539708 0.409350
vt 0.531939 0.406122
vt 0.523927 0.403558
vt 0.515727 0.401677
vt 0.507399 0.400491
vt 0.499000 0.400010
vt 0.490591 0.400236
vt 0.482230 0.401168
vt 0.473977 0.402800
vt 0.465891 0.405119
vt 0.476632 0.437378
vt 0.481969 0.435847
vt 0.487416 0.434770
vt 0.492934 0.434155
vt 0.498484 0.434006
vt 0.504027 0.434323
vt 0.509524 0.435106
vt 0.514936 0.436348
vt 0.520224 0.438040
vt 0.525351 0.440171
vt 0.530281 0.442725
vt 0.534979 0.445684
vt 0.539411 0.449028
vt 0.543547 0.452732
vt 0.547356 0.456771
vt 0.550813 0.461116
vt 0.553892 0.465736
vt 0.556573 0.470599
vt 0.558835 0.475670
vt 0.560662 0.480912
vt 0.562043 0.486290
vt 0.562967 0.491765
vt 0.563427 0.497298
vt 0.563420 0.502851
vt 0.562947 0.508383
vt 0.562011 0.513855
vt 0.560618 0.519230
vt 0.558778 0.524468
vt 0.556504 0.529534
vt 0.553813 0.534390
vt 0.550723 0.539003
vt 0.547256 0.543340
vt 0.543437 0.547370
vt 0.539293 0.551065
vt 0.534853 0.554399
vt 0.530148 0.557347
vt 0.525212 0.559890
vt 0.520080 0.562009
vt 0.514788 0.563689
vt 0.509374 0.564918
vt 0.503875 0.565688
vt 0.498331 0.565993
vt 0.492781 0.565830
vt 0.487265 0.565202
vt 0.481820 0.564113
vt 0.476487 0.562570
vt 0.471302 0.560584
vt 0.466302 0.558169
vt 0.461523 0.555342
vt 0.456999 0.552124
vt 0.452761 0.548537
vt 0.448840 0.544606
vt 0.445262 0.540360
vt 0.442055 0.535828
vt 0.439239 0.531043
vt 0.436836 0.526038
vt 0.434862 0.520848
s 1
usemtl Leather
f 2019/2851/893 2020/2852/893 2134/2853/893 2133/2854/893
f 2077/2855/894 2076/2856/894 2190/2857/894 2191/2858/894
f 2019/2859/895 2133/2860/895 2190/2861/895 2076/2862/895
f 2020/2863/896 2077/2864/896 2191/2865/896 2134/2866/896
f 2020/2852/897 2021/2867/897 2135/2868/897 2134/2853/897
f 2078/2869/898 2077/2855/898 2191/2858/898 2192/2870/898
f 2021/2871/899 2135/2872/899 2192/2873/899 2078/2874/899
f 2021/2867/900 2022/2875/900 2136/2876/900 2135/2868/900
f 2079/2877/901 2078/2869/901 2192/2870/901 2193/2878/901
f 2022/2879/902 2136/2880/902 2193/2881/902 2079/2882/902
f 2022/2875/903 2023/2883/903 2137/2884/903 2136/2876/903
f 2080/2885/904 2079/2877/904 2193/2878/904 2194/2886/904
f 2023/2887/905 2080/2888/905 2194/2889/905 2137/2890/905
f 2023/2883/906 2024/2891/906 2138/2892/906 2137/2884/906
f 2081/2893/907 2080/2885/907 2194/2886/907 2195/2894/907
f 2024/2895/908 2138/2896/908 2195/2897/908 2081/2898/908
f 2024/2891/909 2025/2899/909 2139/2900/909 2138/2892/909
f 2082/2901/910 2081/2893/910 2195/2894/910 2196/2902/910
f 2025/2899/911 2139/2900/911 2196/2902/911 2082/2901/911
f 2025/2903/912 2026/2904/912 2140/2905/912 2139/2906/912
f 2083/2907/913 2082/2908/913 2196/2909/913 2197/2910/913
f 2026/2911/914 2083/2912/914 2197/2913/914 2140/2914/914
f 2026/2904/915 2027/2915/915 2141/2916/915 2140/2905/915
f 2084/2917/916 2083/2907/916 2197/2910/916 2198/2918/916
f 2027/2919/917 2084/2920/917 2198/2921/917 2141/2922/917
f 2027/2915/918 2028/2923/918 2142/2924/918 2141/2916/918
f 2085/2925/919 2084/2917/919 2198/2918/919 2199/2926/919
f 2028/2927/920 2085/2928/920 2199/2929/920 2142/2930/920
f 2028/2923/921 2029/2931/921 2143/2932/921 2142/2924/921
f 2086/2933/922 2085/2925/922 2199/2926/922 2200/2934/922
f 2029/2935/923 2086/2936/923 2200/2937/923 2143/2938/923
f 2029/2931/924 2030/2939/924 2144/2940/924 2143/2932/924
f 2087/2941/925 2086/2933/925 2200/2934/925 2201/2942/925
f 2030/2943/926 2144/2944/926 2201/2945/926 2087/2946/926
f 2030/2939/927 2031/2947/927 2145/2948/927 2144/2940/927
f 2088/2949/928 2087/2941/928 2201/2942/928 2202/2950/928
f 2031/2951/929 2145/2952/929 2202/2953/929 2088/2954/929
f 2031/2947/930 2032/2955/930 2146/2956/930 2145/2948/930
f 2089/2957/931 2088/2949/931 2202/2950/931 2203/2958/931
f 2032/2959/932 2089/2960/932 2203/2961/932 2146/2962/932
f 2032/2955/933 2033/2963/933 2147/2964/933 2146/2956/933
f 2090/2965/934 2089/2957/934 2203/2958/934 2204/2966/934
f 2033/2967/935 2090/2968/935 2204/2969/935 2147/2970/935
f 2033/2963/936 2034/2971/936 2148/2972/936 2147/2964/936
f 2091/2973/937 2090/2965/937 2204/2966/937 2205/2974/937
f 2034/2975/938 2148/2976/938 2205/2977/938 2091/2978/938
f 2034/2971/939 2035/2979/939 2149/2980/939 2148/2972/939
f 2092/2981/940 2091/2973/940 2205/2974/940 2206/2982/940
f 2035/2983/941 2092/2984/941 2206/2985/941 2149/2986/941
f 2035/2979/942 2036/2987/942 2150/2988/942 2149/2980/942
f 2093/2989/943 2092/2981/943 2206/2982/943 2207/2990/943
f 2036/2991/944 2093/2992/944 2207/2993/944 2150/2994/944
f 2036/2987/945 2037/2995/945 2151/2996/945 2150/2988/945
f 2094/2997/946 2093/2989/946 2207/2990/946 2208/2998/946
f 2037/2999/947 2094/3000/947 2208/3001/947 2151/3002/947
f 2037/2995/948 2038/3003/948 2152/3004/948 2151/2996/948
f 2095/3005/949 2094/2997/949 2208/2998/949 2209/3006/949
f 2038/3007/950 2095/3008/950 2209/3009/950 2152/3010/950
f 2038/3003/951 2039/3011/951 2153/3012/951 2152/3004/951
f 2096/3013/952 2095/3005/952 2209/3006/952 2210/3014/952
f 2039/3015/953 2153/3016/953 2210/3017/953 2096/3018/953
f 2039/3011/954 2040/3019/954 2154/3020/954 2153/3012/954
f 2097/3021/955 2096/3013/955 2210/3014/955 2211/3022/955
f 2040/3023/956 2154/3024/956 2211/3025/956 2097/3026/956
f 2040/3019/957 2041/3027/957 2155/3028/957 2154/3020/957
f 2098/3029/958 2097/3021/958 2211/3022/958 2212/3030/958
f 2041/3031/959 2155/3032/959 2212/3033/959 2098/3034/959
f 2041/3027/960 2042/3035/960 2156/3036/960 2155/3028/960
f 2099/3037/961 2098/3029/961 2212/3030/961 2213/3038/961
f 2042/3039/962 2156/3040/962 2213/3041/962 2099/3042/962
f 2042/3035/963 2043/3043/963 2157/3044/963 2156/3036/963
f 2100/3045/964 2099/3037/964 2213/3038/964 2214/3046/964
f 2043/3047/965 2100/3048/965 2214/3049/965 2157/3050/965
f 2043/3047/966 2044/3051/966 2158/3052/966 2157/3050/966
f 2101/3053/967 2100/3048/967 2214/3049/967 2215/3054/967
f 2044/3055/968 2101/3056/968 2215/3057/968 2158/3058/968
f 2044/3051/969 2045/3059/969 2159/3060/969 2158/3052/969
f 2102/3061/970 2101/3053/970 2215/3054/970 2216/3062/970
f 2045/3063/971 2159/3064/971 2216/3065/971 2102/3066/971
f 2045/3059/972 2046/3067/972 2160/3068/972 2159/3060/972
f 2103/3069/973 2102/3061/973 2216/3062/973 2217/3070/973
f 2046/3071/974 2103/3072/974 2217/3073/974 2160/3074/974
f 2046/3067/975 2047/3075/975 2161/3076/975 2160/3068/975
f 2104/3077/976 2103/3069/976 2217/3070/976 2218/3078/976
f 2047/3079/977 2104/3080/977 2218/3081/977 2161/3082/977
f 2047/3075/978 2048/3083/978 2162/3084/978 2161/3076/978
f 2105/3085/979 2104/3077/979 2218/3078/979 2219/3086/979
f 2048/3087/980 2162/3088/980 2219/3089/980 2105/3090/980
f 2048/3083/981 2049/3091/981 2163/3092/981 2162/3084/981
f 2106/3093/982 2105/3085/982 2219/3086/982 2220/3094/982
f 2049/3095/983 2163/3096/983 2220/3097/983 2106/3098/983
f 2049/3091/984 2050/3099/984 2164/3100/984 2163/3092/984
f 2107/3101/985 2106/3093/985 2220/3094/985 2221/3102/985
f 2050/3103/986 2107/3104/986 2221/3105/986 2164/3106/986
f 2050/3099/987 2051/3107/987 2165/3108/987 2164/3100/987
f 2108/3109/988 2107/3101/988 2221/3102/988 2222/3110/988
f 2051/3111/989 2108/3112/989 2222/3113/989 2165/3114/989
f 2051/3107/990 2052/3115/990 2166/3116/990 2165/3108/990
f 2109/3117/991 2108/3109/991 2222/3110/991 2223/3118/991
f 2052/3119/992 2109/3120/992 2223/3121/992 2166/3122/992
f 2052/3115/993 2053/3123/993 2167/3124/993 2166/3116/993
f 2110/3125/994 2109/3117/994 2223/3118/994 2224/3126/994
f 2053/3127/995 2167/3128/995 2224/3129/995 2110/3130/995
f 2053/3123/996 2054/3131/996 2168/3132/996 2167/3124/996
f 2111/3133/997 2110/3125/997 2224/3126/997 2225/3134/997
f 2054/3135/998 2111/3136/998 2225/3137/998 2168/3138/998
f 2054/3131/999 2055/3139/999 2169/3140/999 2168/3132/999
f 2112/3141/1000 2111/3133/1000 2225/3134/1000 2226/3142/1000
f 2055/3143/1001 2169/3144/1001 2226/3145/1001 2112/3146/1001
f 2055/3139/1002 2056/3147/1002 2170/3148/1002 2169/3140/1002
f 2113/3149/1003 2112/3141/1003 2226/3142/1003 2227/3150/1003
f 2056/3151/1004 2170/3152/1004 2227/3153/1004 2113/3154/1004
f 2056/3147/1005 2057/3155/1005 2171/3156/1005 2170/3148/1005
f 2114/3157/1006 2113/3149/1006 2227/3150/1006 2228/3158/1006
f 2057/3159/1007 2171/3160/1007 2228/3161/1007 2114/3162/1007
f 2057/3155/1008 2058/3163/1008 2172/3164/1008 2171/3156/1008
f 2115/3165/1009 2114/3157/1009 2228/3158/1009 2229/3166/1009
f 2058/3167/1010 2115/3168/1010 2229/3169/1010 2172/3170/1010
f 2058/3163/1011 2059/3171/1011 2173/3172/1011 2172/3164/1011
f 2116/3173/1012 2115/3165/1012 2229/3166/1012 2230/3174/1012
f 2059/3175/1013 2173/3176/1013 2230/3177/1013 2116/3178/1013
f 2059/3171/1014 2060/3179/1014 2174/3180/1014 2173/3172/1014
f 2117/3181/1015 2116/3173/1015 2230/3174/1015 2231/3182/1015
f 2060/3183/1016 2117/3184/1016 2231/3185/1016 2174/3186/1016
f 2060/3179/1017 2061/3187/1017 2175/3188/1017 2174/3180/1017
f 2118/3189/1018 2117/3181/1018 2231/3182/1018 2232/3190/1018
f 2061/3191/1019 2118/3192/1019 2232/3193/1019 2175/3194/1019
f 2061/3187/1020 2062/3195/1020 2176/3196/1020 2175/3188/1020
f 2119/3197/1021 2118/3189/1021 2232/3190/1021 2233/3198/1021
f 2062/3195/1022 2119/3197/1022 2233/3198/1022 2176/3196/1022
f 2062/3199/1023 2063/3200/1023 2177/3201/1023 2176/3202/1023
f 2120/3203/1024 2119/3204/1024 2233/3205/1024 2234/3206/1024
f 2063/3207/1025 2177/3208/1025 2234/3209/1025 2120/3210/1025
f 2063/3200/1026 2064/3211/1026 2178/3212/1026 2177/3201/1026
f 2121/3213/1027 2120/3203/1027 2234/3206/1027 2235/3214/1027
f 2064/3215/1028 2178/3216/1028 2235/3217/1028 2121/3218/1028
f 2064/3211/1029 2065/3219/1029 2179/3220/1029 2178/3212/1029
f 2122/3221/1030 2121/3213/1030 2235/3214/1030 2236/3222/1030
f 2065/3223/1031 2179/3224/1031 2236/3225/1031 2122/3226/1031
f 2065/3219/1032 2066/3227/1032 2180/3228/1032 2179/3220/1032
f 2123/3229/1033 2122/3221/1033 2236/3222/1033 2237/3230/1033
f 2066/3231/1034 2180/3232/1034 2237/3233/1034 2123/3234/1034
f 2066/3227/1035 2067/3235/1035 2181/3236/1035 2180/3228/1035
f 2124/3237/1036 2123/3229/1036 2237/3230/1036 2238/3238/1036
f 2067/3239/1037 2181/3240/1037 2238/3241/1037 2124/3242/1037
f 2067/3235/1038 2068/3243/1038 2182/3244/1038 2181/3236/1038
f 2125/3245/1039 2124/3237/1039 2238/3238/1039 2239/3246/1039
f 2068/3247/1040 2182/3248/1040 2239/3249/1040 2125/3250/1040
f 2068/3243/1041 2069/3251/1041 2183/3252/1041 2182/3244/1041
f 2126/3253/1042 2125/3245/1042 2239/3246/1042 2240/3254/1042
f 2069/3255/1043 2183/3256/1043 2240/3257/1043 2126/3258/1043
f 2069/3251/1044 2070/3259/1044 2184/3260/1044 2183/3252/1044
f 2127/3261/1045 2126/3253/1045 2240/3254/1045 2241/3262/1045
f 2070/3263/1046 2127/3264/1046 2241/3265/1046 2184/3266/1046
f 2070/3259/1047 2071/3267/1047 2185/3268/1047 2184/3260/1047
f 2128/3269/1048 2127/3261/1048 2241/3262/1048 2242/3270/1048
f 2071/3271/1049 2185/3272/1049 2242/3273/1049 2128/3274/1049
f 2071/3267/1050 2072/3275/1050 2186/3276/1050 2185/3268/1050
f 2129/3277/1051 2128/3269/1051 2242/3270/1051 2243/3278/1051
f 2072/3279/1052 2129/3280/1052 2243/3281/1052 2186/3282/1052
f 2072/3275/1053 2073/3283/1053 2187/3284/1053 2186/3276/1053
f 2130/3285/1054 2129/3277/1054 2243/3278/1054 2244/3286/1054
f 2073/3287/1055 2187/3288/1055 2244/3289/1055 2130/3290/1055
f 2073/3283/1056 2074/3291/1056 2188/3292/1056 2187/3284/1056
f 2131/3293/1057 2130/3285/1057 2244/3286/1057 2245/3294/1057
f 2074/3295/1058 2131/3296/1058 2245/3297/1058 2188/3298/1058
f 2074/3291/1059 2075/3299/1059 2189/3300/1059 2188/3292/1059
f 2132/3301/1060 2131/3293/1060 2245/3294/1060 2246/3302/1060
f 2075/3303/1061 2132/3304/1061 2246/3305/1061 2189/3306/1061
f 2133/3307/1062 2134/3308/1062 2135/3309/1062 2136/3310/1062 2137/3311/1062 2138/3312/1062 2139/3313/1062 2140/3314/1062 2141/3315/1062 2142/3316/1062 2143/3317/1062 2144/3318/1062 2145/3319/1062 2146/3320/1062 2147/3321/1062 2148/3322/1062 2149/3323/1062 2150/3324/1062 2151/3325/1062 2152/3326/1062 2153/3327/1062 2154/3328/1062 2155/3329/1062 2156/3330/1062 2157/3331/1062 2158/3332/1062 2159/3333/1062 2160/3334/1062 2161/3335/1062 2162/3336/1062 2163/3337/1062 2164/3338/1062 2165/3339/1062 2166/3340/1062 2167/3341/1062 2168/3342/1062 2169/3343/1062 2170/3344/1062 2171/3345/1062 2172/3346/1062 2173/3347/1062 2174/3348/1062 2175/3349/1062 2176/3350/1062 2177/3351/1062 2178/3352/1062 2179/3353/1062 2180/3354/1062 2181/3355/1062 2182/3356/1062 2183/3357/1062 2184/3358/1062 2185/3359/1062 2186/3360/1062 2187/3361/1062 2188/3362/1062 2189/3363/1062 2246/3364/1062 2245/3365/1062 2244/3366/1062 2243/3367/1062 2242/3368/1062 2241/3369/1062 2240/3370/1062 2239/3371/1062 2238/3372/1062 2237/3373/1062 2236/3374/1062 2235/3375/1062 2234/3376/1062 2233/3377/1062 2232/3378/1062 2231/3379/1062 2230/3380/1062 2229/3381/1062 2228/3382/1062 2227/3383/1062 2226/3384/1062 2225/3385/1062 2224/3386/1062 2223/3387/1062 2222/3388/1062 2221/3389/1062 2220/3390/1062 2219/3391/1062 2218/3392/1062 2217/3393/1062 2216/3394/1062 2215/3395/1062 2214/3396/1062 2213/3397/1062 2212/3398/1062 2211/3399/1062 2210/3400/1062 2209/3401/1062 2208/3402/1062 2207/3403/1062 2206/3404/1062 2205/3405/1062 2204/3406/1062 2203/3407/1062 2202/3408/1062 2201/3409/1062 2200/3410/1062 2199/3411/1062 2198/3412/1062 2197/3413/1062 2196/3414/1062 2195/3415/1062 2194/3416/1062 2193/3417/1062 2192/3418/1062 2191/3419/1062 2190/3420/1062
f 2019/3307/1063 2076/3420/1063 2077/3419/1063 2078/3418/1063 2079/3417/1063 2080/3416/1063 2081/3415/1063 2082/3414/1063 2083/3413/1063 2084/3412/1063 2085/3411/1063 2086/3410/1063 2087/3409/1063 2088/3408/1063 2089/3407/1063 2090/3406/1063 2091/3405/1063 2092/3404/1063 2093/3403/1063 2094/3402/1063 2095/3401/1063 2096/3400/1063 2097/3399/1063 2098/3398/1063 2099/3397/1063 2100/3396/1063 2101/3395/1063 2102/3394/1063 2103/3393/1063 2104/3392/1063 2105/3391/1063 2106/3390/1063 2107/3389/1063 2108/3388/1063 2109/3387/1063 2110/3386/1063 2111/3385/1063 2112/3384/1063 2113/3383/1063 2114/3382/1063 2115/3381/1063 2116/3380/1063 2117/3379/1063 2118/3378/1063 2119/3377/1063 2120/3376/1063 2121/3375/1063 2122/3374/1063 2123/3373/1063 2124/3372/1063 2125/3371/1063 2126/3370/1063 2127/3369/1063 2128/3368/1063 2129/3367/1063 2130/3366/1063 2131/3365/1063 2132/3364/1063 2075/3363/1063 2074/3362/1063 2073/3361/1063 2072/3360/1063 2071/3359/1063 2070/3358/1063 2069/3357/1063 2068/3356/1063 2067/3355/1063 2066/3354/1063 2065/3353/1063 2064/3352/1063 2063/3351/1063 2062/3350/1063 2061/3349/1063 2060/3348/1063 2059/3347/1063 2058/3346/1063 2057/3345/1063 2056/3344/1063 2055/3343/1063 2054/3342/1063 2053/3341/1063 2052/3340/1063 2051/3339/1063 2050/3338/1063 2049/3337/1063 2048/3336/1063 2047/3335/1063 2046/3334/1063 2045/3333/1063 2044/3332/1063 2043/3331/1063 2042/3330/1063 2041/3329/1063 2040/3328/1063 2039/3327/1063 2038/3326/1063 2037/3325/1063 2036/3324/1063 2035/3323/1063 2034/3322/1063 2033/3321/1063 2032/3320/1063 2031/3319/1063 2030/3318/1063 2029/3317/1063 2028/3316/1063 2027/3315/1063 2026/3314/1063 2025/3313/1063 2024/3312/1063 2023/3311/1063 2022/3310/1063 2021/3309/1063 2020/3308/1063
o JawPlate_Corner_2
v -1.697621 -0.055000 -0.928591
v -1.700612 -0.055000 -0.936454
v -1.704253 -0.055000 -0.944037
v -1.708519 -0.055000 -0.951288
v -1.713379 -0.055000 -0.958155
v -1.718799 -0.055000 -0.964589
v -1.724741 -0.055000 -0.970544
v -1.731162 -0.055000 -0.975979
v -1.738017 -0.055000 -0.980855
v -1.745258 -0.055000 -0.985137
v -1.752833 -0.055000 -0.988796
v -1.760689 -0.055000 -0.991805
v -1.768770 -0.055000 -0.994144
v -1.777019 -0.055000 -0.995794
v -1.785378 -0.055000 -0.996746
v -1.793787 -0.055000 -0.996992
v -1.802186 -0.055000 -0.996530
v -1.810518 -0.055000 -0.995363
v -1.818721 -0.055000 -0.993501
v -1.826740 -0.055000 -0.990956
v -1.834515 -0.055000 -0.987745
v -1.841994 -0.055000 -0.983893
v -1.849122 -0.055000 -0.979425
v -1.855850 -0.055000 -0.974374
v -1.862129 -0.055000 -0.968776
v -1.867915 -0.055000 -0.962670
v -1.873168 -0.055000 -0.956099
v -1.877850 -0.055000 -0.949109
v -1.881928 -0.055000 -0.941751
v -1.885373 -0.055000 -0.934076
v -1.888160 -0.055000 -0.926139
v -1.890271 -0.055000 -0.917996
v -1.891690 -0.055000 -0.909704
v -1.892407 -0.055000 -0.901322
v -1.892416 -0.055000 -0.892909
v -1.891719 -0.055000 -0.884526
v -1.890319 -0.055000 -0.876231
v -1.888228 -0.055000 -0.868082
v -1.885458 -0.055000 -0.860139
v -1.882031 -0.055000 -0.852456
v -1.877970 -0.055000 -0.845088
v -1.873305 -0.055000 -0.838088
v -1.868067 -0.055000 -0.831505
v -1.862295 -0.055000 -0.825385
v -1.856029 -0.055000 -0.819772
v -1.849313 -0.055000 -0.814706
v -1.842195 -0.055000 -0.810222
v -1.834726 -0.055000 -0.806352
v -1.826957 -0.055000 -0.803124
v -1.818945 -0.055000 -0.800560
v -1.810745 -0.055000 -0.798679
v -1.802417 -0.055000 -0.797493
v -1.794018 -0.055000 -0.797012
v -1.785609 -0.055000 -0.797238
v -1.777248 -0.055000 -0.798170
v -1.768995 -0.055000 -0.799802
v -1.760909 -0.055000 -0.802121
v -1.729880 -0.055000 -0.917850
v -1.731854 -0.055000 -0.923040
v -1.734257 -0.055000 -0.928045
v -1.737073 -0.055000 -0.932830
v -1.740280 -0.055000 -0.937362
v -1.743858 -0.055000 -0.941608
v -1.747779 -0.055000 -0.945539
v -1.752017 -0.055000 -0.949126
v -1.756541 -0.055000 -0.952344
v -1.761320 -0.055000 -0.955171
v -1.766320 -0.055000 -0.957586
v -1.771505 -0.055000 -0.959572
v -1.776838 -0.055000 -0.961115
v -1.782283 -0.055000 -0.962204
v -1.787799 -0.055000 -0.962832
v -1.793349 -0.055000 -0.962995
v -1.798893 -0.055000 -0.962690
v -1.804392 -0.055000 -0.961920
v -1.809806 -0.055000 -0.960691
v -1.815098 -0.055000 -0.959011
v -1.820230 -0.055000 -0.956892
v -1.825166 -0.055000 -0.954349
v -1.829871 -0.055000 -0.951401
v -1.834311 -0.055000 -0.948067
v -1.838455 -0.055000 -0.944372
v -1.842274 -0.055000 -0.940342
v -1.845741 -0.055000 -0.936005
v -1.848831 -0.055000 -0.931392
v -1.851522 -0.055000 -0.926536
v -1.853796 -0.055000 -0.921470
v -1.855636 -0.055000 -0.916232
v -1.857029 -0.055000 -0.910857
v -1.857965 -0.055000 -0.905385
v -1.858438 -0.055000 -0.899853
v -1.858445 -0.055000 -0.894300
v -1.857985 -0.055000 -0.888767
v -1.857061 -0.055000 -0.883292
v -1.855680 -0.055000 -0.877914
v -1.853853 -0.055000 -0.872672
v -1.851591 -0.055000 -0.867601
v -1.848910 -0.055000 -0.862738
v -1.845831 -0.055000 -0.858118
v -1.842374 -0.055000 -0.853773
v -1.838565 -0.055000 -0.849734
v -1.834429 -0.055000 -0.846030
v -1.829997 -0.055000 -0.842686
v -1.825299 -0.055000 -0.839727
v -1.820369 -0.055000 -0.837173
v -1.815242 -0.055000 -0.835042
v -1.809954 -0.055000 -0.833350
v -1.804542 -0.055000 -0.832108
v -1.799045 -0.055000 -0.831325
v -1.793502 -0.055000 -0.831008
v -1.787952 -0.055000 -0.831157
v -1.782434 -0.055000 -0.831772
v -1.776987 -0.055000 -0.832849
v -1.771650 -0.055000 -0.834380
v -1.697621 0.049000 -0.928591
v -1.700612 0.049000 -0.936454
v -1.704253 0.049000 -0.944037
v -1.708519 0.049000 -0.951288
v -1.713379 0.049000 -0.958155
v -1.718799 0.049000 -0.964589
v -1.724741 0.049000 -0.970544
v -1.731162 0.049000 -0.975979
v -1.738017 0.049000 -0.980855
v -1.745258 0.049000 -0.985137
v -1.752833 0.049000 -0.988796
v -1.760689 0.049000 -0.991805
v -1.768770 0.049000 -0.994144
v -1.777019 0.049000 -0.995794
v -1.785378 0.049000 -0.996746
v -1.793787 0.049000 -0.996992
v -1.802186 0.049000 -0.996530
v -1.810518 0.049000 -0.995363
v -1.818721 0.049000 -0.993501
v -1.826740 0.049000 -0.990956
v -1.834515 0.049000 -0.987745
v -1.841994 0.049000 -0.983893
v -1.849122 0.049000 -0.979425
v -1.855850 0.049000 -0.974374
v -1.862129 0.049000 -0.968776
v -1.867915 0.049000 -0.962670
v -1.873168 0.049000 -0.956099
v -1.877850 0.049000 -0.949109
v -1.881928 0.049000 -0.941751
v -1.885373 0.049000 -0.934076
v -1.888160 0.049000 -0.926139
v -1.890271 0.049000 -0.917996
v -1.891690 0.049000 -0.909704
v -1.892407 0.049000 -0.901322
v -1.892416 0.049000 -0.892909
v -1.891719 0.049000 -0.884526
v -1.890319 0.049000 -0.876231
v -1.888228 0.049000 -0.868082
v -1.885458 0.049000 -0.860139
v -1.882031 0.049000 -0.852456
v -1.877970 0.049000 -0.845088
v -1.873305 0.049000 -0.838088
v -1.868067 0.049000 -0.831505
v -1.862295 0.049000 -0.825385
v -1.856029 0.049000 -0.819772
v -1.849313 0.049000 -0.814706
v -1.842195 0.049000 -0.810222
v -1.834726 0.049000 -0.806352
v -1.826957 0.049000 -0.803124
v -1.818945 0.049000 -0.800560
v -1.810745 0.049000 -0.798679
v -1.802417 0.049000 -0.797493
v -1.794018 0.049000 -0.797012
v -1.785609 0.049000 -0.797238
v -1.777248 0.049000 -0.798170
v -1.768995 0.049000 -0.799802
v -1.760909 0.049000 -0.802121
v -1.729880 0.049000 -0.917850
v -1.731854 0.049000 -0.923040
v -1.734257 0.049000 -0.928045
v -1.737073 0.049000 -0.932830
v -1.740280 0.049000 -0.937362
v -1.743858 0.049000 -0.941608
v -1.747779 0.049000 -0.945539
v -1.752017 0.049000 -0.949126
v -1.756541 0.049000 -0.952344
v -1.761320 0.049000 -0.955171
v -1.766320 0.049000 -0.957586
v -1.771505 0.049000 -0.959572
v -1.776838 0.049000 -0.961115
v -1.782283 0.049000 -0.962204
v -1.787799 0.049000 -0.962832
v -1.793349 0.049000 -0.962995
v -1.798893 0.049000 -0.962690
v -1.804392 0.049000 -0.961920
v -1.809806 0.049000 -0.960691
v -1.815098 0.049000 -0.959011
v -1.820230 0.049000 -0.956892
v -1.825166 0.049000 -0.954349
v -1.829871 0.049000 -0.951401
v -1.834311 0.049000 -0.948067
v -1.838455 0.049000 -0.944372
v -1.842274 0.049000 -0.940342
v -1.845741 0.049000 -0.936005
v -1.848831 0.049000 -0.931392
v -1.851522 0.049000 -0.926536
v -1.853796 0.049000 -0.921470
v -1.855636 0.049000 -0.916232
v -1.857029 0.049000 -0.910857
v -1.857965 0.049000 -0.905385
v -1.858438 0.049000 -0.899853
v -1.858445 0.049000 -0.894300
v -1.857985 0.049000 -0.888767
v -1.857061 0.049000 -0.883292
v -1.855680 0.049000 -0.877914
v -1.853853 0.049000 -0.872672
v -1.851591 0.049000 -0.867601
v -1.848910 0.049000 -0.862738
v -1.845831 0.049000 -0.858118
v -1.842374 0.049000 -0.853773
v -1.838565 0.049000 -0.849734
v -1.834429 0.049000 -0.846030
v -1.829997 0.049000 -0.842686
v -1.825299 0.049000 -0.839727
v -1.820369 0.049000 -0.837173
v -1.815242 0.049000 -0.835042
v -1.809954 0.049000 -0.833350
v -1.804542 0.049000 -0.832108
v -1.799045 0.049000 -0.831325
v -1.793502 0.049000 -0.831008
v -1.787952 0.049000 -0.831157
v -1.782434 0.049000 -0.831772
v -1.776987 0.049000 -0.832849
v -1.771650 0.049000 -0.834380
vn 0.9347 -0.0000 -0.3555
vn -0.9347 -0.0000 0.3555
vn 0.3159 -0.0000 0.9488
vn -0.3945 -0.0000 -0.9189
vn 0.9015 -0.0000 -0.4328
vn -0.9015 -0.0000 0.4328
vn 0.4704 -0.0000 0.8825
vn 0.8619 -0.0000 -0.5071
vn -0.8618 -0.0000 0.5072
vn 0.5429 -0.0000 0.8398
vn 0.8163 -0.0000 -0.5777
vn -0.8163 -0.0000 0.5776
vn -0.6116 -0.0000 -0.7912
vn 0.7648 -0.0000 -0.6443
vn -0.7647 -0.0000 0.6444
vn 0.6759 -0.0000 0.7370
vn 0.7079 -0.0000 -0.7063
vn -0.7080 -0.0000 0.7062
vn 0.7354 -0.0000 0.6776
vn 0.6461 -0.0000 -0.7633
vn -0.6460 -0.0000 0.7633
vn -0.7898 -0.0000 -0.6134
vn 0.5796 -0.0000 -0.8149
vn -0.5796 -0.0000 0.8149
vn -0.8386 -0.0000 -0.5448
vn 0.5090 -0.0000 -0.8608
vn -0.5091 -0.0000 0.8607
vn -0.8814 -0.0000 -0.4724
vn 0.4350 -0.0000 -0.9005
vn -0.4349 -0.0000 0.9005
vn -0.9180 -0.0000 -0.3967
vn 0.3577 -0.0000 -0.9338
vn -0.3577 -0.0000 0.9338
vn 0.9480 -0.0000 0.3181
vn 0.2780 -0.0000 -0.9606
vn -0.2779 -0.0000 0.9606
vn 0.9714 -0.0000 0.2373
vn 0.1961 -0.0000 -0.9806
vn -0.1961 -0.0000 0.9806
vn -0.9879 -0.0000 -0.1548
vn 0.1132 -0.0000 -0.9936
vn -0.1131 -0.0000 0.9936
vn -0.9975 -0.0000 -0.0712
vn 0.0292 -0.0000 -0.9996
vn -0.0294 -0.0000 0.9996
vn 0.9999 -0.0000 -0.0129
vn -0.0549 -0.0000 -0.9985
vn 0.0549 -0.0000 0.9985
vn -0.9953 -0.0000 0.0969
vn -0.1387 -0.0000 -0.9903
vn 0.1387 -0.0000 0.9903
vn -0.9836 -0.0000 0.1802
vn -0.2214 -0.0000 -0.9752
vn 0.2214 -0.0000 0.9752
vn -0.9650 -0.0000 0.2622
vn -0.3025 -0.0000 -0.9531
vn 0.3026 -0.0000 0.9531
vn -0.9396 -0.0000 0.3424
vn -0.3817 -0.0000 -0.9243
vn 0.3816 -0.0000 0.9243
vn 0.9075 -0.0000 -0.4202
vn -0.4579 -0.0000 -0.8890
vn 0.4580 -0.0000 0.8890
vn 0.8689 -0.0000 -0.4949
vn -0.5311 -0.0000 -0.8473
vn 0.5309 -0.0000 0.8474
vn 0.8243 -0.0000 -0.5662
vn -0.6004 -0.0000 -0.7997
vn 0.6005 -0.0000 0.7997
vn 0.7737 -0.0000 -0.6335
vn -0.6655 -0.0000 -0.7464
vn 0.6655 -0.0000 0.7464
vn -0.7178 -0.0000 0.6963
vn -0.7259 -0.0000 -0.6878
vn 0.7259 -0.0000 0.6878
vn -0.6567 -0.0000 0.7541
vn -0.7811 -0.0000 -0.6244
vn 0.7811 -0.0000 0.6244
vn 0.5910 -0.0000 -0.8067
vn -0.8308 -0.0000 -0.5565
vn 0.8308 -0.0000 0.5565
vn -0.5211 -0.0000 0.8535
vn -0.8747 -0.0000 -0.4847
vn 0.8747 -0.0000 0.4847
vn -0.4475 -0.0000 0.8943
vn -0.9123 -0.0000 -0.4095
vn 0.9123 -0.0000 0.4095
vn 0.3708 -0.0000 -0.9287
vn -0.9435 -0.0000 -0.3313
vn 0.9435 -0.0000 0.3314
vn 0.2914 -0.0000 -0.9566
vn -0.9680 -0.0000 -0.2509
vn 0.9680 -0.0000 0.2509
vn -0.2100 -0.0000 0.9777
vn -0.9857 -0.0000 -0.1687
vn 0.9857 -0.0000 0.1686
vn -0.1270 -0.0000 0.9919
vn -0.9964 -0.0000 -0.0852
vn 0.9964 -0.0000 0.0852
vn -0.0432 -0.0000 0.9991
vn -1.0000 -0.0000 -0.0014
vn 1.0000 -0.0000 0.0013
vn -0.0409 -0.0000 -0.9992
vn -0.9966 -0.0000 0.0829
vn 0.9966 -0.0000 -0.0829
vn 0.1247 -0.0000 0.9922
vn -0.9861 -0.0000 0.1664
vn 0.9861 -0.0000 -0.1664
vn -0.2077 -0.0000 -0.9782
vn -0.9686 -0.0000 0.2485
vn 0.9687 -0.0000 -0.2484
vn -0.2892 -0.0000 -0.9573
vn -0.9443 -0.0000 0.3290
vn 0.9443 -0.0000 -0.3291
vn -0.3686 -0.0000 -0.9296
vn -0.9133 -0.0000 0.4074
vn 0.9133 -0.0000 -0.4074
vn 0.4454 -0.0000 0.8953
vn -0.8758 -0.0000 0.4827
vn 0.8757 -0.0000 -0.4828
vn -0.5191 -0.0000 -0.8547
vn -0.8321 -0.0000 0.5546
vn 0.8321 -0.0000 -0.5546
vn 0.5891 -0.0000 0.8081
vn -0.7825 -0.0000 0.6226
vn 0.7825 -0.0000 -0.6226
vn 0.6549 -0.0000 0.7557
vn -0.7275 -0.0000 0.6861
vn 0.7275 -0.0000 -0.6861
vn 0.7162 -0.0000 0.6979
vn -0.6672 -0.0000 0.7449
vn 0.6671 -0.0000 -0.7449
vn -0.7723 -0.0000 -0.6353
vn -0.6022 -0.0000 0.7983
vn 0.6023 -0.0000 -0.7983
vn -0.8229 -0.0000 -0.5681
vn -0.5330 -0.0000 0.8461
vn 0.5330 -0.0000 -0.8461
vn -0.8678 -0.0000 -0.4969
vn -0.4601 -0.0000 0.8879
vn 0.4600 -0.0000 -0.8879
vn -0.9065 -0.0000 -0.4223
vn -0.3837 -0.0000 0.9235
vn 0.3838 -0.0000 -0.9234
vn -0.9388 -0.0000 -0.3446
vn -0.3048 -0.0000 0.9524
vn 0.3047 -0.0000 -0.9524
vn -0.9644 -0.0000 -0.2644
vn -0.2236 -0.0000 0.9747
vn 0.2237 -0.0000 -0.9747
vn -0.9832 -0.0000 -0.1824
vn -0.1410 -0.0000 0.9900
vn 0.1410 -0.0000 -0.9900
vn 0.9951 -0.0000 0.0992
vn -0.0572 -0.0000 0.9984
vn 0.0571 -0.0000 -0.9984
vn -0.9999 -0.0000 -0.0152
vn 0.0269 -0.0000 0.9996
vn -0.0268 -0.0000 -0.9996
vn 0.9976 -0.0000 -0.0689
vn 0.1108 -0.0000 0.9938
vn -0.1108 -0.0000 -0.9938
vn -0.9883 -0.0000 0.1525
vn 0.1940 -0.0000 0.9810
vn -0.1940 -0.0000 -0.9810
vn 0.9720 -0.0000 -0.2351
vn 0.2757 -0.0000 0.9613
vn -0.2757 -0.0000 -0.9612
vn 0.9488 -0.0000 -0.3159
vn -0.0000 1.0000 -0.0000
vn -0.0000 -1.0000 -0.0000
vt 0.448000 0.468411
vt 0.448000 0.460548
vt 0.552000 0.460548
vt 0.552000 0.468411
vt 0.448000 0.473962
vt 0.448000 0.479152
vt 0.552000 0.479152
vt 0.552000 0.473962
vt 0.597397 0.448000
vt 0.597397 0.552000
vt 0.565138 0.552000
vt 0.565138 0.448000
vt 0.594406 0.448000
vt 0.563164 0.448000
vt 0.563164 0.552000
vt 0.594406 0.552000
vt 0.448000 0.452965
vt 0.552000 0.452965
vt 0.448000 0.468957
vt 0.552000 0.468957
vt 0.590765 0.448000
vt 0.590765 0.552000
vt 0.560761 0.552000
vt 0.560761 0.448000
vt 0.448000 0.445714
vt 0.552000 0.445714
vt 0.448000 0.464172
vt 0.552000 0.464172
vt 0.586499 0.448000
vt 0.586499 0.552000
vt 0.557945 0.552000
vt 0.557945 0.448000
vt 0.448000 0.438847
vt 0.552000 0.438847
vt 0.448000 0.459640
vt 0.552000 0.459640
vt 0.581639 0.448000
vt 0.554738 0.448000
vt 0.554738 0.552000
vt 0.581639 0.552000
vt 0.448000 0.432413
vt 0.552000 0.432413
vt 0.448000 0.455394
vt 0.552000 0.455394
vt 0.576219 0.448000
vt 0.576219 0.552000
vt 0.551160 0.552000
vt 0.551160 0.448000
vt 0.448000 0.426458
vt 0.552000 0.426458
vt 0.448000 0.451463
vt 0.552000 0.451463
vt 0.570277 0.448000
vt 0.563856 0.448000
vt 0.563856 0.552000
vt 0.570277 0.552000
vt 0.543001 0.448000
vt 0.547239 0.448000
vt 0.547239 0.552000
vt 0.543001 0.552000
vt 0.448000 0.421023
vt 0.448000 0.447876
vt 0.552000 0.447876
vt 0.552000 0.421023
vt 0.557001 0.448000
vt 0.557001 0.552000
vt 0.538477 0.448000
vt 0.538477 0.552000
vt 0.448000 0.416147
vt 0.448000 0.444658
vt 0.552000 0.444658
vt 0.552000 0.416147
vt 0.549760 0.448000
vt 0.549760 0.552000
vt 0.533698 0.448000
vt 0.533698 0.552000
vt 0.448000 0.411865
vt 0.448000 0.441831
vt 0.552000 0.441831
vt 0.552000 0.411865
vt 0.542185 0.448000
vt 0.542185 0.552000
vt 0.528698 0.448000
vt 0.528698 0.552000
vt 0.448000 0.408206
vt 0.448000 0.439416
vt 0.552000 0.439416
vt 0.552000 0.408206
vt 0.534329 0.448000
vt 0.534329 0.552000
vt 0.523513 0.448000
vt 0.523513 0.552000
vt 0.448000 0.405197
vt 0.552000 0.405197
vt 0.552000 0.437430
vt 0.448000 0.437430
vt 0.526248 0.448000
vt 0.526248 0.552000
vt 0.518180 0.448000
vt 0.518180 0.552000
vt 0.448000 0.402858
vt 0.552000 0.402858
vt 0.552000 0.435887
vt 0.448000 0.435887
vt 0.517999 0.448000
vt 0.517999 0.552000
vt 0.512735 0.448000
vt 0.512735 0.552000
vt 0.448000 0.401208
vt 0.448000 0.434798
vt 0.552000 0.434798
vt 0.552000 0.401208
vt 0.509640 0.448000
vt 0.509640 0.552000
vt 0.507219 0.448000
vt 0.507219 0.552000
vt 0.448000 0.400256
vt 0.448000 0.434170
vt 0.552000 0.434170
vt 0.552000 0.400256
vt 0.501231 0.448000
vt 0.501231 0.552000
vt 0.501669 0.448000
vt 0.501669 0.552000
vt 0.448000 0.400010
vt 0.552000 0.400010
vt 0.552000 0.434007
vt 0.448000 0.434007
vt 0.492832 0.448000
vt 0.492832 0.552000
vt 0.496125 0.448000
vt 0.496125 0.552000
vt 0.448000 0.400472
vt 0.448000 0.434312
vt 0.552000 0.434312
vt 0.552000 0.400472
vt 0.484500 0.448000
vt 0.484500 0.552000
vt 0.490626 0.448000
vt 0.490626 0.552000
vt 0.448000 0.401639
vt 0.448000 0.435082
vt 0.552000 0.435082
vt 0.552000 0.401639
vt 0.476297 0.448000
vt 0.476297 0.552000
vt 0.485212 0.448000
vt 0.485212 0.552000
vt 0.448000 0.403501
vt 0.448000 0.436311
vt 0.552000 0.436311
vt 0.552000 0.403501
vt 0.468278 0.448000
vt 0.468278 0.552000
vt 0.479920 0.448000
vt 0.479920 0.552000
vt 0.448000 0.406046
vt 0.448000 0.437991
vt 0.552000 0.437991
vt 0.552000 0.406046
vt 0.460503 0.448000
vt 0.460503 0.552000
vt 0.474788 0.448000
vt 0.474788 0.552000
vt 0.448000 0.409257
vt 0.552000 0.409257
vt 0.552000 0.440110
vt 0.448000 0.440110
vt 0.453024 0.448000
vt 0.453024 0.552000
vt 0.469852 0.448000
vt 0.469852 0.552000
vt 0.448000 0.413109
vt 0.552000 0.413109
vt 0.552000 0.442653
vt 0.448000 0.442653
vt 0.445896 0.448000
vt 0.445896 0.552000
vt 0.465147 0.448000
vt 0.465147 0.552000
vt 0.448000 0.417577
vt 0.552000 0.417577
vt 0.552000 0.445601
vt 0.448000 0.445601
vt 0.439168 0.448000
vt 0.439168 0.552000
vt 0.460707 0.448000
vt 0.460707 0.552000
vt 0.448000 0.422628
vt 0.552000 0.422628
vt 0.552000 0.448935
vt 0.448000 0.448935
vt 0.432889 0.448000
vt 0.432889 0.552000
vt 0.456563 0.448000
vt 0.456563 0.552000
vt 0.448000 0.428226
vt 0.448000 0.452630
vt 0.552000 0.452630
vt 0.552000 0.428226
vt 0.448000 0.434332
vt 0.552000 0.434332
vt 0.448000 0.456660
vt 0.552000 0.456660
vt 0.427103 0.448000
vt 0.452744 0.448000
vt 0.452744 0.552000
vt 0.427103 0.552000
vt 0.448000 0.440903
vt 0.552000 0.440903
vt 0.448000 0.460997
vt 0.552000 0.460997
vt 0.421850 0.448000
vt 0.421850 0.552000
vt 0.449277 0.552000
vt 0.449277 0.448000
vt 0.448000 0.447893
vt 0.552000 0.447893
vt 0.448000 0.465610
vt 0.552000 0.465610
vt 0.417168 0.448000
vt 0.446187 0.448000
vt 0.446187 0.552000
vt 0.417168 0.552000
vt 0.448000 0.455251
vt 0.552000 0.455251
vt 0.448000 0.470466
vt 0.552000 0.470466
vt 0.413090 0.448000
vt 0.443496 0.448000
vt 0.443496 0.552000
vt 0.413090 0.552000
vt 0.448000 0.462926
vt 0.552000 0.462926
vt 0.448000 0.475532
vt 0.552000 0.475532
vt 0.409645 0.448000
vt 0.409645 0.552000
vt 0.441222 0.552000
vt 0.441222 0.448000
vt 0.448000 0.470863
vt 0.552000 0.470863
vt 0.448000 0.480770
vt 0.552000 0.480770
vt 0.406858 0.448000
vt 0.406858 0.552000
vt 0.439382 0.552000
vt 0.439382 0.448000
vt 0.448000 0.479006
vt 0.552000 0.479006
vt 0.448000 0.486145
vt 0.552000 0.486145
vt 0.404747 0.448000
vt 0.437989 0.448000
vt 0.437989 0.552000
vt 0.404747 0.552000
vt 0.448000 0.487298
vt 0.552000 0.487298
vt 0.448000 0.491617
vt 0.552000 0.491617
vt 0.403328 0.448000
vt 0.437053 0.448000
vt 0.437053 0.552000
vt 0.403328 0.552000
vt 0.448000 0.495680
vt 0.552000 0.495680
vt 0.448000 0.497149
vt 0.552000 0.497149
vt 0.402611 0.448000
vt 0.436580 0.448000
vt 0.436580 0.552000
vt 0.402611 0.552000
vt 0.448000 0.504093
vt 0.552000 0.504093
vt 0.448000 0.502702
vt 0.552000 0.502702
vt 0.402602 0.448000
vt 0.402602 0.552000
vt 0.436573 0.552000
vt 0.436573 0.448000
vt 0.448000 0.512476
vt 0.552000 0.512476
vt 0.448000 0.508235
vt 0.552000 0.508235
vt 0.403299 0.448000
vt 0.437033 0.448000
vt 0.437033 0.552000
vt 0.403299 0.552000
vt 0.448000 0.520771
vt 0.552000 0.520771
vt 0.448000 0.513710
vt 0.552000 0.513710
vt 0.404699 0.448000
vt 0.404699 0.552000
vt 0.437957 0.552000
vt 0.437957 0.448000
vt 0.448000 0.528920
vt 0.552000 0.528920
vt 0.448000 0.519088
vt 0.552000 0.519088
vt 0.406790 0.448000
vt 0.406790 0.552000
vt 0.439338 0.552000
vt 0.439338 0.448000
vt 0.448000 0.536863
vt 0.552000 0.536863
vt 0.448000 0.524330
vt 0.552000 0.524330
vt 0.409560 0.448000
vt 0.409560 0.552000
vt 0.441165 0.552000
vt 0.441165 0.448000
vt 0.448000 0.544546
vt 0.552000 0.544546
vt 0.448000 0.529401
vt 0.552000 0.529401
vt 0.412987 0.448000
vt 0.443427 0.448000
vt 0.443427 0.552000
vt 0.412987 0.552000
vt 0.448000 0.551914
vt 0.552000 0.551914
vt 0.448000 0.534264
vt 0.552000 0.534264
vt 0.417048 0.448000
vt 0.417048 0.552000
vt 0.446108 0.552000
vt 0.446108 0.448000
vt 0.448000 0.558914
vt 0.552000 0.558914
vt 0.448000 0.538884
vt 0.552000 0.538884
vt 0.421713 0.448000
vt 0.449187 0.448000
vt 0.449187 0.552000
vt 0.421713 0.552000
vt 0.448000 0.565497
vt 0.552000 0.565497
vt 0.448000 0.543229
vt 0.552000 0.543229
vt 0.426951 0.448000
vt 0.452644 0.448000
vt 0.452644 0.552000
vt 0.426951 0.552000
vt 0.448000 0.571617
vt 0.552000 0.571617
vt 0.448000 0.547268
vt 0.552000 0.547268
vt 0.432723 0.448000
vt 0.438989 0.448000
vt 0.438989 0.552000
vt 0.432723 0.552000
vt 0.460589 0.448000
vt 0.456453 0.448000
vt 0.456453 0.552000
vt 0.460589 0.552000
vt 0.448000 0.577230
vt 0.552000 0.577230
vt 0.552000 0.550972
vt 0.448000 0.550972
vt 0.445705 0.448000
vt 0.445705 0.552000
vt 0.465021 0.448000
vt 0.465021 0.552000
vt 0.448000 0.582296
vt 0.552000 0.582296
vt 0.552000 0.554316
vt 0.448000 0.554316
vt 0.452823 0.448000
vt 0.452823 0.552000
vt 0.469719 0.448000
vt 0.469719 0.552000
vt 0.448000 0.586780
vt 0.552000 0.586780
vt 0.552000 0.557275
vt 0.448000 0.557275
vt 0.460292 0.448000
vt 0.460292 0.552000
vt 0.474649 0.448000
vt 0.474649 0.552000
vt 0.448000 0.590650
vt 0.552000 0.590650
vt 0.552000 0.559829
vt 0.448000 0.559829
vt 0.468061 0.448000
vt 0.468061 0.552000
vt 0.479776 0.448000
vt 0.479776 0.552000
vt 0.448000 0.593878
vt 0.552000 0.593878
vt 0.552000 0.561960
vt 0.448000 0.561960
vt 0.476073 0.448000
vt 0.476073 0.552000
vt 0.485064 0.448000
vt 0.485064 0.552000
vt 0.448000 0.596442
vt 0.552000 0.596442
vt 0.552000 0.563652
vt 0.448000 0.563652
vt 0.484273 0.448000
vt 0.484273 0.552000
vt 0.490476 0.448000
vt 0.490476 0.552000
vt 0.448000 0.598323
vt 0.552000 0.598323
vt 0.552000 0.564894
vt 0.448000 0.564894
vt 0.492601 0.448000
vt 0.492601 0.552000
vt 0.495973 0.448000
vt 0.495973 0.552000
vt 0.448000 0.599509
vt 0.448000 0.565677
vt 0.552000 0.565677
vt 0.552000 0.599509
vt 0.501000 0.448000
vt 0.501000 0.552000
vt 0.501516 0.448000
vt 0.501516 0.552000
vt 0.448000 0.599990
vt 0.552000 0.599990
vt 0.552000 0.565994
vt 0.448000 0.565994
vt 0.509409 0.448000
vt 0.509409 0.552000
vt 0.507066 0.448000
vt 0.507066 0.552000
vt 0.448000 0.599764
vt 0.448000 0.565845
vt 0.552000 0.565845
vt 0.552000 0.599764
vt 0.517770 0.448000
vt 0.517770 0.552000
vt 0.512584 0.448000
vt 0.512584 0.552000
vt 0.448000 0.598832
vt 0.552000 0.598832
vt 0.552000 0.565230
vt 0.448000 0.565230
vt 0.526023 0.448000
vt 0.526023 0.552000
vt 0.518031 0.448000
vt 0.518031 0.552000
vt 0.448000 0.597200
vt 0.448000 0.564153
vt 0.552000 0.564153
vt 0.552000 0.597200
vt 0.534109 0.448000
vt 0.534109 0.552000
vt 0.523368 0.448000
vt 0.523368 0.552000
vt 0.448000 0.594881
vt 0.448000 0.562622
vt 0.552000 0.562622
vt 0.552000 0.594881
vt 0.597397 0.468411
vt 0.594406 0.460548
vt 0.590765 0.452965
vt 0.586499 0.445714
vt 0.581639 0.438847
vt 0.576219 0.432413
vt 0.570277 0.426458
vt 0.563856 0.421023
vt 0.557001 0.416147
vt 0.549760 0.411865
vt 0.542185 0.408206
vt 0.534329 0.405197
vt 0.526248 0.402858
vt 0.517999 0.401208
vt 0.509640 0.400256
vt 0.501231 0.400010
vt 0.492832 0.400472
vt 0.484500 0.401639
vt 0.476297 0.403501
vt 0.468278 0.406046
vt 0.460503 0.409257
vt 0.453024 0.413109
vt 0.445896 0.417577
vt 0.439168 0.422628
vt 0.432889 0.428226
vt 0.427103 0.434332
vt 0.421850 0.440903
vt 0.417168 0.447893
vt 0.413090 0.455251
vt 0.409645 0.462926
vt 0.406858 0.470863
vt 0.404747 0.479006
vt 0.403328 0.487298
vt 0.402611 0.495680
vt 0.402602 0.504093
vt 0.403299 0.512476
vt 0.404699 0.520771
vt 0.406790 0.528920
vt 0.409560 0.536863
vt 0.412987 0.544546
vt 0.417048 0.551914
vt 0.421713 0.558914
vt 0.426951 0.565497
vt 0.432723 0.571617
vt 0.438989 0.577230
vt 0.445705 0.582296
vt 0.452823 0.586780
vt 0.460292 0.590650
vt 0.468061 0.593878
vt 0.476073 0.596442
vt 0.484273 0.598323
vt 0.492601 0.599509
vt 0.501000 0.599990
vt 0.509409 0.599764
vt 0.517770 0.598832
vt 0.526023 0.597200
vt 0.534109 0.594881
vt 0.523368 0.562622
vt 0.518031 0.564153
vt 0.512584 0.565230
vt 0.507066 0.565845
vt 0.501516 0.565994
vt 0.495973 0.565677
vt 0.490476 0.564894
vt 0.485064 0.563652
vt 0.479776 0.561960
vt 0.474649 0.559829
vt 0.469719 0.557275
vt 0.465021 0.554316
vt 0.460589 0.550972
vt 0.456453 0.547268
vt 0.452644 0.543229
vt 0.449187 0.538884
vt 0.446108 0.534264
vt 0.443427 0.529401
vt 0.441165 0.524330
vt 0.439338 0.519088
vt 0.437957 0.513710
vt 0.437033 0.508235
vt 0.436573 0.502702
vt 0.436580 0.497149
vt 0.437053 0.491617
vt 0.437989 0.486145
vt 0.439382 0.480770
vt 0.441222 0.475532
vt 0.443496 0.470466
vt 0.446187 0.465610
vt 0.449277 0.460997
vt 0.452744 0.456660
vt 0.456563 0.452630
vt 0.460707 0.448935
vt 0.465147 0.445601
vt 0.469852 0.442653
vt 0.474788 0.440110
vt 0.479920 0.437991
vt 0.485212 0.436311
vt 0.490626 0.435082
vt 0.496125 0.434312
vt 0.501669 0.434007
vt 0.507219 0.434170
vt 0.512735 0.434798
vt 0.518180 0.435887
vt 0.523513 0.437430
vt 0.528698 0.439416
vt 0.533698 0.441831
vt 0.538477 0.444658
vt 0.543001 0.447876
vt 0.547239 0.451463
vt 0.551160 0.455394
vt 0.554738 0.459640
vt 0.557945 0.464172
vt 0.560761 0.468957
vt 0.563164 0.473962
vt 0.565138 0.479152
s 1
usemtl Leather
f 2247/3421/1064 2248/3422/1064 2362/3423/1064 2361/3424/1064
f 2305/3425/1065 2304/3426/1065 2418/3427/1065 2419/3428/1065
f 2247/3429/1066 2361/3430/1066 2418/3431/1066 2304/3432/1066
f 2248/3433/1067 2305/3434/1067 2419/3435/1067 2362/3436/1067
f 2248/3422/1068 2249/3437/1068 2363/3438/1068 2362/3423/1068
f 2306/3439/1069 2305/3425/1069 2419/3428/1069 2420/3440/1069
f 2249/3441/1070 2363/3442/1070 2420/3443/1070 2306/3444/1070
f 2249/3437/1071 2250/3445/1071 2364/3446/1071 2363/3438/1071
f 2307/3447/1072 2306/3439/1072 2420/3440/1072 2421/3448/1072
f 2250/3449/1073 2364/3450/1073 2421/3451/1073 2307/3452/1073
f 2250/3445/1074 2251/3453/1074 2365/3454/1074 2364/3446/1074
f 2308/3455/1075 2307/3447/1075 2421/3448/1075 2422/3456/1075
f 2251/3457/1076 2308/3458/1076 2422/3459/1076 2365/3460/1076
f 2251/3453/1077 2252/3461/1077 2366/3462/1077 2365/3454/1077
f 2309/3463/1078 2308/3455/1078 2422/3456/1078 2423/3464/1078
f 2252/3465/1079 2366/3466/1079 2423/3467/1079 2309/3468/1079
f 2252/3461/1080 2253/3469/1080 2367/3470/1080 2366/3462/1080
f 2310/3471/1081 2309/3463/1081 2423/3464/1081 2424/3472/1081
f 2253/3469/1082 2367/3470/1082 2424/3472/1082 2310/3471/1082
f 2253/3473/1083 2254/3474/1083 2368/3475/1083 2367/3476/1083
f 2311/3477/1084 2310/3478/1084 2424/3479/1084 2425/3480/1084
f 2254/3481/1085 2311/3482/1085 2425/3483/1085 2368/3484/1085
f 2254/3474/1086 2255/3485/1086 2369/3486/1086 2368/3475/1086
f 2312/3487/1087 2311/3477/1087 2425/3480/1087 2426/3488/1087
f 2255/3489/1088 2312/3490/1088 2426/3491/1088 2369/3492/1088
f 2255/3485/1089 2256/3493/1089 2370/3494/1089 2369/3486/1089
f 2313/3495/1090 2312/3487/1090 2426/3488/1090 2427/3496/1090
f 2256/3497/1091 2313/3498/1091 2427/3499/1091 2370/3500/1091
f 2256/3493/1092 2257/3501/1092 2371/3502/1092 2370/3494/1092
f 2314/3503/1093 2313/3495/1093 2427/3496/1093 2428/3504/1093
f 2257/3505/1094 2314/3506/1094 2428/3507/1094 2371/3508/1094
f 2257/3501/1095 2258/3509/1095 2372/3510/1095 2371/3502/1095
f 2315/3511/1096 2314/3503/1096 2428/3504/1096 2429/3512/1096
f 2258/3513/1097 2372/3514/1097 2429/3515/1097 2315/3516/1097
f 2258/3509/1098 2259/3517/1098 2373/3518/1098 2372/3510/1098
f 2316/3519/1099 2315/3511/1099 2429/3512/1099 2430/3520/1099
f 2259/3521/1100 2373/3522/1100 2430/3523/1100 2316/3524/1100
f 2259/3517/1101 2260/3525/1101 2374/3526/1101 2373/3518/1101
f 2317/3527/1102 2316/3519/1102 2430/3520/1102 2431/3528/1102
f 2260/3529/1103 2317/3530/1103 2431/3531/1103 2374/3532/1103
f 2260/3525/1104 2261/3533/1104 2375/3534/1104 2374/3526/1104
f 2318/3535/1105 2317/3527/1105 2431/3528/1105 2432/3536/1105
f 2261/3537/1106 2318/3538/1106 2432/3539/1106 2375/3540/1106
f 2261/3533/1107 2262/3541/1107 2376/3542/1107 2375/3534/1107
f 2319/3543/1108 2318/3535/1108 2432/3536/1108 2433/3544/1108
f 2262/3545/1109 2376/3546/1109 2433/3547/1109 2319/3548/1109
f 2262/3541/1110 2263/3549/1110 2377/3550/1110 2376/3542/1110
f 2320/3551/1111 2319/3543/1111 2433/3544/1111 2434/3552/1111
f 2263/3553/1112 2320/3554/1112 2434/3555/1112 2377/3556/1112
f 2263/3549/1113 2264/3557/1113 2378/3558/1113 2377/3550/1113
f 2321/3559/1114 2320/3551/1114 2434/3552/1114 2435/3560/1114
f 2264/3561/1115 2321/3562/1115 2435/3563/1115 2378/3564/1115
f 2264/3557/1116 2265/3565/1116 2379/3566/1116 2378/3558/1116
f 2322/3567/1117 2321/3559/1117 2435/3560/1117 2436/3568/1117
f 2265/3569/1118 2322/3570/1118 2436/3571/1118 2379/3572/1118
f 2265/3565/1119 2266/3573/1119 2380/3574/1119 2379/3566/1119
f 2323/3575/1120 2322/3567/1120 2436/3568/1120 2437/3576/1120
f 2266/3577/1121 2323/3578/1121 2437/3579/1121 2380/3580/1121
f 2266/3573/1122 2267/3581/1122 2381/3582/1122 2380/3574/1122
f 2324/3583/1123 2323/3575/1123 2437/3576/1123 2438/3584/1123
f 2267/3585/1124 2381/3586/1124 2438/3587/1124 2324/3588/1124
f 2267/3581/1125 2268/3589/1125 2382/3590/1125 2381/3582/1125
f 2325/3591/1126 2324/3583/1126 2438/3584/1126 2439/3592/1126
f 2268/3593/1127 2382/3594/1127 2439/3595/1127 2325/3596/1127
f 2268/3589/1128 2269/3597/1128 2383/3598/1128 2382/3590/1128
f 2326/3599/1129 2325/3591/1129 2439/3592/1129 2440/3600/1129
f 2269/3601/1130 2383/3602/1130 2440/3603/1130 2326/3604/1130
f 2269/3597/1131 2270/3605/1131 2384/3606/1131 2383/3598/1131
f 2327/3607/1132 2326/3599/1132 2440/3600/1132 2441/3608/1132
f 2270/3609/1133 2384/3610/1133 2441/3611/1133 2327/3612/1133
f 2270/3605/1134 2271/3613/1134 2385/3614/1134 2384/3606/1134
f 2328/3615/1135 2327/3607/1135 2441/3608/1135 2442/3616/1135
f 2271/3617/1136 2328/3618/1136 2442/3619/1136 2385/3620/1136
f 2271/3617/1137 2272/3621/1137 2386/3622/1137 2385/3620/1137
f 2329/3623/1138 2328/3618/1138 2442/3619/1138 2443/3624/1138
f 2272/3625/1139 2329/3626/1139 2443/3627/1139 2386/3628/1139
f 2272/3621/1140 2273/3629/1140 2387/3630/1140 2386/3622/1140
f 2330/3631/1141 2329/3623/1141 2443/3624/1141 2444/3632/1141
f 2273/3633/1142 2387/3634/1142 2444/3635/1142 2330/3636/1142
f 2273/3629/1143 2274/3637/1143 2388/3638/1143 2387/3630/1143
f 2331/3639/1144 2330/3631/1144 2444/3632/1144 2445/3640/1144
f 2274/3641/1145 2331/3642/1145 2445/3643/1145 2388/3644/1145
f 2274/3637/1146 2275/3645/1146 2389/3646/1146 2388/3638/1146
f 2332/3647/1147 2331/3639/1147 2445/3640/1147 2446/3648/1147
f 2275/3649/1148 2332/3650/1148 2446/3651/1148 2389/3652/1148
f 2275/3645/1149 2276/3653/1149 2390/3654/1149 2389/3646/1149
f 2333/3655/1150 2332/3647/1150 2446/3648/1150 2447/3656/1150
f 2276/3657/1151 2390/3658/1151 2447/3659/1151 2333/3660/1151
f 2276/3653/1152 2277/3661/1152 2391/3662/1152 2390/3654/1152
f 2334/3663/1153 2333/3655/1153 2447/3656/1153 2448/3664/1153
f 2277/3665/1154 2391/3666/1154 2448/3667/1154 2334/3668/1154
f 2277/3661/1155 2278/3669/1155 2392/3670/1155 2391/3662/1155
f 2335/3671/1156 2334/3663/1156 2448/3664/1156 2449/3672/1156
f 2278/3673/1157 2335/3674/1157 2449/3675/1157 2392/3676/1157
f 2278/3669/1158 2279/3677/1158 2393/3678/1158 2392/3670/1158
f 2336/3679/1159 2335/3671/1159 2449/3672/1159 2450/3680/1159
f 2279/3681/1160 2336/3682/1160 2450/3683/1160 2393/3684/1160
f 2279/3677/1161 2280/3685/1161 2394/3686/1161 2393/3678/1161
f 2337/3687/1162 2336/3679/1162 2450/3680/1162 2451/3688/1162
f 2280/3689/1163 2337/3690/1163 2451/3691/1163 2394/3692/1163
f 2280/3685/1164 2281/3693/1164 2395/3694/1164 2394/3686/1164
f 2338/3695/1165 2337/3687/1165 2451/3688/1165 2452/3696/1165
f 2281/3697/1166 2395/3698/1166 2452/3699/1166 2338/3700/1166
f 2281/3693/1167 2282/3701/1167 2396/3702/1167 2395/3694/1167
f 2339/3703/1168 2338/3695/1168 2452/3696/1168 2453/3704/1168
f 2282/3705/1169 2339/3706/1169 2453/3707/1169 2396/3708/1169
f 2282/3701/1170 2283/3709/1170 2397/3710/1170 2396/3702/1170
f 2340/3711/1171 2339/3703/1171 2453/3704/1171 2454/3712/1171
f 2283/3713/1172 2397/3714/1172 2454/3715/1172 2340/3716/1172
f 2283/3709/1173 2284/3717/1173 2398/3718/1173 2397/3710/1173
f 2341/3719/1174 2340/3711/1174 2454/3712/1174 2455/3720/1174
f 2284/3721/1175 2398/3722/1175 2455/3723/1175 2341/3724/1175
f 2284/3717/1176 2285/3725/1176 2399/3726/1176 2398/3718/1176
f 2342/3727/1177 2341/3719/1177 2455/3720/1177 2456/3728/1177
f 2285/3729/1178 2399/3730/1178 2456/3731/1178 2342/3732/1178
f 2285/3725/1179 2286/3733/1179 2400/3734/1179 2399/3726/1179
f 2343/3735/1180 2342/3727/1180 2456/3728/1180 2457/3736/1180
f 2286/3737/1181 2343/3738/1181 2457/3739/1181 2400/3740/1181
f 2286/3733/1182 2287/3741/1182 2401/3742/1182 2400/3734/1182
f 2344/3743/1183 2343/3735/1183 2457/3736/1183 2458/3744/1183
f 2287/3745/1184 2401/3746/1184 2458/3747/1184 2344/3748/1184
f 2287/3741/1185 2288/3749/1185 2402/3750/1185 2401/3742/1185
f 2345/3751/1186 2344/3743/1186 2458/3744/1186 2459/3752/1186
f 2288/3753/1187 2345/3754/1187 2459/3755/1187 2402/3756/1187
f 2288/3749/1188 2289/3757/1188 2403/3758/1188 2402/3750/1188
f 2346/3759/1189 2345/3751/1189 2459/3752/1189 2460/3760/1189
f 2289/3761/1190 2346/3762/1190 2460/3763/1190 2403/3764/1190
f 2289/3757/1191 2290/3765/1191 2404/3766/1191 2403/3758/1191
f 2347/3767/1192 2346/3759/1192 2460/3760/1192 2461/3768/1192
f 2290/3765/1193 2347/3767/1193 2461/3768/1193 2404/3766/1193
f 2290/3769/1194 2291/3770/1194 2405/3771/1194 2404/3772/1194
f 2348/3773/1195 2347/3774/1195 2461/3775/1195 2462/3776/1195
f 2291/3777/1196 2405/3778/1196 2462/3779/1196 2348/3780/1196
f 2291/3770/1197 2292/3781/1197 2406/3782/1197 2405/3771/1197
f 2349/3783/1198 2348/3773/1198 2462/3776/1198 2463/3784/1198
f 2292/3785/1199 2406/3786/1199 2463/3787/1199 2349/3788/1199
f 2292/3781/1200 2293/3789/1200 2407/3790/1200 2406/3782/1200
f 2350/3791/1201 2349/3783/1201 2463/3784/1201 2464/3792/1201
f 2293/3793/1202 2407/3794/1202 2464/3795/1202 2350/3796/1202
f 2293/3789/1203 2294/3797/1203 2408/3798/1203 2407/3790/1203
f 2351/3799/1204 2350/3791/1204 2464/3792/1204 2465/3800/1204
f 2294/3801/1205 2408/3802/1205 2465/3803/1205 2351/3804/1205
f 2294/3797/1206 2295/3805/1206 2409/3806/1206 2408/3798/1206
f 2352/3807/1207 2351/3799/1207 2465/3800/1207 2466/3808/1207
f 2295/3809/1208 2409/3810/1208 2466/3811/1208 2352/3812/1208
f 2295/3805/1209 2296/3813/1209 2410/3814/1209 2409/3806/1209
f 2353/3815/1210 2352/3807/1210 2466/3808/1210 2467/3816/1210
f 2296/3817/1211 2410/3818/1211 2467/3819/1211 2353/3820/1211
f 2296/3813/1212 2297/3821/1212 2411/3822/1212 2410/3814/1212
f 2354/3823/1213 2353/3815/1213 2467/3816/1213 2468/3824/1213
f 2297/3825/1214 2411/3826/1214 2468/3827/1214 2354/3828/1214
f 2297/3821/1215 2298/3829/1215 2412/3830/1215 2411/3822/1215
f 2355/3831/1216 2354/3823/1216 2468/3824/1216 2469/3832/1216
f 2298/3833/1217 2355/3834/1217 2469/3835/1217 2412/3836/1217
f 2298/3829/1218 2299/3837/1218 2413/3838/1218 2412/3830/1218
f 2356/3839/1219 2355/3831/1219 2469/3832/1219 2470/3840/1219
f 2299/3841/1220 2413/3842/1220 2470/3843/1220 2356/3844/1220
f 2299/3837/1221 2300/3845/1221 2414/3846/1221 2413/3838/1221
f 2357/3847/1222 2356/3839/1222 2470/3840/1222 2471/3848/1222
f 2300/3849/1223 2357/3850/1223 2471/3851/1223 2414/3852/1223
f 2300/3845/1224 2301/3853/1224 2415/3854/1224 2414/3846/1224
f 2358/3855/1225 2357/3847/1225 2471/3848/1225 2472/3856/1225
f 2301/3857/1226 2415/3858/1226 2472/3859/1226 2358/3860/1226
f 2301/3853/1227 2302/3861/1227 2416/3862/1227 2415/3854/1227
f 2359/3863/1228 2358/3855/1228 2472/3856/1228 2473/3864/1228
f 2302/3865/1229 2359/3866/1229 2473/3867/1229 2416/3868/1229
f 2302/3861/1230 2303/3869/1230 2417/3870/1230 2416/3862/1230
f 2360/3871/1231 2359/3863/1231 2473/3864/1231 2474/3872/1231
f 2303/3873/1232 2360/3874/1232 2474/3875/1232 2417/3876/1232
f 2361/3877/1233 2362/3878/1233 2363/3879/1233 2364/3880/1233 2365/3881/1233 2366/3882/1233 2367/3883/1233 2368/3884/1233 2369/3885/1233 2370/3886/1233 2371/3887/1233 2372/3888/1233 2373/3889/1233 2374/3890/1233 2375/3891/1233 2376/3892/1233 2377/3893/1233 2378/3894/1233 2379/3895/1233 2380/3896/1233 2381/3897/1233 2382/3898/1233 2383/3899/1233 2384/3900/1233 2385/3901/1233 2386/3902/1233 2387/3903/1233 2388/3904/1233 2389/3905/1233 2390/3906/1233 2391/3907/1233 2392/3908/1233 2393/3909/1233 2394/3910/1233 2395/3911/1233 2396/3912/1233 2397/3913/1233 2398/3914/1233 2399/3915/1233 2400/3916/1233 2401/3917/1233 2402/3918/1233 2403/3919/1233 2404/3920/1233 2405/3921/1233 2406/3922/1233 2407/3923/1233 2408/3924/1233 2409/3925/1233 2410/3926/1233 2411/3927/1233 2412/3928/1233 2413/3929/1233 2414/3930/1233 2415/3931/1233 2416/3932/1233 2417/3933/1233 2474/3934/1233 2473/3935/1233 2472/3936/1233 2471/3937/1233 2470/3938/1233 2469/3939/1233 2468/3940/1233 2467/3941/1233 2466/3942/1233 2465/3943/1233 2464/3944/1233 2463/3945/1233 2462/3946/1233 2461/3947/1233 2460/3948/1233 2459/3949/1233 2458/3950/1233 2457/3951/1233 2456/3952/1233 2455/3953/1233 2454/3954/1233 2453/3955/1233 2452/3956/1233 2451/3957/1233 2450/3958/1233 2449/3959/1233 2448/3960/1233 2447/3961/1233 2446/3962/1233 2445/3963/1233 2444/3964/1233 2443/3965/1233 2442/3966/1233 2441/3967/1233 2440/3968/1233 2439/3969/1233 2438/3970/1233 2437/3971/1233 2436/3972/1233 2435/3973/1233 2434/3974/1233 2433/3975/1233 2432/3976/1233 2431/3977/1233 2430/3978/1233 2429/3979/1233 2428/3980/1233 2427/3981/1233 2426/3982/1233 2425/3983/1233 2424/3984/1233 2423/3985/1233 2422/3986/1233 2421/3987/1233 2420/3988/1233 2419/3989/1233 2418/3990/1233
f 2247/3877/1234 2304/3990/1234 2305/3989/1234 2306/3988/1234 2307/3987/1234 2308/3986/1234 2309/3985/1234 2310/3984/1234 2311/3983/1234 2312/3982/1234 2313/3981/1234 2314/3980/1234 2315/3979/1234 2316/3978/1234 2317/3977/1234 2318/3976/1234 2319/3975/1234 2320/3974/1234 2321/3973/1234 2322/3972/1234 2323/3971/1234 2324/3970/1234 2325/3969/1234 2326/3968/1234 2327/3967/1234 2328/3966/1234 2329/3965/1234 2330/3964/1234 2331/3963/1234 2332/3962/1234 2333/3961/1234 2334/3960/1234 2335/3959/1234 2336/3958/1234 2337/3957/1234 2338/3956/1234 2339/3955/1234 2340/3954/1234 2341/3953/1234 2342/3952/1234 2343/3951/1234 2344/3950/1234 2345/3949/1234 2346/3948/1234 2347/3947/1234 2348/3946/1234 2349/3945/1234 2350/3944/1234 2351/3943/1234 2352/3942/1234 2353/3941/1234 2354/3940/1234 2355/3939/1234 2356/3938/1234 2357/3937/1234 2358/3936/1234 2359/3935/1234 2360/3934/1234 2303/3933/1234 2302/3932/1234 2301/3931/1234 2300/3930/1234 2299/3929/1234 2298/3928/1234 2297/3927/1234 2296/3926/1234 2295/3925/1234 2294/3924/1234 2293/3923/1234 2292/3922/1234 2291/3921/1234 2290/3920/1234 2289/3919/1234 2288/3918/1234 2287/3917/1234 2286/3916/1234 2285/3915/1234 2284/3914/1234 2283/3913/1234 2282/3912/1234 2281/3911/1234 2280/3910/1234 2279/3909/1234 2278/3908/1234 2277/3907/1234 2276/3906/1234 2275/3905/1234 2274/3904/1234 2273/3903/1234 2272/3902/1234 2271/3901/1234 2270/3900/1234 2269/3899/1234 2268/3898/1234 2267/3897/1234 2266/3896/1234 2265/3895/1234 2264/3894/1234 2263/3893/1234 2262/3892/1234 2261/3891/1234 2260/3890/1234 2259/3889/1234 2258/3888/1234 2257/3887/1234 2256/3886/1234 2255/3885/1234 2254/3884/1234 2253/3883/1234 2252/3882/1234 2251/3881/1234 2250/3880/1234 2249/3879/1234 2248/3878/1234
o JawPlate_Corner_3
v -1.760909 -0.055000 0.802121
v -1.768995 -0.055000 0.799802
v -1.777248 -0.055000 0.798170
v -1.785609 -0.055000 0.797238
v -1.794018 -0.055000 0.797012
v -1.802417 -0.055000 0.797493
v -1.810745 -0.055000 0.798679
v -1.818945 -0.055000 0.800560
v -1.826957 -0.055000 0.803124
v -1.834726 -0.055000 0.806352
v -1.842195 -0.055000 0.810222
v -1.849313 -0.055000 0.814706
v -1.856029 -0.055000 0.819772
v -1.862295 -0.055000 0.825385
v -1.868067 -0.055000 0.831505
v -1.873305 -0.055000 0.838088
v -1.877970 -0.055000 0.845088
v -1.882031 -0.055000 0.852456
v -1.885458 -0.055000 0.860139
v -1.888228 -0.055000 0.868082
v -1.890319 -0.055000 0.876231
v -1.891719 -0.055000 0.884526
v -1.892416 -0.055000 0.892909
v -1.892407 -0.055000 0.901322
v -1.891690 -0.055000 0.909704
v -1.890271 -0.055000 0.917996
v -1.888160 -0.055000 0.926139
v -1.885373 -0.055000 0.934076
v -1.881928 -0.055000 0.941751
v -1.877850 -0.055000 0.949109
v -1.873168 -0.055000 0.956099
v -1.867915 -0.055000 0.962670
v -1.862129 -0.055000 0.968776
v -1.855850 -0.055000 0.974374
v -1.849122 -0.055000 0.979425
v -1.841994 -0.055000 0.983893
v -1.834515 -0.055000 0.987745
v -1.826740 -0.055000 0.990956
v -1.818721 -0.055000 0.993501
v -1.810518 -0.055000 0.995363
v -1.802186 -0.055000 0.996530
v -1.793787 -0.055000 0.996992
v -1.785378 -0.055000 0.996746
v -1.777019 -0.055000 0.995794
v -1.768770 -0.055000 0.994144
v -1.760689 -0.055000 0.991805
v -1.752833 -0.055000 0.988796
v -1.745258 -0.055000 0.985137
v -1.738017 -0.055000 0.980855
v -1.731162 -0.055000 0.975979
v -1.724741 -0.055000 0.970544
v -1.718799 -0.055000 0.964589
v -1.713379 -0.055000 0.958155
v -1.708519 -0.055000 0.951288
v -1.704253 -0.055000 0.944037
v -1.700612 -0.055000 0.936454
v -1.697621 -0.055000 0.928591
v -1.771650 -0.055000 0.834380
v -1.776987 -0.055000 0.832849
v -1.782434 -0.055000 0.831772
v -1.787952 -0.055000 0.831157
v -1.793502 -0.055000 0.831008
v -1.799045 -0.055000 0.831325
v -1.804542 -0.055000 0.832108
v -1.809954 -0.055000 0.833350
v -1.815242 -0.055000 0.835042
v -1.820369 -0.055000 0.837173
v -1.825299 -0.055000 0.839727
v -1.829997 -0.055000 0.842686
v -1.834429 -0.055000 0.846030
v -1.838565 -0.055000 0.849734
v -1.842374 -0.055000 0.853773
v -1.845831 -0.055000 0.858118
v -1.848910 -0.055000 0.862738
v -1.851591 -0.055000 0.867601
v -1.853853 -0.055000 0.872672
v -1.855680 -0.055000 0.877914
v -1.857061 -0.055000 0.883292
v -1.857985 -0.055000 0.888767
v -1.858445 -0.055000 0.894300
v -1.858438 -0.055000 0.899853
v -1.857965 -0.055000 0.905385
v -1.857029 -0.055000 0.910857
v -1.855636 -0.055000 0.916232
v -1.853796 -0.055000 0.921470
v -1.851522 -0.055000 0.926536
v -1.848831 -0.055000 0.931392
v -1.845741 -0.055000 0.936005
v -1.842274 -0.055000 0.940342
v -1.838455 -0.055000 0.944372
v -1.834311 -0.055000 0.948067
v -1.829871 -0.055000 0.951401
v -1.825166 -0.055000 0.954349
v -1.820230 -0.055000 0.956892
v -1.815098 -0.055000 0.959011
v -1.809806 -0.055000 0.960691
v -1.804392 -0.055000 0.961920
v -1.798893 -0.055000 0.962690
v -1.793349 -0.055000 0.962995
v -1.787799 -0.055000 0.962832
v -1.782283 -0.055000 0.962204
v -1.776838 -0.055000 0.961115
v -1.771505 -0.055000 0.959572
v -1.766320 -0.055000 0.957586
v -1.761320 -0.055000 0.955171
v -1.756541 -0.055000 0.952344
v -1.752017 -0.055000 0.949126
v -1.747779 -0.055000 0.945539
v -1.743858 -0.055000 0.941608
v -1.740280 -0.055000 0.937362
v -1.737073 -0.055000 0.932830
v -1.734257 -0.055000 0.928045
v -1.731854 -0.055000 0.923040
v -1.729880 -0.055000 0.917850
v -1.760909 0.049000 0.802121
v -1.768995 0.049000 0.799802
v -1.777248 0.049000 0.798170
v -1.785609 0.049000 0.797238
v -1.794018 0.049000 0.797012
v -1.802417 0.049000 0.797493
v -1.810745 0.049000 0.798679
v -1.818945 0.049000 0.800560
v -1.826957 0.049000 0.803124
v -1.834726 0.049000 0.806352
v -1.842195 0.049000 0.810222
v -1.849313 0.049000 0.814706
v -1.856029 0.049000 0.819772
v -1.862295 0.049000 0.825385
v -1.868067 0.049000 0.831505
v -1.873305 0.049000 0.838088
v -1.877970 0.049000 0.845088
v -1.882031 0.049000 0.852456
v -1.885458 0.049000 0.860139
v -1.888228 0.049000 0.868082
v -1.890319 0.049000 0.876231
v -1.891719 0.049000 0.884526
v -1.892416 0.049000 0.892909
v -1.892407 0.049000 0.901322
v -1.891690 0.049000 0.909704
v -1.890271 0.049000 0.917996
v -1.888160 0.049000 0.926139
v -1.885373 0.049000 0.934076
v -1.881928 0.049000 0.941751
v -1.877850 0.049000 0.949109
v -1.873168 0.049000 0.956099
v -1.867915 0.049000 0.962670
v -1.862129 0.049000 0.968776
v -1.855850 0.049000 0.974374
v -1.849122 0.049000 0.979425
v -1.841994 0.049000 0.983893
v -1.834515 0.049000 0.987745
v -1.826740 0.049000 0.990956
v -1.818721 0.049000 0.993501
v -1.810518 0.049000 0.995363
v -1.802186 0.049000 0.996530
v -1.793787 0.049000 0.996992
v -1.785378 0.049000 0.996746
v -1.777019 0.049000 0.995794
v -1.768770 0.049000 0.994144
v -1.760689 0.049000 0.991805
v -1.752833 0.049000 0.988796
v -1.745258 0.049000 0.985137
v -1.738017 0.049000 0.980855
v -1.731162 0.049000 0.975979
v -1.724741 0.049000 0.970544
v -1.718799 0.049000 0.964589
v -1.713379 0.049000 0.958155
v -1.708519 0.049000 0.951288
v -1.704253 0.049000 0.944037
v -1.700612 0.049000 0.936454
v -1.697621 0.049000 0.928591
v -1.771650 0.049000 0.834380
v -1.776987 0.049000 0.832849
v -1.782434 0.049000 0.831772
v -1.787952 0.049000 0.831157
v -1.793502 0.049000 0.831008
v -1.799045 0.049000 0.831325
v -1.804542 0.049000 0.832108
v -1.809954 0.049000 0.833350
v -1.815242 0.049000 0.835042
v -1.820369 0.049000 0.837173
v -1.825299 0.049000 0.839727
v -1.829997 0.049000 0.842686
v -1.834429 0.049000 0.846030
v -1.838565 0.049000 0.849734
v -1.842374 0.049000 0.853773
v -1.845831 0.049000 0.858118
v -1.848910 0.049000 0.862738
v -1.851591 0.049000 0.867601
v -1.853853 0.049000 0.872672
v -1.855680 0.049000 0.877914
v -1.857061 0.049000 0.883292
v -1.857985 0.049000 0.888767
v -1.858445 0.049000 0.894300
v -1.858438 0.049000 0.899853
v -1.857965 0.049000 0.905385
v -1.857029 0.049000 0.910857
v -1.855636 0.049000 0.916232
v -1.853796 0.049000 0.921470
v -1.851522 0.049000 0.926536
v -1.848831 0.049000 0.931392
v -1.845741 0.049000 0.936005
v -1.842274 0.049000 0.940342
v -1.838455 0.049000 0.944372
v -1.834311 0.049000 0.948067
v -1.829871 0.049000 0.951401
v -1.825166 0.049000 0.954349
v -1.820230 0.049000 0.956892
v -1.815098 0.049000 0.959011
v -1.809806 0.049000 0.960691
v -1.804392 0.049000 0.961920
v -1.798893 0.049000 0.962690
v -1.793349 0.049000 0.962995
v -1.787799 0.049000 0.962832
v -1.782283 0.049000 0.962204
v -1.776838 0.049000 0.961115
v -1.771505 0.049000 0.959572
v -1.766320 0.049000 0.957586
v -1.761320 0.049000 0.955171
v -1.756541 0.049000 0.952344
v -1.752017 0.049000 0.949126
v -1.747779 0.049000 0.945539
v -1.743858 0.049000 0.941608
v -1.740280 0.049000 0.937362
v -1.737073 0.049000 0.932830
v -1.734257 0.049000 0.928045
v -1.731854 0.049000 0.923040
v -1.729880 0.049000 0.917850
vn 0.2757 -0.0000 -0.9613
vn -0.2757 -0.0000 0.9612
vn 0.9488 -0.0000 0.3159
vn 0.9720 -0.0000 0.2351
vn 0.1940 -0.0000 -0.9810
vn -0.1940 -0.0000 0.9810
vn -0.9883 -0.0000 -0.1525
vn 0.1108 -0.0000 -0.9938
vn -0.1108 -0.0000 0.9938
vn 0.9976 -0.0000 0.0689
vn 0.0269 -0.0000 -0.9996
vn -0.0268 -0.0000 0.9996
vn -0.9999 -0.0000 0.0152
vn -0.0572 -0.0000 -0.9984
vn 0.0571 -0.0000 0.9984
vn 0.9951 -0.0000 -0.0992
vn -0.1410 -0.0000 -0.9900
vn 0.1410 -0.0000 0.9900
vn -0.9832 -0.0000 0.1824
vn -0.2236 -0.0000 -0.9747
vn 0.2237 -0.0000 0.9747
vn -0.9644 -0.0000 0.2644
vn -0.3048 -0.0000 -0.9524
vn 0.3047 -0.0000 0.9524
vn -0.9388 -0.0000 0.3446
vn -0.3837 -0.0000 -0.9235
vn 0.3838 -0.0000 0.9234
vn -0.9065 -0.0000 0.4223
vn -0.4601 -0.0000 -0.8879
vn 0.4600 -0.0000 0.8879
vn -0.8678 -0.0000 0.4969
vn -0.5330 -0.0000 -0.8461
vn 0.5330 -0.0000 0.8461
vn -0.8229 -0.0000 0.5681
vn -0.6022 -0.0000 -0.7983
vn 0.6023 -0.0000 0.7983
vn -0.7723 -0.0000 0.6353
vn -0.6672 -0.0000 -0.7449
vn 0.6671 -0.0000 0.7449
vn -0.7162 -0.0000 0.6979
vn -0.7275 -0.0000 -0.6861
vn 0.7275 -0.0000 0.6861
vn 0.6549 -0.0000 -0.7557
vn -0.7825 -0.0000 -0.6226
vn 0.7825 -0.0000 0.6226
vn 0.5891 -0.0000 -0.8081
vn -0.8321 -0.0000 -0.5546
vn 0.8321 -0.0000 0.5546
vn -0.5191 -0.0000 0.8547
vn -0.8758 -0.0000 -0.4827
vn 0.8757 -0.0000 0.4828
vn 0.4454 -0.0000 -0.8953
vn -0.9133 -0.0000 -0.4074
vn 0.9133 -0.0000 0.4074
vn -0.3686 -0.0000 0.9296
vn -0.9443 -0.0000 -0.3290
vn 0.9443 -0.0000 0.3291
vn -0.2892 -0.0000 0.9573
vn -0.9686 -0.0000 -0.2485
vn 0.9687 -0.0000 0.2484
vn -0.2077 -0.0000 0.9782
vn -0.9861 -0.0000 -0.1664
vn 0.9861 -0.0000 0.1664
vn 0.1247 -0.0000 -0.9922
vn -0.9966 -0.0000 -0.0829
vn 0.9966 -0.0000 0.0829
vn -0.0409 -0.0000 0.9992
vn -1.0000 -0.0000 0.0014
vn 1.0000 -0.0000 -0.0013
vn -0.0432 -0.0000 -0.9991
vn -0.9964 -0.0000 0.0852
vn 0.9964 -0.0000 -0.0852
vn -0.1270 -0.0000 -0.9919
vn -0.9857 -0.0000 0.1687
vn 0.9857 -0.0000 -0.1686
vn -0.2100 -0.0000 -0.9777
vn -0.9680 -0.0000 0.2509
vn 0.9680 -0.0000 -0.2509
vn 0.2914 -0.0000 0.9566
vn -0.9435 -0.0000 0.3313
vn 0.9435 -0.0000 -0.3314
vn 0.3708 -0.0000 0.9287
vn -0.9123 -0.0000 0.4095
vn 0.9123 -0.0000 -0.4095
vn -0.4475 -0.0000 -0.8943
vn -0.8747 -0.0000 0.4847
vn 0.8747 -0.0000 -0.4847
vn -0.5211 -0.0000 -0.8535
vn -0.8308 -0.0000 0.5565
vn 0.8308 -0.0000 -0.5565
vn 0.5910 -0.0000 0.8067
vn -0.7811 -0.0000 0.6244
vn 0.7811 -0.0000 -0.6244
vn -0.6567 -0.0000 -0.7541
vn -0.7259 -0.0000 0.6878
vn 0.7259 -0.0000 -0.6878
vn -0.7178 -0.0000 -0.6963
vn -0.6655 -0.0000 0.7464
vn 0.6655 -0.0000 -0.7464
vn 0.7737 -0.0000 0.6335
vn -0.6004 -0.0000 0.7997
vn 0.6005 -0.0000 -0.7997
vn 0.8243 -0.0000 0.5662
vn -0.5311 -0.0000 0.8473
vn 0.5309 -0.0000 -0.8474
vn 0.8689 -0.0000 0.4949
vn -0.4579 -0.0000 0.8890
vn 0.4580 -0.0000 -0.8890
vn 0.9075 -0.0000 0.4202
vn -0.3817 -0.0000 0.9243
vn 0.3816 -0.0000 -0.9243
vn -0.9396 -0.0000 -0.3424
vn -0.3025 -0.0000 0.9531
vn 0.3026 -0.0000 -0.9531
vn -0.9650 -0.0000 -0.2622
vn -0.2214 -0.0000 0.9752
vn 0.2214 -0.0000 -0.9752
vn -0.9836 -0.0000 -0.1802
vn -0.1387 -0.0000 0.9903
vn 0.1387 -0.0000 -0.9903
vn -0.9953 -0.0000 -0.0969
vn -0.0549 -0.0000 0.9985
vn 0.0549 -0.0000 -0.9985
vn 0.9999 -0.0000 0.0129
vn 0.0292 -0.0000 0.9996
vn -0.0294 -0.0000 -0.9996
vn -0.9975 -0.0000 0.0712
vn 0.1132 -0.0000 0.9936
vn -0.1131 -0.0000 -0.9936
vn -0.9879 -0.0000 0.1548
vn 0.1961 -0.0000 0.9806
vn -0.1961 -0.0000 -0.9806
vn 0.9714 -0.0000 -0.2373
vn 0.2780 -0.0000 0.9606
vn -0.2779 -0.0000 -0.9606
vn 0.9480 -0.0000 -0.3181
vn 0.3577 -0.0000 0.9338
vn -0.3577 -0.0000 -0.9338
vn -0.9180 -0.0000 0.3967
vn 0.4350 -0.0000 0.9005
vn -0.4349 -0.0000 -0.9005
vn -0.8814 -0.0000 0.4724
vn 0.5090 -0.0000 0.8608
vn -0.5091 -0.0000 -0.8607
vn -0.8386 -0.0000 0.5448
vn 0.5796 -0.0000 0.8149
vn -0.5796 -0.0000 -0.8149
vn -0.7898 -0.0000 0.6134
vn 0.6461 -0.0000 0.7633
vn -0.6460 -0.0000 -0.7633
vn 0.7354 -0.0000 -0.6776
vn 0.7079 -0.0000 0.7063
vn -0.7080 -0.0000 -0.7062
vn 0.6759 -0.0000 -0.7370
vn 0.7648 -0.0000 0.6443
vn -0.7647 -0.0000 -0.6444
vn -0.6116 -0.0000 0.7912
vn 0.8163 -0.0000 0.5777
vn -0.8163 -0.0000 -0.5776
vn 0.5429 -0.0000 -0.8398
vn 0.8619 -0.0000 0.5071
vn -0.8618 -0.0000 -0.5072
vn 0.4704 -0.0000 -0.8825
vn 0.9015 -0.0000 0.4328
vn -0.9015 -0.0000 -0.4328
vn -0.3945 -0.0000 0.9189
vn 0.9347 -0.0000 0.3555
vn -0.9347 -0.0000 -0.3555
vn 0.3159 -0.0000 -0.9488
vn -0.0000 1.0000 -0.0000
vn -0.0000 -1.0000 -0.0000
vt 0.534109 0.448000
vt 0.526023 0.448000
vt 0.526023 0.552000
vt 0.534109 0.552000
vt 0.518031 0.448000
vt 0.523368 0.448000
vt 0.523368 0.552000
vt 0.518031 0.552000
vt 0.448000 0.405119
vt 0.552000 0.405119
vt 0.552000 0.437378
vt 0.448000 0.437378
vt 0.448000 0.402800
vt 0.552000 0.402800
vt 0.552000 0.435847
vt 0.448000 0.435847
vt 0.517770 0.448000
vt 0.517770 0.552000
vt 0.512584 0.448000
vt 0.512584 0.552000
vt 0.448000 0.401168
vt 0.448000 0.434770
vt 0.552000 0.434770
vt 0.552000 0.401168
vt 0.509409 0.448000
vt 0.509409 0.552000
vt 0.507066 0.448000
vt 0.507066 0.552000
vt 0.448000 0.400236
vt 0.552000 0.400236
vt 0.552000 0.434155
vt 0.448000 0.434155
vt 0.501000 0.448000
vt 0.501000 0.552000
vt 0.501516 0.448000
vt 0.501516 0.552000
vt 0.448000 0.400010
vt 0.448000 0.434006
vt 0.552000 0.434006
vt 0.552000 0.400010
vt 0.492601 0.448000
vt 0.492601 0.552000
vt 0.495973 0.448000
vt 0.495973 0.552000
vt 0.448000 0.400491
vt 0.552000 0.400491
vt 0.552000 0.434323
vt 0.448000 0.434323
vt 0.484273 0.448000
vt 0.484273 0.552000
vt 0.490476 0.448000
vt 0.490476 0.552000
vt 0.448000 0.401677
vt 0.448000 0.435106
vt 0.552000 0.435106
vt 0.552000 0.401677
vt 0.476073 0.448000
vt 0.476073 0.552000
vt 0.485064 0.448000
vt 0.485064 0.552000
vt 0.448000 0.403558
vt 0.448000 0.436348
vt 0.552000 0.436348
vt 0.552000 0.403558
vt 0.468061 0.448000
vt 0.468061 0.552000
vt 0.479776 0.448000
vt 0.479776 0.552000
vt 0.448000 0.406122
vt 0.448000 0.438040
vt 0.552000 0.438040
vt 0.552000 0.406122
vt 0.460292 0.448000
vt 0.460292 0.552000
vt 0.474649 0.448000
vt 0.474649 0.552000
vt 0.448000 0.409350
vt 0.448000 0.440171
vt 0.552000 0.440171
vt 0.552000 0.409350
vt 0.452823 0.448000
vt 0.452823 0.552000
vt 0.469719 0.448000
vt 0.469719 0.552000
vt 0.448000 0.413220
vt 0.448000 0.442725
vt 0.552000 0.442725
vt 0.552000 0.413220
vt 0.445705 0.448000
vt 0.445705 0.552000
vt 0.465021 0.448000
vt 0.465021 0.552000
vt 0.448000 0.417704
vt 0.448000 0.445684
vt 0.552000 0.445684
vt 0.552000 0.417704
vt 0.438989 0.448000
vt 0.438989 0.552000
vt 0.460589 0.448000
vt 0.460589 0.552000
vt 0.448000 0.422770
vt 0.448000 0.449028
vt 0.552000 0.449028
vt 0.552000 0.422770
vt 0.432723 0.448000
vt 0.432723 0.552000
vt 0.456453 0.448000
vt 0.456453 0.552000
vt 0.448000 0.428383
vt 0.448000 0.452732
vt 0.552000 0.452732
vt 0.552000 0.428383
vt 0.448000 0.434503
vt 0.552000 0.434503
vt 0.448000 0.456771
vt 0.552000 0.456771
vt 0.426951 0.448000
vt 0.426951 0.552000
vt 0.452644 0.552000
vt 0.452644 0.448000
vt 0.448000 0.441086
vt 0.552000 0.441086
vt 0.448000 0.461116
vt 0.552000 0.461116
vt 0.421713 0.448000
vt 0.421713 0.552000
vt 0.449187 0.552000
vt 0.449187 0.448000
vt 0.448000 0.448086
vt 0.552000 0.448086
vt 0.448000 0.465736
vt 0.552000 0.465736
vt 0.417048 0.448000
vt 0.446108 0.448000
vt 0.446108 0.552000
vt 0.417048 0.552000
vt 0.448000 0.455454
vt 0.552000 0.455454
vt 0.448000 0.470599
vt 0.552000 0.470599
vt 0.412987 0.448000
vt 0.412987 0.552000
vt 0.443427 0.552000
vt 0.443427 0.448000
vt 0.448000 0.463137
vt 0.552000 0.463137
vt 0.448000 0.475670
vt 0.552000 0.475670
vt 0.409560 0.448000
vt 0.441165 0.448000
vt 0.441165 0.552000
vt 0.409560 0.552000
vt 0.448000 0.471080
vt 0.552000 0.471080
vt 0.448000 0.480912
vt 0.552000 0.480912
vt 0.406790 0.448000
vt 0.439338 0.448000
vt 0.439338 0.552000
vt 0.406790 0.552000
vt 0.448000 0.479229
vt 0.552000 0.479229
vt 0.448000 0.486290
vt 0.552000 0.486290
vt 0.404699 0.448000
vt 0.437957 0.448000
vt 0.437957 0.552000
vt 0.404699 0.552000
vt 0.448000 0.487524
vt 0.552000 0.487524
vt 0.448000 0.491765
vt 0.552000 0.491765
vt 0.403299 0.448000
vt 0.403299 0.552000
vt 0.437033 0.552000
vt 0.437033 0.448000
vt 0.448000 0.495907
vt 0.552000 0.495907
vt 0.448000 0.497298
vt 0.552000 0.497298
vt 0.402602 0.448000
vt 0.436573 0.448000
vt 0.436573 0.552000
vt 0.402602 0.552000
vt 0.448000 0.504320
vt 0.552000 0.504320
vt 0.448000 0.502851
vt 0.552000 0.502851
vt 0.402611 0.448000
vt 0.402611 0.552000
vt 0.436580 0.552000
vt 0.436580 0.448000
vt 0.448000 0.512702
vt 0.552000 0.512702
vt 0.448000 0.508383
vt 0.552000 0.508383
vt 0.403328 0.448000
vt 0.403328 0.552000
vt 0.437053 0.552000
vt 0.437053 0.448000
vt 0.448000 0.520994
vt 0.552000 0.520994
vt 0.448000 0.513855
vt 0.552000 0.513855
vt 0.404747 0.448000
vt 0.404747 0.552000
vt 0.437989 0.552000
vt 0.437989 0.448000
vt 0.448000 0.529137
vt 0.552000 0.529137
vt 0.448000 0.519230
vt 0.552000 0.519230
vt 0.406858 0.448000
vt 0.439382 0.448000
vt 0.439382 0.552000
vt 0.406858 0.552000
vt 0.448000 0.537074
vt 0.552000 0.537074
vt 0.448000 0.524468
vt 0.552000 0.524468
vt 0.409645 0.448000
vt 0.441222 0.448000
vt 0.441222 0.552000
vt 0.409645 0.552000
vt 0.448000 0.544749
vt 0.552000 0.544749
vt 0.448000 0.529534
vt 0.552000 0.529534
vt 0.413090 0.448000
vt 0.413090 0.552000
vt 0.443496 0.552000
vt 0.443496 0.448000
vt 0.448000 0.552107
vt 0.552000 0.552107
vt 0.448000 0.534390
vt 0.552000 0.534390
vt 0.417168 0.448000
vt 0.417168 0.552000
vt 0.446187 0.552000
vt 0.446187 0.448000
vt 0.448000 0.559097
vt 0.552000 0.559097
vt 0.448000 0.539003
vt 0.552000 0.539003
vt 0.421850 0.448000
vt 0.449277 0.448000
vt 0.449277 0.552000
vt 0.421850 0.552000
vt 0.448000 0.565668
vt 0.552000 0.565668
vt 0.448000 0.543340
vt 0.552000 0.543340
vt 0.427103 0.448000
vt 0.427103 0.552000
vt 0.452744 0.552000
vt 0.452744 0.448000
vt 0.448000 0.571774
vt 0.552000 0.571774
vt 0.448000 0.547370
vt 0.552000 0.547370
vt 0.432889 0.448000
vt 0.439168 0.448000
vt 0.439168 0.552000
vt 0.432889 0.552000
vt 0.460707 0.448000
vt 0.456563 0.448000
vt 0.456563 0.552000
vt 0.460707 0.552000
vt 0.448000 0.577372
vt 0.448000 0.551065
vt 0.552000 0.551065
vt 0.552000 0.577372
vt 0.445896 0.448000
vt 0.445896 0.552000
vt 0.465147 0.448000
vt 0.465147 0.552000
vt 0.448000 0.582423
vt 0.448000 0.554399
vt 0.552000 0.554399
vt 0.552000 0.582423
vt 0.453024 0.448000
vt 0.453024 0.552000
vt 0.469852 0.448000
vt 0.469852 0.552000
vt 0.448000 0.586891
vt 0.448000 0.557347
vt 0.552000 0.557347
vt 0.552000 0.586891
vt 0.460503 0.448000
vt 0.460503 0.552000
vt 0.474788 0.448000
vt 0.474788 0.552000
vt 0.448000 0.590743
vt 0.448000 0.559890
vt 0.552000 0.559890
vt 0.552000 0.590743
vt 0.468278 0.448000
vt 0.468278 0.552000
vt 0.479920 0.448000
vt 0.479920 0.552000
vt 0.448000 0.593954
vt 0.552000 0.593954
vt 0.552000 0.562009
vt 0.448000 0.562009
vt 0.476297 0.448000
vt 0.476297 0.552000
vt 0.485212 0.448000
vt 0.485212 0.552000
vt 0.448000 0.596499
vt 0.552000 0.596499
vt 0.552000 0.563689
vt 0.448000 0.563689
vt 0.484500 0.448000
vt 0.484500 0.552000
vt 0.490626 0.448000
vt 0.490626 0.552000
vt 0.448000 0.598361
vt 0.552000 0.598361
vt 0.552000 0.564918
vt 0.448000 0.564918
vt 0.492832 0.448000
vt 0.492832 0.552000
vt 0.496125 0.448000
vt 0.496125 0.552000
vt 0.448000 0.599528
vt 0.552000 0.599528
vt 0.552000 0.565688
vt 0.448000 0.565688
vt 0.501231 0.448000
vt 0.501231 0.552000
vt 0.501669 0.448000
vt 0.501669 0.552000
vt 0.448000 0.599990
vt 0.448000 0.565993
vt 0.552000 0.565993
vt 0.552000 0.599990
vt 0.509640 0.448000
vt 0.509640 0.552000
vt 0.507219 0.448000
vt 0.507219 0.552000
vt 0.448000 0.599744
vt 0.552000 0.599744
vt 0.552000 0.565830
vt 0.448000 0.565830
vt 0.517999 0.448000
vt 0.517999 0.552000
vt 0.512735 0.448000
vt 0.512735 0.552000
vt 0.448000 0.598792
vt 0.552000 0.598792
vt 0.552000 0.565202
vt 0.448000 0.565202
vt 0.526248 0.448000
vt 0.526248 0.552000
vt 0.518180 0.448000
vt 0.518180 0.552000
vt 0.448000 0.597142
vt 0.448000 0.564113
vt 0.552000 0.564113
vt 0.552000 0.597142
vt 0.534329 0.448000
vt 0.534329 0.552000
vt 0.523513 0.448000
vt 0.523513 0.552000
vt 0.448000 0.594803
vt 0.448000 0.562570
vt 0.552000 0.562570
vt 0.552000 0.594803
vt 0.542185 0.448000
vt 0.542185 0.552000
vt 0.528698 0.448000
vt 0.528698 0.552000
vt 0.448000 0.591794
vt 0.552000 0.591794
vt 0.552000 0.560584
vt 0.448000 0.560584
vt 0.549760 0.448000
vt 0.549760 0.552000
vt 0.533698 0.448000
vt 0.533698 0.552000
vt 0.448000 0.588135
vt 0.552000 0.588135
vt 0.552000 0.558169
vt 0.448000 0.558169
vt 0.557001 0.448000
vt 0.557001 0.552000
vt 0.538477 0.448000
vt 0.538477 0.552000
vt 0.448000 0.583853
vt 0.552000 0.583853
vt 0.552000 0.555342
vt 0.448000 0.555342
vt 0.563856 0.448000
vt 0.563856 0.552000
vt 0.543001 0.448000
vt 0.543001 0.552000
vt 0.448000 0.578977
vt 0.552000 0.578977
vt 0.552000 0.552124
vt 0.448000 0.552124
vt 0.570277 0.448000
vt 0.570277 0.552000
vt 0.547239 0.448000
vt 0.547239 0.552000
vt 0.448000 0.573542
vt 0.448000 0.548537
vt 0.552000 0.548537
vt 0.552000 0.573542
vt 0.448000 0.567587
vt 0.552000 0.567587
vt 0.448000 0.544606
vt 0.552000 0.544606
vt 0.576219 0.448000
vt 0.551160 0.448000
vt 0.551160 0.552000
vt 0.576219 0.552000
vt 0.448000 0.561153
vt 0.552000 0.561153
vt 0.448000 0.540360
vt 0.552000 0.540360
vt 0.581639 0.448000
vt 0.581639 0.552000
vt 0.554738 0.552000
vt 0.554738 0.448000
vt 0.448000 0.554286
vt 0.552000 0.554286
vt 0.448000 0.535828
vt 0.552000 0.535828
vt 0.586499 0.448000
vt 0.557945 0.448000
vt 0.557945 0.552000
vt 0.586499 0.552000
vt 0.448000 0.547035
vt 0.552000 0.547035
vt 0.448000 0.531043
vt 0.552000 0.531043
vt 0.590765 0.448000
vt 0.560761 0.448000
vt 0.560761 0.552000
vt 0.590765 0.552000
vt 0.448000 0.539452
vt 0.552000 0.539452
vt 0.448000 0.526038
vt 0.552000 0.526038
vt 0.594406 0.448000
vt 0.594406 0.552000
vt 0.563164 0.552000
vt 0.563164 0.448000
vt 0.448000 0.531589
vt 0.552000 0.531589
vt 0.448000 0.520848
vt 0.552000 0.520848
vt 0.597397 0.448000
vt 0.565138 0.448000
vt 0.565138 0.552000
vt 0.597397 0.552000
vt 0.534109 0.405119
vt 0.526023 0.402800
vt 0.517770 0.401168
vt 0.509409 0.400236
vt 0.501000 0.400010
vt 0.492601 0.400491
vt 0.484273 0.401677
vt 0.476073 0.403558
vt 0.468061 0.406122
vt 0.460292 0.409350
vt 0.452823 0.413220
vt 0.445705 0.417704
vt 0.438989 0.422770
vt 0.432723 0.428383
vt 0.426951 0.434503
vt 0.421713 0.441086
vt 0.417048 0.448086
vt 0.412987 0.455454
vt 0.409560 0.463137
vt 0.406790 0.471080
vt 0.404699 0.479229
vt 0.403299 0.487524
vt 0.402602 0.495907
vt 0.402611 0.504320
vt 0.403328 0.512702
vt 0.404747 0.520994
vt 0.406858 0.529137
vt 0.409645 0.537074
vt 0.413090 0.544749
vt 0.417168 0.552107
vt 0.421850 0.559097
vt 0.427103 0.565668
vt 0.432889 0.571774
vt 0.439168 0.577372
vt 0.445896 0.582423
vt 0.453024 0.586891
vt 0.460503 0.590743
vt 0.468278 0.593954
vt 0.476297 0.596499
vt 0.484500 0.598361
vt 0.492832 0.599528
vt 0.501231 0.599990
vt 0.509640 0.599744
vt 0.517999 0.598792
vt 0.526248 0.597142
vt 0.534329 0.594803
vt 0.542185 0.591794
vt 0.549760 0.588135
vt 0.557001 0.583853
vt 0.563856 0.578977
vt 0.570277 0.573542
vt 0.576219 0.567587
vt 0.581639 0.561153
vt 0.586499 0.554286
vt 0.590765 0.547035
vt 0.594406 0.539452
vt 0.597397 0.531589
vt 0.565138 0.520848
vt 0.563164 0.526038
vt 0.560761 0.531043
vt 0.557945 0.535828
vt 0.554738 0.540360
vt 0.551160 0.544606
vt 0.547239 0.548537
vt 0.543001 0.552124
vt 0.538477 0.555342
vt 0.533698 0.558169
vt 0.528698 0.560584
vt 0.523513 0.562570
vt 0.518180 0.564113
vt 0.512735 0.565202
vt 0.507219 0.565830
vt 0.501669 0.565993
vt 0.496125 0.565688
vt 0.490626 0.564918
vt 0.485212 0.563689
vt 0.479920 0.562009
vt 0.474788 0.559890
vt 0.469852 0.557347
vt 0.465147 0.554399
vt 0.460707 0.551065
vt 0.456563 0.547370
vt 0.452744 0.543340
vt 0.449277 0.539003
vt 0.446187 0.534390
vt 0.443496 0.529534
vt 0.441222 0.524468
vt 0.439382 0.519230
vt 0.437989 0.513855
vt 0.437053 0.508383
vt 0.436580 0.502851
vt 0.436573 0.497298
vt 0.437033 0.491765
vt 0.437957 0.486290
vt 0.439338 0.480912
vt 0.441165 0.475670
vt 0.443427 0.470599
vt 0.446108 0.465736
vt 0.449187 0.461116
vt 0.452644 0.456771
vt 0.456453 0.452732
vt 0.460589 0.449028
vt 0.465021 0.445684
vt 0.469719 0.442725
vt 0.474649 0.440171
vt 0.479776 0.438040
vt 0.485064 0.436348
vt 0.490476 0.435106
vt 0.495973 0.434323
vt 0.501516 0.434006
vt 0.507066 0.434155
vt 0.512584 0.434770
vt 0.518031 0.435847
vt 0.523368 0.437378
s 1
usemtl Leather
f 2475/3991/1235 2476/3992/1235 2590/3993/1235 2589/3994/1235
f 2533/3995/1236 2532/3996/1236 2646/3997/1236 2647/3998/1236
f 2475/3999/1237 2589/4000/1237 2646/4001/1237 2532/4002/1237
f 2476/4003/1238 2590/4004/1238 2647/4005/1238 2533/4006/1238
f 2476/3992/1239 2477/4007/1239 2591/4008/1239 2590/3993/1239
f 2534/4009/1240 2533/3995/1240 2647/3998/1240 2648/4010/1240
f 2477/4011/1241 2534/4012/1241 2648/4013/1241 2591/4014/1241
f 2477/4007/1242 2478/4015/1242 2592/4016/1242 2591/4008/1242
f 2535/4017/1243 2534/4009/1243 2648/4010/1243 2649/4018/1243
f 2478/4019/1244 2592/4020/1244 2649/4021/1244 2535/4022/1244
f 2478/4015/1245 2479/4023/1245 2593/4024/1245 2592/4016/1245
f 2536/4025/1246 2535/4017/1246 2649/4018/1246 2650/4026/1246
f 2479/4027/1247 2536/4028/1247 2650/4029/1247 2593/4030/1247
f 2479/4023/1248 2480/4031/1248 2594/4032/1248 2593/4024/1248
f 2537/4033/1249 2536/4025/1249 2650/4026/1249 2651/4034/1249
f 2480/4035/1250 2594/4036/1250 2651/4037/1250 2537/4038/1250
f 2480/4031/1251 2481/4039/1251 2595/4040/1251 2594/4032/1251
f 2538/4041/1252 2537/4033/1252 2651/4034/1252 2652/4042/1252
f 2481/4043/1253 2538/4044/1253 2652/4045/1253 2595/4046/1253
f 2481/4039/1254 2482/4047/1254 2596/4048/1254 2595/4040/1254
f 2539/4049/1255 2538/4041/1255 2652/4042/1255 2653/4050/1255
f 2482/4051/1256 2539/4052/1256 2653/4053/1256 2596/4054/1256
f 2482/4047/1257 2483/4055/1257 2597/4056/1257 2596/4048/1257
f 2540/4057/1258 2539/4049/1258 2653/4050/1258 2654/4058/1258
f 2483/4059/1259 2540/4060/1259 2654/4061/1259 2597/4062/1259
f 2483/4055/1260 2484/4063/1260 2598/4064/1260 2597/4056/1260
f 2541/4065/1261 2540/4057/1261 2654/4058/1261 2655/4066/1261
f 2484/4067/1262 2541/4068/1262 2655/4069/1262 2598/4070/1262
f 2484/4063/1263 2485/4071/1263 2599/4072/1263 2598/4064/1263
f 2542/4073/1264 2541/4065/1264 2655/4066/1264 2656/4074/1264
f 2485/4075/1265 2542/4076/1265 2656/4077/1265 2599/4078/1265
f 2485/4071/1266 2486/4079/1266 2600/4080/1266 2599/4072/1266
f 2543/4081/1267 2542/4073/1267 2656/4074/1267 2657/4082/1267
f 2486/4083/1268 2543/4084/1268 2657/4085/1268 2600/4086/1268
f 2486/4079/1269 2487/4087/1269 2601/4088/1269 2600/4080/1269
f 2544/4089/1270 2543/4081/1270 2657/4082/1270 2658/4090/1270
f 2487/4091/1271 2544/4092/1271 2658/4093/1271 2601/4094/1271
f 2487/4087/1272 2488/4095/1272 2602/4096/1272 2601/4088/1272
f 2545/4097/1273 2544/4089/1273 2658/4090/1273 2659/4098/1273
f 2488/4099/1274 2545/4100/1274 2659/4101/1274 2602/4102/1274
f 2488/4099/1275 2489/4103/1275 2603/4104/1275 2602/4102/1275
f 2546/4105/1276 2545/4100/1276 2659/4101/1276 2660/4106/1276
f 2489/4107/1277 2603/4108/1277 2660/4109/1277 2546/4110/1277
f 2489/4103/1278 2490/4111/1278 2604/4112/1278 2603/4104/1278
f 2547/4113/1279 2546/4105/1279 2660/4106/1279 2661/4114/1279
f 2490/4115/1280 2604/4116/1280 2661/4117/1280 2547/4118/1280
f 2490/4111/1281 2491/4119/1281 2605/4120/1281 2604/4112/1281
f 2548/4121/1282 2547/4113/1282 2661/4114/1282 2662/4122/1282
f 2491/4123/1283 2548/4124/1283 2662/4125/1283 2605/4126/1283
f 2491/4119/1284 2492/4127/1284 2606/4128/1284 2605/4120/1284
f 2549/4129/1285 2548/4121/1285 2662/4122/1285 2663/4130/1285
f 2492/4131/1286 2606/4132/1286 2663/4133/1286 2549/4134/1286
f 2492/4127/1287 2493/4135/1287 2607/4136/1287 2606/4128/1287
f 2550/4137/1288 2549/4129/1288 2663/4130/1288 2664/4138/1288
f 2493/4139/1289 2550/4140/1289 2664/4141/1289 2607/4142/1289
f 2493/4135/1290 2494/4143/1290 2608/4144/1290 2607/4136/1290
f 2551/4145/1291 2550/4137/1291 2664/4138/1291 2665/4146/1291
f 2494/4147/1292 2551/4148/1292 2665/4149/1292 2608/4150/1292
f 2494/4143/1293 2495/4151/1293 2609/4152/1293 2608/4144/1293
f 2552/4153/1294 2551/4145/1294 2665/4146/1294 2666/4154/1294
f 2495/4155/1295 2552/4156/1295 2666/4157/1295 2609/4158/1295
f 2495/4151/1296 2496/4159/1296 2610/4160/1296 2609/4152/1296
f 2553/4161/1297 2552/4153/1297 2666/4154/1297 2667/4162/1297
f 2496/4163/1298 2610/4164/1298 2667/4165/1298 2553/4166/1298
f 2496/4159/1299 2497/4167/1299 2611/4168/1299 2610/4160/1299
f 2554/4169/1300 2553/4161/1300 2667/4162/1300 2668/4170/1300
f 2497/4171/1301 2554/4172/1301 2668/4173/1301 2611/4174/1301
f 2497/4167/1302 2498/4175/1302 2612/4176/1302 2611/4168/1302
f 2555/4177/1303 2554/4169/1303 2668/4170/1303 2669/4178/1303
f 2498/4179/1304 2612/4180/1304 2669/4181/1304 2555/4182/1304
f 2498/4175/1305 2499/4183/1305 2613/4184/1305 2612/4176/1305
f 2556/4185/1306 2555/4177/1306 2669/4178/1306 2670/4186/1306
f 2499/4187/1307 2613/4188/1307 2670/4189/1307 2556/4190/1307
f 2499/4183/1308 2500/4191/1308 2614/4192/1308 2613/4184/1308
f 2557/4193/1309 2556/4185/1309 2670/4186/1309 2671/4194/1309
f 2500/4195/1310 2614/4196/1310 2671/4197/1310 2557/4198/1310
f 2500/4191/1311 2501/4199/1311 2615/4200/1311 2614/4192/1311
f 2558/4201/1312 2557/4193/1312 2671/4194/1312 2672/4202/1312
f 2501/4203/1313 2558/4204/1313 2672/4205/1313 2615/4206/1313
f 2501/4199/1314 2502/4207/1314 2616/4208/1314 2615/4200/1314
f 2559/4209/1315 2558/4201/1315 2672/4202/1315 2673/4210/1315
f 2502/4211/1316 2559/4212/1316 2673/4213/1316 2616/4214/1316
f 2502/4207/1317 2503/4215/1317 2617/4216/1317 2616/4208/1317
f 2560/4217/1318 2559/4209/1318 2673/4210/1318 2674/4218/1318
f 2503/4219/1319 2617/4220/1319 2674/4221/1319 2560/4222/1319
f 2503/4215/1320 2504/4223/1320 2618/4224/1320 2617/4216/1320
f 2561/4225/1321 2560/4217/1321 2674/4218/1321 2675/4226/1321
f 2504/4227/1322 2618/4228/1322 2675/4229/1322 2561/4230/1322
f 2504/4223/1323 2505/4231/1323 2619/4232/1323 2618/4224/1323
f 2562/4233/1324 2561/4225/1324 2675/4226/1324 2676/4234/1324
f 2505/4235/1325 2562/4236/1325 2676/4237/1325 2619/4238/1325
f 2505/4231/1326 2506/4239/1326 2620/4240/1326 2619/4232/1326
f 2563/4241/1327 2562/4233/1327 2676/4234/1327 2677/4242/1327
f 2506/4243/1328 2620/4244/1328 2677/4245/1328 2563/4246/1328
f 2506/4239/1329 2507/4247/1329 2621/4248/1329 2620/4240/1329
f 2564/4249/1330 2563/4241/1330 2677/4242/1330 2678/4250/1330
f 2507/4247/1331 2621/4248/1331 2678/4250/1331 2564/4249/1331
f 2507/4251/1332 2508/4252/1332 2622/4253/1332 2621/4254/1332
f 2565/4255/1333 2564/4256/1333 2678/4257/1333 2679/4258/1333
f 2508/4259/1334 2565/4260/1334 2679/4261/1334 2622/4262/1334
f 2508/4252/1335 2509/4263/1335 2623/4264/1335 2622/4253/1335
f 2566/4265/1336 2565/4255/1336 2679/4258/1336 2680/4266/1336
f 2509/4267/1337 2566/4268/1337 2680/4269/1337 2623/4270/1337
f 2509/4263/1338 2510/4271/1338 2624/4272/1338 2623/4264/1338
f 2567/4273/1339 2566/4265/1339 2680/4266/1339 2681/4274/1339
f 2510/4275/1340 2567/4276/1340 2681/4277/1340 2624/4278/1340
f 2510/4271/1341 2511/4279/1341 2625/4280/1341 2624/4272/1341
f 2568/4281/1342 2567/4273/1342 2681/4274/1342 2682/4282/1342
f 2511/4283/1343 2568/4284/1343 2682/4285/1343 2625/4286/1343
f 2511/4279/1344 2512/4287/1344 2626/4288/1344 2625/4280/1344
f 2569/4289/1345 2568/4281/1345 2682/4282/1345 2683/4290/1345
f 2512/4291/1346 2626/4292/1346 2683/4293/1346 2569/4294/1346
f 2512/4287/1347 2513/4295/1347 2627/4296/1347 2626/4288/1347
f 2570/4297/1348 2569/4289/1348 2683/4290/1348 2684/4298/1348
f 2513/4299/1349 2627/4300/1349 2684/4301/1349 2570/4302/1349
f 2513/4295/1350 2514/4303/1350 2628/4304/1350 2627/4296/1350
f 2571/4305/1351 2570/4297/1351 2684/4298/1351 2685/4306/1351
f 2514/4307/1352 2628/4308/1352 2685/4309/1352 2571/4310/1352
f 2514/4303/1353 2515/4311/1353 2629/4312/1353 2628/4304/1353
f 2572/4313/1354 2571/4305/1354 2685/4306/1354 2686/4314/1354
f 2515/4315/1355 2629/4316/1355 2686/4317/1355 2572/4318/1355
f 2515/4311/1356 2516/4319/1356 2630/4320/1356 2629/4312/1356
f 2573/4321/1357 2572/4313/1357 2686/4314/1357 2687/4322/1357
f 2516/4323/1358 2573/4324/1358 2687/4325/1358 2630/4326/1358
f 2516/4319/1359 2517/4327/1359 2631/4328/1359 2630/4320/1359
f 2574/4329/1360 2573/4321/1360 2687/4322/1360 2688/4330/1360
f 2517/4331/1361 2631/4332/1361 2688/4333/1361 2574/4334/1361
f 2517/4327/1362 2518/4335/1362 2632/4336/1362 2631/4328/1362
f 2575/4337/1363 2574/4329/1363 2688/4330/1363 2689/4338/1363
f 2518/4339/1364 2632/4340/1364 2689/4341/1364 2575/4342/1364
f 2518/4335/1365 2519/4343/1365 2633/4344/1365 2632/4336/1365
f 2576/4345/1366 2575/4337/1366 2689/4338/1366 2690/4346/1366
f 2519/4347/1367 2576/4348/1367 2690/4349/1367 2633/4350/1367
f 2519/4343/1368 2520/4351/1368 2634/4352/1368 2633/4344/1368
f 2577/4353/1369 2576/4345/1369 2690/4346/1369 2691/4354/1369
f 2520/4355/1370 2577/4356/1370 2691/4357/1370 2634/4358/1370
f 2520/4351/1371 2521/4359/1371 2635/4360/1371 2634/4352/1371
f 2578/4361/1372 2577/4353/1372 2691/4354/1372 2692/4362/1372
f 2521/4363/1373 2635/4364/1373 2692/4365/1373 2578/4366/1373
f 2521/4359/1374 2522/4367/1374 2636/4368/1374 2635/4360/1374
f 2579/4369/1375 2578/4361/1375 2692/4362/1375 2693/4370/1375
f 2522/4371/1376 2636/4372/1376 2693/4373/1376 2579/4374/1376
f 2522/4367/1377 2523/4375/1377 2637/4376/1377 2636/4368/1377
f 2580/4377/1378 2579/4369/1378 2693/4370/1378 2694/4378/1378
f 2523/4379/1379 2637/4380/1379 2694/4381/1379 2580/4382/1379
f 2523/4375/1380 2524/4383/1380 2638/4384/1380 2637/4376/1380
f 2581/4385/1381 2580/4377/1381 2694/4378/1381 2695/4386/1381
f 2524/4387/1382 2638/4388/1382 2695/4389/1382 2581/4390/1382
f 2524/4383/1383 2525/4391/1383 2639/4392/1383 2638/4384/1383
f 2582/4393/1384 2581/4385/1384 2695/4386/1384 2696/4394/1384
f 2525/4395/1385 2582/4396/1385 2696/4397/1385 2639/4398/1385
f 2525/4395/1386 2526/4399/1386 2640/4400/1386 2639/4398/1386
f 2583/4401/1387 2582/4396/1387 2696/4397/1387 2697/4402/1387
f 2526/4403/1388 2583/4404/1388 2697/4405/1388 2640/4406/1388
f 2526/4399/1389 2527/4407/1389 2641/4408/1389 2640/4400/1389
f 2584/4409/1390 2583/4401/1390 2697/4402/1390 2698/4410/1390
f 2527/4411/1391 2641/4412/1391 2698/4413/1391 2584/4414/1391
f 2527/4407/1392 2528/4415/1392 2642/4416/1392 2641/4408/1392
f 2585/4417/1393 2584/4409/1393 2698/4410/1393 2699/4418/1393
f 2528/4419/1394 2585/4420/1394 2699/4421/1394 2642/4422/1394
f 2528/4415/1395 2529/4423/1395 2643/4424/1395 2642/4416/1395
f 2586/4425/1396 2585/4417/1396 2699/4418/1396 2700/4426/1396
f 2529/4427/1397 2586/4428/1397 2700/4429/1397 2643/4430/1397
f 2529/4423/1398 2530/4431/1398 2644/4432/1398 2643/4424/1398
f 2587/4433/1399 2586/4425/1399 2700/4426/1399 2701/4434/1399
f 2530/4435/1400 2644/4436/1400 2701/4437/1400 2587/4438/1400
f 2530/4431/1401 2531/4439/1401 2645/4440/1401 2644/4432/1401
f 2588/4441/1402 2587/4433/1402 2701/4434/1402 2702/4442/1402
f 2531/4443/1403 2588/4444/1403 2702/4445/1403 2645/4446/1403
f 2589/4447/1404 2590/4448/1404 2591/4449/1404 2592/4450/1404 2593/4451/1404 2594/4452/1404 2595/4453/1404 2596/4454/1404 2597/4455/1404 2598/4456/1404 2599/4457/1404 2600/4458/1404 2601/4459/1404 2602/4460/1404 2603/4461/1404 2604/4462/1404 2605/4463/1404 2606/4464/1404 2607/4465/1404 2608/4466/1404 2609/4467/1404 2610/4468/1404 2611/4469/1404 2612/4470/1404 2613/4471/1404 2614/4472/1404 2615/4473/1404 2616/4474/1404 2617/4475/1404 2618/4476/1404 2619/4477/1404 2620/4478/1404 2621/4479/1404 2622/4480/1404 2623/4481/1404 2624/4482/1404 2625/4483/1404 2626/4484/1404 2627/4485/1404 2628/4486/1404 2629/4487/1404 2630/4488/1404 2631/4489/1404 2632/4490/1404 2633/4491/1404 2634/4492/1404 2635/4493/1404 2636/4494/1404 2637/4495/1404 2638/4496/1404 2639/4497/1404 2640/4498/1404 2641/4499/1404 2642/4500/1404 2643/4501/1404 2644/4502/1404 2645/4503/1404 2702/4504/1404 2701/4505/1404 2700/4506/1404 2699/4507/1404 2698/4508/1404 2697/4509/1404 2696/4510/1404 2695/4511/1404 2694/4512/1404 2693/4513/1404 2692/4514/1404 2691/4515/1404 2690/4516/1404 2689/4517/1404 2688/4518/1404 2687/4519/1404 2686/4520/1404 2685/4521/1404 2684/4522/1404 2683/4523/1404 2682/4524/1404 2681/4525/1404 2680/4526/1404 2679/4527/1404 2678/4528/1404 2677/4529/1404 2676/4530/1404 2675/4531/1404 2674/4532/1404 2673/4533/1404 2672/4534/1404 2671/4535/1404 2670/4536/1404 2669/4537/1404 2668/4538/1404 2667/4539/1404 2666/4540/1404 2665/4541/1404 2664/4542/1404 2663/4543/1404 2662/4544/1404 2661/4545/1404 2660/4546/1404 2659/4547/1404 2658/4548/1404 2657/4549/1404 2656/4550/1404 2655/4551/1404 2654/4552/1404 2653/4553/1404 2652/4554/1404 2651/4555/1404 2650/4556/1404 2649/4557/1404 2648/4558/1404 2647/4559/1404 2646/4560/1404
f 2475/4447/1405 2532/4560/1405 2533/4559/1405 2534/4558/1405 2535/4557/1405 2536/4556/1405 2537/4555/1405 2538/4554/1405 2539/4553/1405 2540/4552/1405 2541/4551/1405 2542/4550/1405 2543/4549/1405 2544/4548/1405 2545/4547/1405 2546/4546/1405 2547/4545/1405 2548/4544/1405 2549/4543/1405 2550/4542/1405 2551/4541/1405 2552/4540/1405 2553/4539/1405 2554/4538/1405 2555/4537/1405 2556/4536/1405 2557/4535/1405 2558/4534/1405 2559/4533/1405 2560/4532/1405 2561/4531/1405 2562/4530/1405 2563/4529/1405 2564/4528/1405 2565/4527/1405 2566/4526/1405 2567/4525/1405 2568/4524/1405 2569/4523/1405 2570/4522/1405 2571/4521/1405 2572/4520/1405 2573/4519/1405 2574/4518/1405 2575/4517/1405 2576/4516/1405 2577/4515/1405 2578/4514/1405 2579/4513/1405 2580/4512/1405 2581/4511/1405 2582/4510/1405 2583/4509/1405 2584/4508/1405 2585/4507/1405 2586/4506/1405 2587/4505/1405 2588/4504/1405 2531/4503/1405 2530/4502/1405 2529/4501/1405 2528/4500/1405 2527/4499/1405 2526/4498/1405 2525/4497/1405 2524/4496/1405 2523/4495/1405 2522/4494/1405 2521/4493/1405 2520/4492/1405 2519/4491/1405 2518/4490/1405 2517/4489/1405 2516/4488/1405 2515/4487/1405 2514/4486/1405 2513/4485/1405 2512/4484/1405 2511/4483/1405 2510/4482/1405 2509/4481/1405 2508/4480/1405 2507/4479/1405 2506/4478/1405 2505/4477/1405 2504/4476/1405 2503/4475/1405 2502/4474/1405 2501/4473/1405 2500/4472/1405 2499/4471/1405 2498/4470/1405 2497/4469/1405 2496/4468/1405 2495/4467/1405 2494/4466/1405 2493/4465/1405 2492/4464/1405 2491/4463/1405 2490/4462/1405 2489/4461/1405 2488/4460/1405 2487/4459/1405 2486/4458/1405 2485/4457/1405 2484/4456/1405 2483/4455/1405 2482/4454/1405 2481/4453/1405 2480/4452/1405 2479/4451/1405 2478/4450/1405 2477/4449/1405 2476/4448/1405
o Leg_0
v -1.644500 -0.720000 1.059000
v -1.424500 -0.720000 1.059000
v -1.424500 -0.720000 0.839000
v -1.644500 -0.720000 0.839000
v -1.644500 -0.120000 1.059000
v -1.424500 -0.120000 1.059000
v -1.424500 -0.120000 0.839000
v -1.644500 -0.120000 0.839000
vn -0.0000 -1.0000 -0.0000
vn -0.0000 1.0000 -0.0000
vn -0.0000 -0.0000 1.0000
vn 1.0000 -0.0000 -0.0000
vn -0.0000 -0.0000 -1.0000
vn -1.0000 -0.0000 -0.0000
vt 0.390000 0.610000
vt 0.390000 0.390000
vt 0.610000 0.390000
vt 0.610000 0.610000
vt 0.390000 0.200000
vt 0.610000 0.200000
vt 0.610000 0.800000
vt 0.390000 0.800000
vt 0.200000 0.610000
vt 0.200000 0.390000
vt 0.800000 0.390000
vt 0.800000 0.610000
s 1
usemtl Wood
f 2703/4561/1406 2706/4562/1406 2705/4563/1406 2704/4564/1406
f 2710/4562/1407 2707/4561/1407 2708/4564/1407 2709/4563/1407
f 2703/4565/1408 2704/4566/1408 2708/4567/1408 2707/4568/1408
f 2704/4569/1409 2705/4570/1409 2709/4571/1409 2708/4572/1409
f 2705/4566/1410 2706/4565/1410 2710/4568/1410 2709/4567/1410
f 2706/4570/1411 2703/4569/1411 2707/4572/1411 2710/4571/1411
o Leg_1
v -1.644500 -0.720000 -0.839000
v -1.424500 -0.720000 -0.839000
v -1.424500 -0.720000 -1.059000
v -1.644500 -0.720000 -1.059000
v -1.644500 -0.120000 -0.839000
v -1.424500 -0.120000 -0.839000
v -1.424500 -0.120000 -1.059000
v -1.644500 -0.120000 -1.059000
vn -0.0000 -1.0000 -0.0000
vn -0.0000 1.0000 -0.0000
vn -0.0000 -0.0000 1.0000
vn 1.0000 -0.0000 -0.0000
vn -0.0000 -0.0000 -1.0000
vn -1.0000 -0.0000 -0.0000
vt 0.390000 0.610000
vt 0.390000 0.390000
vt 0.610000 0.390000
vt 0.610000 0.610000
vt 0.390000 0.200000
vt 0.610000 0.200000
vt 0.610000 0.800000
vt 0.390000 0.800000
vt 0.200000 0.610000
vt 0.200000 0.390000
vt 0.800000 0.390000
vt 0.800000 0.610000
s 1
usemtl Wood
f 2711/4573/1412 2714/4574/1412 2713/4575/1412 2712/4576/1412
f 2718/4574/1413 2715/4573/1413 2716/4576/1413 2717/4575/1413
f 2711/4577/1414 2712/4578/1414 2716/4579/1414 2715/4580/1414
f 2712/4581/1415 2713/4582/1415 2717/4583/1415 2716/4584/1415
f 2713/4578/1416 2714/4577/1416 2718/4580/1416 2717/4579/1416
f 2714/4582/1417 2711/4581/1417 2715/4584/1417 2718/4583/1417
o Leg_2
v 0.790000 -0.720000 1.059000
v 1.010000 -0.720000 1.059000
v 1.010000 -0.720000 0.839000
v 0.790000 -0.720000 0.839000
v 0.790000 -0.120000 1.059000
v 1.010000 -0.120000 1.059000
v 1.010000 -0.120000 0.839000
v 0.790000 -0.120000 0.839000
vn -0.0000 -1.0000 -0.0000
vn -0.0000 1.0000 -0.0000
vn -0.0000 -0.0000 1.0000
vn 1.0000 -0.0000 -0.0000
vn -0.0000 -0.0000 -1.0000
vn -1.0000 -0.0000 -0.0000
vt 0.390000 0.610000
vt 0.390000 0.390000
vt 0.610000 0.390000
vt 0.610000 0.610000
vt 0.390000 0.200000
vt 0.610000 0.200000
vt 0.610000 0.800000
vt 0.390000 0.800000
vt 0.200000 0.610000
vt 0.200000 0.390000
vt 0.800000 0.390000
vt 0.800000 0.610000
s 1
usemtl Wood
f 2719/4585/1418 2722/4586/1418 2721/4587/1418 2720/4588/1418
f 2726/4586/1419 2723/4585/1419 2724/4588/1419 2725/4587/1419
f 2719/4589/1420 2720/4590/1420 2724/4591/1420 2723/4592/1420
f 2720/4593/1421 2721/4594/1421 2725/4595/1421 2724/4596/1421
f 2721/4590/1422 2722/4589/1422 2726/4592/1422 2725/4591/1422
f 2722/4594/1423 2719/4593/1423 2723/4596/1423 2726/4595/1423
o Leg_3
v 0.790000 -0.720000 -0.839000
v 1.010000 -0.720000 -0.839000
v 1.010000 -0.720000 -1.059000
v 0.790000 -0.720000 -1.059000
v 0.790000 -0.120000 -0.839000
v 1.010000 -0.120000 -0.839000
v 1.010000 -0.120000 -1.059000
v 0.790000 -0.120000 -1.059000
vn -0.0000 -1.0000 -0.0000
vn -0.0000 1.0000 -0.0000
vn -0.0000 -0.0000 1.0000
vn 1.0000 -0.0000 -0.0000
vn -0.0000 -0.0000 -1.0000
vn -1.0000 -0.0000 -0.0000
vt 0.390000 0.610000
vt 0.390000 0.390000
vt 0.610000 0.390000
vt 0.610000 0.610000
vt 0.390000 0.200000
vt 0.610000 0.200000
vt 0.610000 0.800000
vt 0.390000 0.800000
vt 0.200000 0.610000
vt 0.200000 0.390000
vt 0.800000 0.390000
vt 0.800000 0.610000
s 1
usemtl Wood
f 2727/4597/1424 2730/4598/1424 2729/4599/1424 2728/4600/1424
f 2734/4598/1425 2731/4597/1425 2732/4600/1425 2733/4599/1425
f 2727/4601/1426 2728/4602/1426 2732/4603/1426 2731/4604/1426
f 2728/4605/1427 2729/4606/1427 2733/4607/1427 2732/4608/1427
f 2729/4602/1428 2730/4601/1428 2734/4604/1428 2733/4603/1428
f 2730/4606/1429 2727/4605/1429 2731/4608/1429 2734/4607/1429
o Leg_4
v 1.424500 -0.720000 1.059000
v 1.644500 -0.720000 1.059000
v 1.644500 -0.720000 0.839000
v 1.424500 -0.720000 0.839000
v 1.424500 -0.120000 1.059000
v 1.644500 -0.120000 1.059000
v 1.644500 -0.120000 0.839000
v 1.424500 -0.120000 0.839000
vn -0.0000 -1.0000 -0.0000
vn -0.0000 1.0000 -0.0000
vn -0.0000 -0.0000 1.0000
vn 1.0000 -0.0000 -0.0000
vn -0.0000 -0.0000 -1.0000
vn -1.0000 -0.0000 -0.0000
vt 0.390000 0.610000
vt 0.390000 0.390000
vt 0.610000 0.390000
vt 0.610000 0.610000
vt 0.390000 0.200000
vt 0.610000 0.200000
vt 0.610000 0.800000
vt 0.390000 0.800000
vt 0.200000 0.610000
vt 0.200000 0.390000
vt 0.800000 0.390000
vt 0.800000 0.610000
s 1
usemtl Wood
f 2735/4609/1430 2738/4610/1430 2737/4611/1430 2736/4612/1430
f 2742/4610/1431 2739/4609/1431 2740/4612/1431 2741/4611/1431
f 2735/4613/1432 2736/4614/1432 2740/4615/1432 2739/4616/1432
f 2736/4617/1433 2737/4618/1433 2741/4619/1433 2740/4620/1433
f 2737/4614/1434 2738/4613/1434 2742/4616/1434 2741/4615/1434
f 2738/4618/1435 2735/4617/1435 2739/4620/1435 2742/4619/1435
o Leg_5
v 1.424500 -0.720000 -0.839000
v 1.644500 -0.720000 -0.839000
v 1.644500 -0.720000 -1.059000
v 1.424500 -0.720000 -1.059000
v 1.424500 -0.120000 -0.839000
v 1.644500 -0.120000 -0.839000
v 1.644500 -0.120000 -1.059000
v 1.424500 -0.120000 -1.059000
vn -0.0000 -1.0000 -0.0000
vn -0.0000 1.0000 -0.0000
vn -0.0000 -0.0000 1.0000
vn 1.0000 -0.0000 -0.0000
vn -0.0000 -0.0000 -1.0000
vn -1.0000 -0.0000 -0.0000
vt 0.390000 0.610000
vt 0.390000 0.390000
vt 0.610000 0.390000
vt 0.610000 0.610000
vt 0.390000 0.200000
vt 0.610000 0.200000
vt 0.610000 0.800000
vt 0.390000 0.800000
vt 0.200000 0.610000
vt 0.200000 0.390000
vt 0.800000 0.390000
vt 0.800000 0.610000
s 1
usemtl Wood
f 2743/4621/1436 2746/4622/1436 2745/4623/1436 2744/4624/1436
f 2750/4622/1437 2747/4621/1437 2748/4624/1437 2749/4623/1437
f 2743/4625/1438 2744/4626/1438 2748/4627/1438 2747/4628/1438
f 2744/4629/1439 2745/4630/1439 2749/4631/1439 2748/4632/1439
f 2745/4626/1440 2746/4625/1440 2750/4628/1440 2749/4627/1440
f 2746/4630/1441 2743/4629/1441 2747/4632/1441 2750/4631/1441
o Net_0
v 1.840500 -0.006000 -0.897000
v 1.838864 -0.006000 -0.909423
v 1.834069 -0.006000 -0.921000
v 1.826441 -0.006000 -0.930941
v 1.816500 -0.006000 -0.938569
v 1.804923 -0.006000 -0.943364
v 1.792500 -0.006000 -0.945000
v 1.780077 -0.006000 -0.943364
v 1.768500 -0.006000 -0.938569
v 1.758559 -0.006000 -0.930941
v 1.750931 -0.006000 -0.921000
v 1.746136 -0.006000 -0.909423
v 1.744500 -0.006000 -0.897000
v 1.746136 -0.006000 -0.884577
v 1.750931 -0.006000 -0.873000
v 1.758559 -0.006000 -0.863059
v 1.768500 -0.006000 -0.855431
v 1.780077 -0.006000 -0.850636
v 1.792500 -0.006000 -0.849000
v 1.804923 -0.006000 -0.850636
v 1.816500 -0.006000 -0.855431
v 1.826441 -0.006000 -0.863059
v 1.834069 -0.006000 -0.873000
v 1.838864 -0.006000 -0.884577
v 1.837000 -0.032000 -0.897000
v 1.835484 -0.032000 -0.908517
v 1.831038 -0.032000 -0.919250
v 1.823966 -0.032000 -0.928466
v 1.814750 -0.032000 -0.935538
v 1.804017 -0.032000 -0.939984
v 1.792500 -0.032000 -0.941500
v 1.780982 -0.032000 -0.939984
v 1.770250 -0.032000 -0.935538
v 1.761034 -0.032000 -0.928466
v 1.753962 -0.032000 -0.919250
v 1.749516 -0.032000 -0.908517
v 1.748000 -0.032000 -0.897000
v 1.749516 -0.032000 -0.885483
v 1.753962 -0.032000 -0.874750
v 1.761034 -0.032000 -0.865534
v 1.770250 -0.032000 -0.858462
v 1.780982 -0.032000 -0.854016
v 1.792500 -0.032000 -0.852500
v 1.804017 -0.032000 -0.854016
v 1.814750 -0.032000 -0.858462
v 1.823966 -0.032000 -0.865534
v 1.831038 -0.032000 -0.874750
v 1.835484 -0.032000 -0.885483
v 1.833500 -0.062000 -0.897000
v 1.832103 -0.062000 -0.907612
v 1.828007 -0.062000 -0.917500
v 1.821491 -0.062000 -0.925991
v 1.813000 -0.062000 -0.932507
v 1.803112 -0.062000 -0.936603
v 1.792500 -0.062000 -0.938000
v 1.781888 -0.062000 -0.936603
v 1.772000 -0.062000 -0.932507
v 1.763509 -0.062000 -0.925991
v 1.756993 -0.062000 -0.917500
v 1.752897 -0.062000 -0.907612
v 1.751500 -0.062000 -0.897000
v 1.752897 -0.062000 -0.886388
v 1.756993 -0.062000 -0.876500
v 1.763509 -0.062000 -0.868009
v 1.772000 -0.062000 -0.861493
v 1.781888 -0.062000 -0.857397
v 1.792500 -0.062000 -0.856000
v 1.803112 -0.062000 -0.857397
v 1.813000 -0.062000 -0.861493
v 1.821491 -0.062000 -0.868009
v 1.828007 -0.062000 -0.876500
v 1.832103 -0.062000 -0.886388
v 1.821000 -0.086000 -0.897000
v 1.820029 -0.086000 -0.904376
v 1.817182 -0.086000 -0.911250
v 1.812653 -0.086000 -0.917153
v 1.806750 -0.086000 -0.921682
v 1.799876 -0.086000 -0.924529
v 1.792500 -0.086000 -0.925500
v 1.785124 -0.086000 -0.924529
v 1.778250 -0.086000 -0.921682
v 1.772347 -0.086000 -0.917153
v 1.767818 -0.086000 -0.911250
v 1.764971 -0.086000 -0.904376
v 1.764000 -0.086000 -0.897000
v 1.764971 -0.086000 -0.889624
v 1.767818 -0.086000 -0.882750
v 1.772347 -0.086000 -0.876847
v 1.778250 -0.086000 -0.872318
v 1.785124 -0.086000 -0.869471
v 1.792500 -0.086000 -0.868500
v 1.799876 -0.086000 -0.869471
v 1.806750 -0.086000 -0.872318
v 1.812653 -0.086000 -0.876847
v 1.817182 -0.086000 -0.882750
v 1.820029 -0.086000 -0.889624
v 1.808500 -0.108000 -0.897000
v 1.807955 -0.108000 -0.901141
v 1.806356 -0.108000 -0.905000
v 1.803814 -0.108000 -0.908314
v 1.800500 -0.108000 -0.910856
v 1.796641 -0.108000 -0.912455
v 1.792500 -0.108000 -0.913000
v 1.788359 -0.108000 -0.912455
v 1.784500 -0.108000 -0.910856
v 1.781186 -0.108000 -0.908314
v 1.778644 -0.108000 -0.905000
v 1.777045 -0.108000 -0.901141
v 1.776500 -0.108000 -0.897000
v 1.777045 -0.108000 -0.892859
v 1.778644 -0.108000 -0.889000
v 1.781186 -0.108000 -0.885686
v 1.784500 -0.108000 -0.883144
v 1.788359 -0.108000 -0.881545
v 1.792500 -0.108000 -0.881000
v 1.796641 -0.108000 -0.881545
v 1.800500 -0.108000 -0.883144
v 1.803814 -0.108000 -0.885686
v 1.806356 -0.108000 -0.889000
v 1.807955 -0.108000 -0.892859
v 1.792500 -0.108000 -0.897000
vn 0.9827 -0.1323 -0.1294
vn 0.9158 -0.1323 -0.3793
vn 0.7864 -0.1323 -0.6034
vn 0.6034 -0.1323 -0.7864
vn 0.3793 -0.1323 -0.9158
vn 0.1294 -0.1323 -0.9827
vn -0.1294 -0.1323 -0.9827
vn -0.3793 -0.1323 -0.9158
vn -0.6034 -0.1323 -0.7864
vn -0.7864 -0.1323 -0.6034
vn -0.9158 -0.1323 -0.3793
vn -0.9827 -0.1323 -0.1294
vn -0.9827 -0.1323 0.1294
vn -0.9158 -0.1323 0.3793
vn -0.7864 -0.1323 0.6034
vn -0.6034 -0.1323 0.7864
vn -0.3793 -0.1323 0.9158
vn -0.1294 -0.1323 0.9827
vn 0.1294 -0.1323 0.9827
vn 0.3793 -0.1323 0.9158
vn 0.6034 -0.1323 0.7864
vn 0.7864 -0.1323 0.6034
vn 0.9158 -0.1323 0.3793
vn 0.9827 -0.1323 0.1294
vn 0.9849 -0.1149 -0.1296
vn 0.9178 -0.1149 -0.3802
vn 0.7881 -0.1149 -0.6048
vn 0.6048 -0.1149 -0.7881
vn 0.3802 -0.1149 -0.9178
vn 0.1296 -0.1149 -0.9849
vn -0.1296 -0.1149 -0.9849
vn -0.3802 -0.1149 -0.9177
vn -0.6048 -0.1149 -0.7881
vn -0.7881 -0.1149 -0.6048
vn -0.9178 -0.1149 -0.3802
vn -0.9849 -0.1149 -0.1296
vn -0.9849 -0.1149 0.1296
vn -0.9178 -0.1149 0.3802
vn -0.7881 -0.1149 0.6048
vn -0.6048 -0.1149 0.7881
vn -0.3802 -0.1149 0.9177
vn -0.1296 -0.1149 0.9849
vn 0.1296 -0.1149 0.9849
vn 0.3802 -0.1149 0.9178
vn 0.6048 -0.1149 0.7881
vn 0.7881 -0.1149 0.6048
vn 0.9178 -0.1149 0.3802
vn 0.9849 -0.1149 0.1296
vn 0.8809 -0.4588 -0.1160
vn 0.8209 -0.4588 -0.3400
vn 0.7049 -0.4588 -0.5409
vn 0.5409 -0.4588 -0.7049
vn 0.3400 -0.4588 -0.8209
vn 0.1160 -0.4588 -0.8809
vn -0.1160 -0.4588 -0.8809
vn -0.3400 -0.4588 -0.8209
vn -0.5409 -0.4588 -0.7049
vn -0.7049 -0.4588 -0.5409
vn -0.8209 -0.4588 -0.3400
vn -0.8809 -0.4588 -0.1160
vn -0.8809 -0.4588 0.1160
vn -0.8209 -0.4588 0.3400
vn -0.7049 -0.4588 0.5409
vn -0.5409 -0.4588 0.7049
vn -0.3400 -0.4588 0.8209
vn -0.1160 -0.4588 0.8809
vn 0.1160 -0.4588 0.8809
vn 0.3400 -0.4588 0.8209
vn 0.5409 -0.4588 0.7049
vn 0.7049 -0.4588 0.5409
vn 0.8209 -0.4588 0.3400
vn 0.8809 -0.4588 0.1160
vn 0.8638 -0.4908 -0.1137
vn 0.8049 -0.4908 -0.3334
vn 0.6913 -0.4908 -0.5303
vn 0.5303 -0.4908 -0.6913
vn 0.3334 -0.4908 -0.8049
vn 0.1137 -0.4908 -0.8638
vn -0.1137 -0.4908 -0.8638
vn -0.3334 -0.4908 -0.8049
vn -0.5303 -0.4908 -0.6913
vn -0.6913 -0.4908 -0.5303
vn -0.8049 -0.4908 -0.3334
vn -0.8638 -0.4908 -0.1137
vn -0.8638 -0.4908 0.1137
vn -0.8049 -0.4908 0.3334
vn -0.6913 -0.4908 0.5303
vn -0.5303 -0.4908 0.6913
vn -0.3334 -0.4908 0.8049
vn -0.1137 -0.4908 0.8638
vn 0.1137 -0.4908 0.8638
vn 0.3334 -0.4908 0.8049
vn 0.5303 -0.4908 0.6913
vn 0.6913 -0.4908 0.5303
vn 0.8049 -0.4908 0.3334
vn 0.8638 -0.4908 0.1137
vn -0.0000 -1.0000 -0.0000
vt 0.551000 0.500000
vt 0.525000 0.500000
vt 0.525000 0.488483
vt 0.551000 0.487577
vt 0.525000 0.477750
vt 0.551000 0.476000
vt 0.525000 0.468534
vt 0.551000 0.466059
vt 0.533941 0.551000
vt 0.531466 0.525000
vt 0.522250 0.525000
vt 0.524000 0.551000
vt 0.511517 0.525000
vt 0.512423 0.551000
vt 0.500000 0.525000
vt 0.500000 0.551000
vt 0.488482 0.525000
vt 0.487577 0.551000
vt 0.477750 0.525000
vt 0.476000 0.551000
vt 0.468534 0.525000
vt 0.466059 0.551000
vt 0.525000 0.511517
vt 0.551000 0.512423
vt 0.525000 0.522250
vt 0.551000 0.524000
vt 0.525000 0.531466
vt 0.551000 0.533941
vt 0.495000 0.500000
vt 0.495000 0.489388
vt 0.495000 0.479500
vt 0.495000 0.471009
vt 0.528991 0.495000
vt 0.520500 0.495000
vt 0.510612 0.495000
vt 0.500000 0.495000
vt 0.489388 0.495000
vt 0.479500 0.495000
vt 0.471009 0.495000
vt 0.495000 0.510612
vt 0.495000 0.520500
vt 0.495000 0.528991
vt 0.471000 0.500000
vt 0.471000 0.492624
vt 0.471000 0.485750
vt 0.471000 0.479847
vt 0.520153 0.471000
vt 0.514250 0.471000
vt 0.507376 0.471000
vt 0.500000 0.471000
vt 0.492624 0.471000
vt 0.485750 0.471000
vt 0.479847 0.471000
vt 0.471000 0.507376
vt 0.471000 0.514250
vt 0.471000 0.520153
vt 0.449000 0.500000
vt 0.449000 0.495859
vt 0.449000 0.492000
vt 0.449000 0.488686
vt 0.511314 0.449000
vt 0.508000 0.449000
vt 0.504141 0.449000
vt 0.500000 0.449000
vt 0.495859 0.449000
vt 0.492000 0.449000
vt 0.488686 0.449000
vt 0.449000 0.504141
vt 0.449000 0.508000
vt 0.449000 0.511314
vt 0.500000 0.500000
vt 0.515455 0.495859
vt 0.516000 0.500000
vt 0.513856 0.492000
vt 0.511314 0.488686
vt 0.508000 0.486144
vt 0.504141 0.484545
vt 0.500000 0.484000
vt 0.495859 0.484545
vt 0.492000 0.486144
vt 0.488686 0.488686
vt 0.486144 0.492000
vt 0.484545 0.495859
vt 0.484000 0.500000
vt 0.484545 0.504141
vt 0.486144 0.508000
vt 0.488686 0.511314
vt 0.492000 0.513856
vt 0.495859 0.515455
vt 0.500000 0.516000
vt 0.504141 0.515455
vt 0.508000 0.513856
vt 0.511314 0.511314
vt 0.513856 0.508000
vt 0.515455 0.504141
s 1
usemtl Net
f 2751/4633/1442 2775/4634/1442 2776/4635/1442 2752/4636/1442
f 2752/4636/1443 2776/4635/1443 2777/4637/1443 2753/4638/1443
f 2753/4638/1444 2777/4637/1444 2778/4639/1444 2754/4640/1444
f 2754/4641/1445 2778/4642/1445 2779/4643/1445 2755/4644/1445
f 2755/4644/1446 2779/4643/1446 2780/4645/1446 2756/4646/1446
f 2756/4646/1447 2780/4645/1447 2781/4647/1447 2757/4648/1447
f 2757/4648/1448 2781/4647/1448 2782/4649/1448 2758/4650/1448
f 2758/4650/1449 2782/4649/1449 2783/4651/1449 2759/4652/1449
f 2759/4652/1450 2783/4651/1450 2784/4653/1450 2760/4654/1450
f 2760/4640/1451 2784/4639/1451 2785/4637/1451 2761/4638/1451
f 2761/4638/1452 2785/4637/1452 2786/4635/1452 2762/4636/1452
f 2762/4636/1453 2786/4635/1453 2787/4634/1453 2763/4633/1453
f 2763/4633/1454 2787/4634/1454 2788/4655/1454 2764/4656/1454
f 2764/4656/1455 2788/4655/1455 2789/4657/1455 2765/4658/1455
f 2765/4658/1456 2789/4657/1456 2790/4659/1456 2766/4660/1456
f 2766/4654/1457 2790/4653/1457 2791/4651/1457 2767/4652/1457
f 2767/4652/1458 2791/4651/1458 2792/4649/1458 2768/4650/1458
f 2768/4650/1459 2792/4649/1459 2793/4647/1459 2769/4648/1459
f 2769/4648/1460 2793/4647/1460 2794/4645/1460 2770/4646/1460
f 2770/4646/1461 2794/4645/1461 2795/4643/1461 2771/4644/1461
f 2771/4644/1462 2795/4643/1462 2796/4642/1462 2772/4641/1462
f 2772/4660/1463 2796/4659/1463 2797/4657/1463 2773/4658/1463
f 2773/4658/1464 2797/4657/1464 2798/4655/1464 2774/4656/1464
f 2774/4656/1465 2798/4655/1465 2775/4634/1465 2751/4633/1465
f 2775/4634/1466 2799/4661/1466 2800/4662/1466 2776/4635/1466
f 2776/4635/1467 2800/4662/1467 2801/4663/1467 2777/4637/1467
f 2777/4637/1468 2801/4663/1468 2802/4664/1468 2778/4639/1468
f 2778/4642/1469 2802/4665/1469 2803/4666/1469 2779/4643/1469
f 2779/4643/1470 2803/4666/1470 2804/4667/1470 2780/4645/1470
f 2780/4645/1471 2804/4667/1471 2805/4668/1471 2781/4647/1471
f 2781/4647/1472 2805/4668/1472 2806/4669/1472 2782/4649/1472
f 2782/4649/1473 2806/4669/1473 2807/4670/1473 2783/4651/1473
f 2783/4651/1474 2807/4670/1474 2808/4671/1474 2784/4653/1474
f 2784/4639/1475 2808/4664/1475 2809/4663/1475 2785/4637/1475
f 2785/4637/1476 2809/4663/1476 2810/4662/1476 2786/4635/1476
f 2786/4635/1477 2810/4662/1477 2811/4661/1477 2787/4634/1477
f 2787/4634/1478 2811/4661/1478 2812/4672/1478 2788/4655/1478
f 2788/4655/1479 2812/4672/1479 2813/4673/1479 2789/4657/1479
f 2789/4657/1480 2813/4673/1480 2814/4674/1480 2790/4659/1480
f 2790/4653/1481 2814/4671/1481 2815/4670/1481 2791/4651/1481
f 2791/4651/1482 2815/4670/1482 2816/4669/1482 2792/4649/1482
f 2792/4649/1483 2816/4669/1483 2817/4668/1483 2793/4647/1483
f 2793/4647/1484 2817/4668/1484 2818/4667/1484 2794/4645/1484
f 2794/4645/1485 2818/4667/1485 2819/4666/1485 2795/4643/1485
f 2795/4643/1486 2819/4666/1486 2820/4665/1486 2796/4642/1486
f 2796/4659/1487 2820/4674/1487 2821/4673/1487 2797/4657/1487
f 2797/4657/1488 2821/4673/1488 2822/4672/1488 2798/4655/1488
f 2798/4655/1489 2822/4672/1489 2799/4661/1489 2775/4634/1489
f 2799/4661/1490 2823/4675/1490 2824/4676/1490 2800/4662/1490
f 2800/4662/1491 2824/4676/1491 2825/4677/1491 2801/4663/1491
f 2801/4663/1492 2825/4677/1492 2826/4678/1492 2802/4664/1492
f 2802/4665/1493 2826/4679/1493 2827/4680/1493 2803/4666/1493
f 2803/4666/1494 2827/4680/1494 2828/4681/1494 2804/4667/1494
f 2804/4667/1495 2828/4681/1495 2829/4682/1495 2805/4668/1495
f 2805/4668/1496 2829/4682/1496 2830/4683/1496 2806/4669/1496
f 2806/4669/1497 2830/4683/1497 2831/4684/1497 2807/4670/1497
f 2807/4670/1498 2831/4684/1498 2832/4685/1498 2808/4671/1498
f 2808/4664/1499 2832/4678/1499 2833/4677/1499 2809/4663/1499
f 2809/4663/1500 2833/4677/1500 2834/4676/1500 2810/4662/1500
f 2810/4662/1501 2834/4676/1501 2835/4675/1501 2811/4661/1501
f 2811/4661/1502 2835/4675/1502 2836/4686/1502 2812/4672/1502
f 2812/4672/1503 2836/4686/1503 2837/4687/1503 2813/4673/1503
f 2813/4673/1504 2837/4687/1504 2838/4688/1504 2814/4674/1504
f 2814/4671/1505 2838/4685/1505 2839/4684/1505 2815/4670/1505
f 2815/4670/1506 2839/4684/1506 2840/4683/1506 2816/4669/1506
f 2816/4669/1507 2840/4683/1507 2841/4682/1507 2817/4668/1507
f 2817/4668/1508 2841/4682/1508 2842/4681/1508 2818/4667/1508
f 2818/4667/1509 2842/4681/1509 2843/4680/1509 2819/4666/1509
f 2819/4666/1510 2843/4680/1510 2844/4679/1510 2820/4665/1510
f 2820/4674/1511 2844/4688/1511 2845/4687/1511 2821/4673/1511
f 2821/4673/1512 2845/4687/1512 2846/4686/1512 2822/4672/1512
f 2822/4672/1513 2846/4686/1513 2823/4675/1513 2799/4661/1513
f 2823/4675/1514 2847/4689/1514 2848/4690/1514 2824/4676/1514
f 2824/4676/1515 2848/4690/1515 2849/4691/1515 2825/4677/1515
f 2825/4677/1516 2849/4691/1516 2850/4692/1516 2826/4678/1516
f 2826/4679/1517 2850/4693/1517 2851/4694/1517 2827/4680/1517
f 2827/4680/1518 2851/4694/1518 2852/4695/1518 2828/4681/1518
f 2828/4681/1519 2852/4695/1519 2853/4696/1519 2829/4682/1519
f 2829/4682/1520 2853/4696/1520 2854/4697/1520 2830/4683/1520
f 2830/4683/1521 2854/4697/1521 2855/4698/1521 2831/4684/1521
f 2831/4684/1522 2855/4698/1522 2856/4699/1522 2832/4685/1522
f 2832/4678/1523 2856/4692/1523 2857/4691/1523 2833/4677/1523
f 2833/4677/1524 2857/4691/1524 2858/4690/1524 2834/4676/1524
f 2834/4676/1525 2858/4690/1525 2859/4689/1525 2835/4675/1525
f 2835/4675/1526 2859/4689/1526 2860/4700/1526 2836/4686/1526
f 2836/4686/1527 2860/4700/1527 2861/4701/1527 2837/4687/1527
f 2837/4687/1528 2861/4701/1528 2862/4702/1528 2838/4688/1528
f 2838/4685/1529 2862/4699/1529 2863/4698/1529 2839/4684/1529
f 2839/4684/1530 2863/4698/1530 2864/4697/1530 2840/4683/1530
f 2840/4683/1531 2864/4697/1531 2865/4696/1531 2841/4682/1531
f 2841/4682/1532 2865/4696/1532 2866/4695/1532 2842/4681/1532
f 2842/4681/1533 2866/4695/1533 2867/4694/1533 2843/4680/1533
f 2843/4680/1534 2867/4694/1534 2868/4693/1534 2844/4679/1534
f 2844/4688/1535 2868/4702/1535 2869/4701/1535 2845/4687/1535
f 2845/4687/1536 2869/4701/1536 2870/4700/1536 2846/4686/1536
f 2846/4686/1537 2870/4700/1537 2847/4689/1537 2823/4675/1537
f 2871/4703/1538 2848/4704/1538 2847/4705/1538
f 2871/4703/1538 2849/4706/1538 2848/4704/1538
f 2871/4703/1538 2850/4707/1538 2849/4706/1538
f 2871/4703/1538 2851/4708/1538 2850/4707/1538
f 2871/4703/1538 2852/4709/1538 2851/4708/1538
f 2871/4703/1538 2853/4710/1538 2852/4709/1538
f 2871/4703/1538 2854/4711/1538 2853/4710/1538
f 2871/4703/1538 2855/4712/1538 2854/4711/1538
f 2871/4703/1538 2856/4713/1538 2855/4712/1538
f 2871/4703/1538 2857/4714/1538 2856/4713/1538
f 2871/4703/1538 2858/4715/1538 2857/4714/1538
f 2871/4703/1538 2859/4716/1538 2858/4715/1538
f 2871/4703/1538 2860/4717/1538 2859/4716/1538
f 2871/4703/1538 2861/4718/1538 2860/4717/1538
f 2871/4703/1538 2862/4719/1538 2861/4718/1538
f 2871/4703/1538 2863/4720/1538 2862/4719/1538
f 2871/4703/1538 2864/4721/1538 2863/4720/1538
f 2871/4703/1538 2865/4722/1538 2864/4721/1538
f 2871/4703/1538 2866/4723/1538 2865/4722/1538
f 2871/4703/1538 2867/4724/1538 2866/4723/1538
f 2871/4703/1538 2868/4725/1538 2867/4724/1538
f 2871/4703/1538 2869/4726/1538 2868/4725/1538
f 2871/4703/1538 2870/4727/1538 2869/4726/1538
f 2871/4703/1538 2847/4705/1538 2870/4727/1538
o Net_1
v 1.840500 -0.006000 0.897000
v 1.838864 -0.006000 0.884577
v 1.834069 -0.006000 0.873000
v 1.826441 -0.006000 0.863059
v 1.816500 -0.006000 0.855431
v 1.804923 -0.006000 0.850636
v 1.792500 -0.006000 0.849000
v 1.780077 -0.006000 0.850636
v 1.768500 -0.006000 0.855431
v 1.758559 -0.006000 0.863059
v 1.750931 -0.006000 0.873000
v 1.746136 -0.006000 0.884577
v 1.744500 -0.006000 0.897000
v 1.746136 -0.006000 0.909423
v 1.750931 -0.006000 0.921000
v 1.758559 -0.006000 0.930941
v 1.768500 -0.006000 0.938569
v 1.780077 -0.006000 0.943364
v 1.792500 -0.006000 0.945000
v 1.804923 -0.006000 0.943364
v 1.816500 -0.006000 0.938569
v 1.826441 -0.006000 0.930941
v 1.834069 -0.006000 0.921000
v 1.838864 -0.006000 0.909423
v 1.837000 -0.032000 0.897000
v 1.835484 -0.032000 0.885483
v 1.831038 -0.032000 0.874750
v 1.823966 -0.032000 0.865534
v 1.814750 -0.032000 0.858462
v 1.804017 -0.032000 0.854016
v 1.792500 -0.032000 0.852500
v 1.780982 -0.032000 0.854016
v 1.770250 -0.032000 0.858462
v 1.761034 -0.032000 0.865534
v 1.753962 -0.032000 0.874750
v 1.749516 -0.032000 0.885483
v 1.748000 -0.032000 0.897000
v 1.749516 -0.032000 0.908517
v 1.753962 -0.032000 0.919250
v 1.761034 -0.032000 0.928466
v 1.770250 -0.032000 0.935538
v 1.780982 -0.032000 0.939984
v 1.792500 -0.032000 0.941500
v 1.804017 -0.032000 0.939984
v 1.814750 -0.032000 0.935538
v 1.823966 -0.032000 0.928466
v 1.831038 -0.032000 0.919250
v 1.835484 -0.032000 0.908517
v 1.833500 -0.062000 0.897000
v 1.832103 -0.062000 0.886388
v 1.828007 -0.062000 0.876500
v 1.821491 -0.062000 0.868009
v 1.813000 -0.062000 0.861493
v 1.803112 -0.062000 0.857397
v 1.792500 -0.062000 0.856000
v 1.781888 -0.062000 0.857397
v 1.772000 -0.062000 0.861493
v 1.763509 -0.062000 0.868009
v 1.756993 -0.062000 0.876500
v 1.752897 -0.062000 0.886388
v 1.751500 -0.062000 0.897000
v 1.752897 -0.062000 0.907612
v 1.756993 -0.062000 0.917500
v 1.763509 -0.062000 0.925991
v 1.772000 -0.062000 0.932507
v 1.781888 -0.062000 0.936603
v 1.792500 -0.062000 0.938000
v 1.803112 -0.062000 0.936603
v 1.813000 -0.062000 0.932507
v 1.821491 -0.062000 0.925991
v 1.828007 -0.062000 0.917500
v 1.832103 -0.062000 0.907612
v 1.821000 -0.086000 0.897000
v 1.820029 -0.086000 0.889624
v 1.817182 -0.086000 0.882750
v 1.812653 -0.086000 0.876847
v 1.806750 -0.086000 0.872318
v 1.799876 -0.086000 0.869471
v 1.792500 -0.086000 0.868500
v 1.785124 -0.086000 0.869471
v 1.778250 -0.086000 0.872318
v 1.772347 -0.086000 0.876847
v 1.767818 -0.086000 0.882750
v 1.764971 -0.086000 0.889624
v 1.764000 -0.086000 0.897000
v 1.764971 -0.086000 0.904376
v 1.767818 -0.086000 0.911250
v 1.772347 -0.086000 0.917153
v 1.778250 -0.086000 0.921682
v 1.785124 -0.086000 0.924529
v 1.792500 -0.086000 0.925500
v 1.799876 -0.086000 0.924529
v 1.806750 -0.086000 0.921682
v 1.812653 -0.086000 0.917153
v 1.817182 -0.086000 0.911250
v 1.820029 -0.086000 0.904376
v 1.808500 -0.108000 0.897000
v 1.807955 -0.108000 0.892859
v 1.806356 -0.108000 0.889000
v 1.803814 -0.108000 0.885686
v 1.800500 -0.108000 0.883144
v 1.796641 -0.108000 0.881545
v 1.792500 -0.108000 0.881000
v 1.788359 -0.108000 0.881545
v 1.784500 -0.108000 0.883144
v 1.781186 -0.108000 0.885686
v 1.778644 -0.108000 0.889000
v 1.777045 -0.108000 0.892859
v 1.776500 -0.108000 0.897000
v 1.777045 -0.108000 0.901141
v 1.778644 -0.108000 0.905000
v 1.781186 -0.108000 0.908314
v 1.784500 -0.108000 0.910856
v 1.788359 -0.108000 0.912455
v 1.792500 -0.108000 0.913000
v 1.796641 -0.108000 0.912455
v 1.800500 -0.108000 0.910856
v 1.803814 -0.108000 0.908314
v 1.806356 -0.108000 0.905000
v 1.807955 -0.108000 0.901141
v 1.792500 -0.108000 0.897000
vn 0.9827 -0.1323 -0.1294
vn 0.9158 -0.1323 -0.3793
vn 0.7864 -0.1323 -0.6034
vn 0.6034 -0.1323 -0.7864
vn 0.3793 -0.1323 -0.9158
vn 0.1294 -0.1323 -0.9827
vn -0.1294 -0.1323 -0.9827
vn -0.3793 -0.1323 -0.9158
vn -0.6034 -0.1323 -0.7864
vn -0.7864 -0.1323 -0.6034
vn -0.9158 -0.1323 -0.3793
vn -0.9827 -0.1323 -0.1294
vn -0.9827 -0.1323 0.1294
vn -0.9158 -0.1323 0.3793
vn -0.7864 -0.1323 0.6034
vn -0.6034 -0.1323 0.7864
vn -0.3793 -0.1323 0.9158
vn -0.1294 -0.1323 0.9827
vn 0.1294 -0.1323 0.9827
vn 0.3793 -0.1323 0.9158
vn 0.6034 -0.1323 0.7864
vn 0.7864 -0.1323 0.6034
vn 0.9158 -0.1323 0.3793
vn 0.9827 -0.1323 0.1294
vn 0.9849 -0.1149 -0.1296
vn 0.9178 -0.1149 -0.3802
vn 0.7881 -0.1149 -0.6048
vn 0.6047 -0.1149 -0.7881
vn 0.3802 -0.1149 -0.9178
vn 0.1296 -0.1149 -0.9849
vn -0.1296 -0.1149 -0.9849
vn -0.3802 -0.1149 -0.9177
vn -0.6048 -0.1149 -0.7881
vn -0.7881 -0.1149 -0.6048
vn -0.9178 -0.1149 -0.3802
vn -0.9849 -0.1149 -0.1296
vn -0.9849 -0.1149 0.1296
vn -0.9178 -0.1149 0.3802
vn -0.7881 -0.1149 0.6048
vn -0.6048 -0.1149 0.7881
vn -0.3802 -0.1149 0.9177
vn -0.1296 -0.1149 0.9849
vn 0.1296 -0.1149 0.9849
vn 0.3802 -0.1149 0.9178
vn 0.6048 -0.1149 0.7881
vn 0.7881 -0.1149 0.6048
vn 0.9178 -0.1149 0.3802
vn 0.9849 -0.1149 0.1296
vn 0.8809 -0.4588 -0.1160
vn 0.8209 -0.4588 -0.3400
vn 0.7049 -0.4588 -0.5409
vn 0.5409 -0.4588 -0.7049
vn 0.3400 -0.4588 -0.8209
vn 0.1160 -0.4588 -0.8809
vn -0.1160 -0.4588 -0.8809
vn -0.3400 -0.4588 -0.8209
vn -0.5409 -0.4588 -0.7049
vn -0.7049 -0.4588 -0.5409
vn -0.8209 -0.4588 -0.3400
vn -0.8809 -0.4588 -0.1160
vn -0.8809 -0.4588 0.1160
vn -0.8209 -0.4588 0.3400
vn -0.7049 -0.4588 0.5409
vn -0.5409 -0.4588 0.7049
vn -0.3400 -0.4588 0.8209
vn -0.1160 -0.4588 0.8809
vn 0.1160 -0.4588 0.8809
vn 0.3400 -0.4588 0.8209
vn 0.5409 -0.4588 0.7049
vn 0.7049 -0.4588 0.5409
vn 0.8209 -0.4588 0.3400
vn 0.8809 -0.4588 0.1160
vn 0.8638 -0.4908 -0.1137
vn 0.8049 -0.4908 -0.3334
vn 0.6913 -0.4908 -0.5303
vn 0.5303 -0.4908 -0.6913
vn 0.3334 -0.4908 -0.8049
vn 0.1137 -0.4908 -0.8638
vn -0.1137 -0.4908 -0.8638
vn -0.3334 -0.4908 -0.8049
vn -0.5303 -0.4908 -0.6913
vn -0.6913 -0.4908 -0.5303
vn -0.8049 -0.4908 -0.3334
vn -0.8638 -0.4908 -0.1137
vn -0.8638 -0.4908 0.1137
vn -0.8049 -0.4908 0.3334
vn -0.6913 -0.4908 0.5303
vn -0.5303 -0.4908 0.6913
vn -0.3334 -0.4908 0.8049
vn -0.1137 -0.4908 0.8638
vn 0.1137 -0.4908 0.8638
vn 0.3334 -0.4908 0.8049
vn 0.5303 -0.4908 0.6913
vn 0.6913 -0.4908 0.5303
vn 0.8049 -0.4908 0.3334
vn 0.8638 -0.4908 0.1137
vn -0.0000 -1.0000 -0.0000
vt 0.551000 0.500000
vt 0.525000 0.500000
vt 0.525000 0.488483
vt 0.551000 0.487577
vt 0.525000 0.477750
vt 0.551000 0.476000
vt 0.525000 0.468534
vt 0.551000 0.466059
vt 0.533941 0.551000
vt 0.531466 0.525000
vt 0.522250 0.525000
vt 0.524000 0.551000
vt 0.511517 0.525000
vt 0.512423 0.551000
vt 0.500000 0.525000
vt 0.500000 0.551000
vt 0.488482 0.525000
vt 0.487577 0.551000
vt 0.477750 0.525000
vt 0.476000 0.551000
vt 0.468534 0.525000
vt 0.466059 0.551000
vt 0.525000 0.511517
vt 0.551000 0.512423
vt 0.525000 0.522250
vt 0.551000 0.524000
vt 0.525000 0.531466
vt 0.551000 0.533941
vt 0.495000 0.500000
vt 0.495000 0.489388
vt 0.495000 0.479500
vt 0.495000 0.471009
vt 0.528991 0.495000
vt 0.520500 0.495000
vt 0.510612 0.495000
vt 0.500000 0.495000
vt 0.489388 0.495000
vt 0.479500 0.495000
vt 0.471009 0.495000
vt 0.495000 0.510612
vt 0.495000 0.520500
vt 0.495000 0.528991
vt 0.471000 0.500000
vt 0.471000 0.492624
vt 0.471000 0.485750
vt 0.471000 0.479847
vt 0.520153 0.471000
vt 0.514250 0.471000
vt 0.507376 0.471000
vt 0.500000 0.471000
vt 0.492624 0.471000
vt 0.485750 0.471000
vt 0.479847 0.471000
vt 0.471000 0.507376
vt 0.471000 0.514250
vt 0.471000 0.520153
vt 0.449000 0.500000
vt 0.449000 0.495859
vt 0.449000 0.492000
vt 0.449000 0.488686
vt 0.511314 0.449000
vt 0.508000 0.449000
vt 0.504141 0.449000
vt 0.500000 0.449000
vt 0.495859 0.449000
vt 0.492000 0.449000
vt 0.488686 0.449000
vt 0.449000 0.504141
vt 0.449000 0.508000
vt 0.449000 0.511314
vt 0.500000 0.500000
vt 0.515455 0.495859
vt 0.516000 0.500000
vt 0.513856 0.492000
vt 0.511314 0.488686
vt 0.508000 0.486144
vt 0.504141 0.484545
vt 0.500000 0.484000
vt 0.495859 0.484545
vt 0.492000 0.486144
vt 0.488686 0.488686
vt 0.486144 0.492000
vt 0.484545 0.495859
vt 0.484000 0.500000
vt 0.484545 0.504141
vt 0.486144 0.508000
vt 0.488686 0.511314
vt 0.492000 0.513856
vt 0.495859 0.515455
vt 0.500000 0.516000
vt 0.504141 0.515455
vt 0.508000 0.513856
vt 0.511314 0.511314
vt 0.513856 0.508000
vt 0.515455 0.504141
s 1
usemtl Net
f 2872/4728/1539 2896/4729/1539 2897/4730/1539 2873/4731/1539
f 2873/4731/1540 2897/4730/1540 2898/4732/1540 2874/4733/1540
f 2874/4733/1541 2898/4732/1541 2899/4734/1541 2875/4735/1541
f 2875/4736/1542 2899/4737/1542 2900/4738/1542 2876/4739/1542
f 2876/4739/1543 2900/4738/1543 2901/4740/1543 2877/4741/1543
f 2877/4741/1544 2901/4740/1544 2902/4742/1544 2878/4743/1544
f 2878/4743/1545 2902/4742/1545 2903/4744/1545 2879/4745/1545
f 2879/4745/1546 2903/4744/1546 2904/4746/1546 2880/4747/1546
f 2880/4747/1547 2904/4746/1547 2905/4748/1547 2881/4749/1547
f 2881/4735/1548 2905/4734/1548 2906/4732/1548 2882/4733/1548
f 2882/4733/1549 2906/4732/1549 2907/4730/1549 2883/4731/1549
f 2883/4731/1550 2907/4730/1550 2908/4729/1550 2884/4728/1550
f 2884/4728/1551 2908/4729/1551 2909/4750/1551 2885/4751/1551
f 2885/4751/1552 2909/4750/1552 2910/4752/1552 2886/4753/1552
f 2886/4753/1553 2910/4752/1553 2911/4754/1553 2887/4755/1553
f 2887/4749/1554 2911/4748/1554 2912/4746/1554 2888/4747/1554
f 2888/4747/1555 2912/4746/1555 2913/4744/1555 2889/4745/1555
f 2889/4745/1556 2913/4744/1556 2914/4742/1556 2890/4743/1556
f 2890/4743/1557 2914/4742/1557 2915/4740/1557 2891/4741/1557
f 2891/4741/1558 2915/4740/1558 2916/4738/1558 2892/4739/1558
f 2892/4739/1559 2916/4738/1559 2917/4737/1559 2893/4736/1559
f 2893/4755/1560 2917/4754/1560 2918/4752/1560 2894/4753/1560
f 2894/4753/1561 2918/4752/1561 2919/4750/1561 2895/4751/1561
f 2895/4751/1562 2919/4750/1562 2896/4729/1562 2872/4728/1562
f 2896/4729/1563 2920/4756/1563 2921/4757/1563 2897/4730/1563
f 2897/4730/1564 2921/4757/1564 2922/4758/1564 2898/4732/1564
f 2898/4732/1565 2922/4758/1565 2923/4759/1565 2899/4734/1565
f 2899/4737/1566 2923/4760/1566 2924/4761/1566 2900/4738/1566
f 2900/4738/1567 2924/4761/1567 2925/4762/1567 2901/4740/1567
f 2901/4740/1568 2925/4762/1568 2926/4763/1568 2902/4742/1568
f 2902/4742/1569 2926/4763/1569 2927/4764/1569 2903/4744/1569
f 2903/4744/1570 2927/4764/1570 2928/4765/1570 2904/4746/1570
f 2904/4746/1571 2928/4765/1571 2929/4766/1571 2905/4748/1571
f 2905/4734/1572 2929/4759/1572 2930/4758/1572 2906/4732/1572
f 2906/4732/1573 2930/4758/1573 2931/4757/1573 2907/4730/1573
f 2907/4730/1574 2931/4757/1574 2932/4756/1574 2908/4729/1574
f 2908/4729/1575 2932/4756/1575 2933/4767/1575 2909/4750/1575
f 2909/4750/1576 2933/4767/1576 2934/4768/1576 2910/4752/1576
f 2910/4752/1577 2934/4768/1577 2935/4769/1577 2911/4754/1577
f 2911/4748/1578 2935/4766/1578 2936/4765/1578 2912/4746/1578
f 2912/4746/1579 2936/4765/1579 2937/4764/1579 2913/4744/1579
f 2913/4744/1580 2937/4764/1580 2938/4763/1580 2914/4742/1580
f 2914/4742/1581 2938/4763/1581 2939/4762/1581 2915/4740/1581
f 2915/4740/1582 2939/4762/1582 2940/4761/1582 2916/4738/1582
f 2916/4738/1583 2940/4761/1583 2941/4760/1583 2917/4737/1583
f 2917/4754/1584 2941/4769/1584 2942/4768/1584 2918/4752/1584
f 2918/4752/1585 2942/4768/1585 2943/4767/1585 2919/4750/1585
f 2919/4750/1586 2943/4767/1586 2920/4756/1586 2896/4729/1586
f 2920/4756/1587 2944/4770/1587 2945/4771/1587 2921/4757/1587
f 2921/4757/1588 2945/4771/1588 2946/4772/1588 2922/4758/1588
f 2922/4758/1589 2946/4772/1589 2947/4773/1589 2923/4759/1589
f 2923/4760/1590 2947/4774/1590 2948/4775/1590 2924/4761/1590
f 2924/4761/1591 2948/4775/1591 2949/4776/1591 2925/4762/1591
f 2925/4762/1592 2949/4776/1592 2950/4777/1592 2926/4763/1592
f 2926/4763/1593 2950/4777/1593 2951/4778/1593 2927/4764/1593
f 2927/4764/1594 2951/4778/1594 2952/4779/1594 2928/4765/1594
f 2928/4765/1595 2952/4779/1595 2953/4780/1595 2929/4766/1595
f 2929/4759/1596 2953/4773/1596 2954/4772/1596 2930/4758/1596
f 2930/4758/1597 2954/4772/1597 2955/4771/1597 2931/4757/1597
f 2931/4757/1598 2955/4771/1598 2956/4770/1598 2932/4756/1598
f 2932/4756/1599 2956/4770/1599 2957/4781/1599 2933/4767/1599
f 2933/4767/1600 2957/4781/1600 2958/4782/1600 2934/4768/1600
f 2934/4768/1601 2958/4782/1601 2959/4783/1601 2935/4769/1601
f 2935/4766/1602 2959/4780/1602 2960/4779/1602 2936/4765/1602
f 2936/4765/1603 2960/4779/1603 2961/4778/1603 2937/4764/1603
f 2937/4764/1604 2961/4778/1604 2962/4777/1604 2938/4763/1604
f 2938/4763/1605 2962/4777/1605 2963/4776/1605 2939/4762/1605
f 2939/4762/1606 2963/4776/1606 2964/4775/1606 2940/4761/1606
f 2940/4761/1607 2964/4775/1607 2965/4774/1607 2941/4760/1607
f 2941/4769/1608 2965/4783/1608 2966/4782/1608 2942/4768/1608
f 2942/4768/1609 2966/4782/1609 2967/4781/1609 2943/4767/1609
f 2943/4767/1610 2967/4781/1610 2944/4770/1610 2920/4756/1610
f 2944/4770/1611 2968/4784/1611 2969/4785/1611 2945/4771/1611
f 2945/4771/1612 2969/4785/1612 2970/4786/1612 2946/4772/1612
f 2946/4772/1613 2970/4786/1613 2971/4787/1613 2947/4773/1613
f 2947/4774/1614 2971/4788/1614 2972/4789/1614 2948/4775/1614
f 2948/4775/1615 2972/4789/1615 2973/4790/1615 2949/4776/1615
f 2949/4776/1616 2973/4790/1616 2974/4791/1616 2950/4777/1616
f 2950/4777/1617 2974/4791/1617 2975/4792/1617 2951/4778/1617
f 2951/4778/1618 2975/4792/1618 2976/4793/1618 2952/4779/1618
f 2952/4779/1619 2976/4793/1619 2977/4794/1619 2953/4780/1619
f 2953/4773/1620 2977/4787/1620 2978/4786/1620 2954/4772/1620
f 2954/4772/1621 2978/4786/1621 2979/4785/1621 2955/4771/1621
f 2955/4771/1622 2979/4785/1622 2980/4784/1622 2956/4770/1622
f 2956/4770/1623 2980/4784/1623 2981/4795/1623 2957/4781/1623
f 2957/4781/1624 2981/4795/1624 2982/4796/1624 2958/4782/1624
f 2958/4782/1625 2982/4796/1625 2983/4797/1625 2959/4783/1625
f 2959/4780/1626 2983/4794/1626 2984/4793/1626 2960/4779/1626
f 2960/4779/1627 2984/4793/1627 2985/4792/1627 2961/4778/1627
f 2961/4778/1628 2985/4792/1628 2986/4791/1628 2962/4777/1628
f 2962/4777/1629 2986/4791/1629 2987/4790/1629 2963/4776/1629
f 2963/4776/1630 2987/4790/1630 2988/4789/1630 2964/4775/1630
f 2964/4775/1631 2988/4789/1631 2989/4788/1631 2965/4774/1631
f 2965/4783/1632 2989/4797/1632 2990/4796/1632 2966/4782/1632
f 2966/4782/1633 2990/4796/1633 2991/4795/1633 2967/4781/1633
f 2967/4781/1634 2991/4795/1634 2968/4784/1634 2944/4770/1634
f 2992/4798/1635 2969/4799/1635 2968/4800/1635
f 2992/4798/1635 2970/4801/1635 2969/4799/1635
f 2992/4798/1635 2971/4802/1635 2970/4801/1635
f 2992/4798/1635 2972/4803/1635 2971/4802/1635
f 2992/4798/1635 2973/4804/1635 2972/4803/1635
f 2992/4798/1635 2974/4805/1635 2973/4804/1635
f 2992/4798/1635 2975/4806/1635 2974/4805/1635
f 2992/4798/1635 2976/4807/1635 2975/4806/1635
f 2992/4798/1635 2977/4808/1635 2976/4807/1635
f 2992/4798/1635 2978/4809/1635 2977/4808/1635
f 2992/4798/1635 2979/4810/1635 2978/4809/1635
f 2992/4798/1635 2980/4811/1635 2979/4810/1635
f 2992/4798/1635 2981/4812/1635 2980/4811/1635
f 2992/4798/1635 2982/4813/1635 2981/4812/1635
f 2992/4798/1635 2983/4814/1635 2982/4813/1635
f 2992/4798/1635 2984/4815/1635 2983/4814/1635
f 2992/4798/1635 2985/4816/1635 2984/4815/1635
f 2992/4798/1635 2986/4817/1635 2985/4816/1635
f 2992/4798/1635 2987/4818/1635 2986/4817/1635
f 2992/4798/1635 2988/4819/1635 2987/4818/1635
f 2992/4798/1635 2989/4820/1635 2988/4819/1635
f 2992/4798/1635 2990/4821/1635 2989/4820/1635
f 2992/4798/1635 2991/4822/1635 2990/4821/1635
f 2992/4798/1635 2968/4800/1635 2991/4822/1635
o Net_2
v -1.744500 -0.006000 -0.897000
v -1.746136 -0.006000 -0.909423
v -1.750931 -0.006000 -0.921000
v -1.758559 -0.006000 -0.930941
v -1.768500 -0.006000 -0.938569
v -1.780077 -0.006000 -0.943364
v -1.792500 -0.006000 -0.945000
v -1.804923 -0.006000 -0.943364
v -1.816500 -0.006000 -0.938569
v -1.826441 -0.006000 -0.930941
v -1.834069 -0.006000 -0.921000
v -1.838864 -0.006000 -0.909423
v -1.840500 -0.006000 -0.897000
v -1.838864 -0.006000 -0.884577
v -1.834069 -0.006000 -0.873000
v -1.826441 -0.006000 -0.863059
v -1.816500 -0.006000 -0.855431
v -1.804923 -0.006000 -0.850636
v -1.792500 -0.006000 -0.849000
v -1.780077 -0.006000 -0.850636
v -1.768500 -0.006000 -0.855431
v -1.758559 -0.006000 -0.863059
v -1.750931 -0.006000 -0.873000
v -1.746136 -0.006000 -0.884577
v -1.748000 -0.032000 -0.897000
v -1.749516 -0.032000 -0.908517
v -1.753962 -0.032000 -0.919250
v -1.761034 -0.032000 -0.928466
v -1.770250 -0.032000 -0.935538
v -1.780982 -0.032000 -0.939984
v -1.792500 -0.032000 -0.941500
v -1.804017 -0.032000 -0.939984
v -1.814750 -0.032000 -0.935538
v -1.823966 -0.032000 -0.928466
v -1.831038 -0.032000 -0.919250
v -1.835484 -0.032000 -0.908517
v -1.837000 -0.032000 -0.897000
v -1.835484 -0.032000 -0.885483
v -1.831038 -0.032000 -0.874750
v -1.823966 -0.032000 -0.865534
v -1.814750 -0.032000 -0.858462
v -1.804017 -0.032000 -0.854016
v -1.792500 -0.032000 -0.852500
v -1.780982 -0.032000 -0.854016
v -1.770250 -0.032000 -0.858462
v -1.761034 -0.032000 -0.865534
v -1.753962 -0.032000 -0.874750
v -1.749516 -0.032000 -0.885483
v -1.751500 -0.062000 -0.897000
v -1.752897 -0.062000 -0.907612
v -1.756993 -0.062000 -0.917500
v -1.763509 -0.062000 -0.925991
v -1.772000 -0.062000 -0.932507
v -1.781888 -0.062000 -0.936603
v -1.792500 -0.062000 -0.938000
v -1.803112 -0.062000 -0.936603
v -1.813000 -0.062000 -0.932507
v -1.821491 -0.062000 -0.925991
v -1.828007 -0.062000 -0.917500
v -1.832103 -0.062000 -0.907612
v -1.833500 -0.062000 -0.897000
v -1.832103 -0.062000 -0.886388
v -1.828007 -0.062000 -0.876500
v -1.821491 -0.062000 -0.868009
v -1.813000 -0.062000 -0.861493
v -1.803112 -0.062000 -0.857397
v -1.792500 -0.062000 -0.856000
v -1.781888 -0.062000 -0.857397
v -1.772000 -0.062000 -0.861493
v -1.763509 -0.062000 -0.868009
v -1.756993 -0.062000 -0.876500
v -1.752897 -0.062000 -0.886388
v -1.764000 -0.086000 -0.897000
v -1.764971 -0.086000 -0.904376
v -1.767818 -0.086000 -0.911250
v -1.772347 -0.086000 -0.917153
v -1.778250 -0.086000 -0.921682
v -1.785124 -0.086000 -0.924529
v -1.792500 -0.086000 -0.925500
v -1.799876 -0.086000 -0.924529
v -1.806750 -0.086000 -0.921682
v -1.812653 -0.086000 -0.917153
v -1.817182 -0.086000 -0.911250
v -1.820029 -0.086000 -0.904376
v -1.821000 -0.086000 -0.897000
v -1.820029 -0.086000 -0.889624
v -1.817182 -0.086000 -0.882750
v -1.812653 -0.086000 -0.876847
v -1.806750 -0.086000 -0.872318
v -1.799876 -0.086000 -0.869471
v -1.792500 -0.086000 -0.868500
v -1.785124 -0.086000 -0.869471
v -1.778250 -0.086000 -0.872318
v -1.772347 -0.086000 -0.876847
v -1.767818 -0.086000 -0.882750
v -1.764971 -0.086000 -0.889624
v -1.776500 -0.108000 -0.897000
v -1.777045 -0.108000 -0.901141
v -1.778644 -0.108000 -0.905000
v -1.781186 -0.108000 -0.908314
v -1.784500 -0.108000 -0.910856
v -1.788359 -0.108000 -0.912455
v -1.792500 -0.108000 -0.913000
v -1.796641 -0.108000 -0.912455
v -1.800500 -0.108000 -0.910856
v -1.803814 -0.108000 -0.908314
v -1.806356 -0.108000 -0.905000
v -1.807955 -0.108000 -0.901141
v -1.808500 -0.108000 -0.897000
v -1.807955 -0.108000 -0.892859
v -1.806356 -0.108000 -0.889000
v -1.803814 -0.108000 -0.885686
v -1.800500 -0.108000 -0.883144
v -1.796641 -0.108000 -0.881545
v -1.792500 -0.108000 -0.881000
v -1.788359 -0.108000 -0.881545
v -1.784500 -0.108000 -0.883144
v -1.781186 -0.108000 -0.885686
v -1.778644 -0.108000 -0.889000
v -1.777045 -0.108000 -0.892859
v -1.792500 -0.108000 -0.897000
vn 0.9827 -0.1323 -0.1294
vn 0.9158 -0.1323 -0.3793
vn 0.7864 -0.1323 -0.6034
vn 0.6034 -0.1323 -0.7864
vn 0.3793 -0.1323 -0.9158
vn 0.1294 -0.1323 -0.9827
vn -0.1294 -0.1323 -0.9827
vn -0.3793 -0.1323 -0.9158
vn -0.6034 -0.1323 -0.7864
vn -0.7864 -0.1323 -0.6034
vn -0.9158 -0.1323 -0.3793
vn -0.9827 -0.1323 -0.1294
vn -0.9827 -0.1323 0.1294
vn -0.9158 -0.1323 0.3793
vn -0.7864 -0.1323 0.6034
vn -0.6034 -0.1323 0.7864
vn -0.3793 -0.1323 0.9158
vn -0.1294 -0.1323 0.9827
vn 0.1294 -0.1323 0.9827
vn 0.3793 -0.1323 0.9158
vn 0.6034 -0.1323 0.7864
vn 0.7864 -0.1323 0.6034
vn 0.9158 -0.1323 0.3793
vn 0.9827 -0.1323 0.1294
vn 0.9849 -0.1149 -0.1296
vn 0.9178 -0.1149 -0.3802
vn 0.7881 -0.1149 -0.6048
vn 0.6048 -0.1149 -0.7881
vn 0.3802 -0.1149 -0.9177
vn 0.1296 -0.1149 -0.9849
vn -0.1296 -0.1149 -0.9849
vn -0.3802 -0.1149 -0.9178
vn -0.6048 -0.1149 -0.7881
vn -0.7881 -0.1149 -0.6048
vn -0.9178 -0.1149 -0.3802
vn -0.9849 -0.1149 -0.1296
vn -0.9849 -0.1149 0.1296
vn -0.9178 -0.1149 0.3802
vn -0.7881 -0.1149 0.6048
vn -0.6048 -0.1149 0.7881
vn -0.3802 -0.1149 0.9178
vn -0.1296 -0.1149 0.9849
vn 0.1296 -0.1149 0.9849
vn 0.3802 -0.1149 0.9177
vn 0.6048 -0.1149 0.7881
vn 0.7881 -0.1149 0.6048
vn 0.9178 -0.1149 0.3802
vn 0.9849 -0.1149 0.1296
vn 0.8809 -0.4588 -0.1160
vn 0.8209 -0.4588 -0.3400
vn 0.7049 -0.4588 -0.5409
vn 0.5409 -0.4588 -0.7049
vn 0.3400 -0.4588 -0.8209
vn 0.1160 -0.4588 -0.8809
vn -0.1160 -0.4588 -0.8809
vn -0.3400 -0.4588 -0.8209
vn -0.5409 -0.4588 -0.7049
vn -0.7049 -0.4588 -0.5409
vn -0.8209 -0.4588 -0.3400
vn -0.8809 -0.4588 -0.1160
vn -0.8809 -0.4588 0.1160
vn -0.8209 -0.4588 0.3400
vn -0.7049 -0.4588 0.5409
vn -0.5409 -0.4588 0.7049
vn -0.3400 -0.4588 0.8209
vn -0.1160 -0.4588 0.8809
vn 0.1160 -0.4588 0.8809
vn 0.3400 -0.4588 0.8209
vn 0.5409 -0.4588 0.7049
vn 0.7049 -0.4588 0.5409
vn 0.8209 -0.4588 0.3400
vn 0.8809 -0.4588 0.1160
vn 0.8638 -0.4908 -0.1137
vn 0.8049 -0.4908 -0.3334
vn 0.6913 -0.4908 -0.5303
vn 0.5303 -0.4908 -0.6913
vn 0.3334 -0.4908 -0.8049
vn 0.1137 -0.4908 -0.8638
vn -0.1137 -0.4908 -0.8638
vn -0.3334 -0.4908 -0.8049
vn -0.5303 -0.4908 -0.6913
vn -0.6913 -0.4908 -0.5303
vn -0.8049 -0.4908 -0.3334
vn -0.8638 -0.4908 -0.1137
vn -0.8638 -0.4908 0.1137
vn -0.8049 -0.4908 0.3334
vn -0.6913 -0.4908 0.5303
vn -0.5303 -0.4908 0.6913
vn -0.3334 -0.4908 0.8049
vn -0.1137 -0.4908 0.8638
vn 0.1137 -0.4908 0.8638
vn 0.3334 -0.4908 0.8049
vn 0.5303 -0.4908 0.6913
vn 0.6913 -0.4908 0.5303
vn 0.8049 -0.4908 0.3334
vn 0.8638 -0.4908 0.1137
vn -0.0000 -1.0000 -0.0000
vt 0.551000 0.500000
vt 0.525000 0.500000
vt 0.525000 0.488483
vt 0.551000 0.487577
vt 0.525000 0.477750
vt 0.551000 0.476000
vt 0.525000 0.468534
vt 0.551000 0.466059
vt 0.533941 0.551000
vt 0.531466 0.525000
vt 0.522250 0.525000
vt 0.524000 0.551000
vt 0.511518 0.525000
vt 0.512423 0.551000
vt 0.500000 0.525000
vt 0.500000 0.551000
vt 0.488483 0.525000
vt 0.487577 0.551000
vt 0.477750 0.525000
vt 0.476000 0.551000
vt 0.468534 0.525000
vt 0.466059 0.551000
vt 0.525000 0.511517
vt 0.551000 0.512423
vt 0.525000 0.522250
vt 0.551000 0.524000
vt 0.525000 0.531466
vt 0.551000 0.533941
vt 0.495000 0.500000
vt 0.495000 0.489388
vt 0.495000 0.479500
vt 0.495000 0.471009
vt 0.528991 0.495000
vt 0.520500 0.495000
vt 0.510612 0.495000
vt 0.500000 0.495000
vt 0.489388 0.495000
vt 0.479500 0.495000
vt 0.471009 0.495000
vt 0.495000 0.510612
vt 0.495000 0.520500
vt 0.495000 0.528991
vt 0.471000 0.500000
vt 0.471000 0.492624
vt 0.471000 0.485750
vt 0.471000 0.479847
vt 0.520153 0.471000
vt 0.514250 0.471000
vt 0.507376 0.471000
vt 0.500000 0.471000
vt 0.492624 0.471000
vt 0.485750 0.471000
vt 0.479847 0.471000
vt 0.471000 0.507376
vt 0.471000 0.514250
vt 0.471000 0.520153
vt 0.449000 0.500000
vt 0.449000 0.495859
vt 0.449000 0.492000
vt 0.449000 0.488686
vt 0.511314 0.449000
vt 0.508000 0.449000
vt 0.504141 0.449000
vt 0.500000 0.449000
vt 0.495859 0.449000
vt 0.492000 0.449000
vt 0.488686 0.449000
vt 0.449000 0.504141
vt 0.449000 0.508000
vt 0.449000 0.511314
vt 0.500000 0.500000
vt 0.515455 0.495859
vt 0.516000 0.500000
vt 0.513856 0.492000
vt 0.511314 0.488686
vt 0.508000 0.486144
vt 0.504141 0.484545
vt 0.500000 0.484000
vt 0.495859 0.484545
vt 0.492000 0.486144
vt 0.488686 0.488686
vt 0.486144 0.492000
vt 0.484545 0.495859
vt 0.484000 0.500000
vt 0.484545 0.504141
vt 0.486144 0.508000
vt 0.488686 0.511314
vt 0.492000 0.513856
vt 0.495859 0.515455
vt 0.500000 0.516000
vt 0.504141 0.515455
vt 0.508000 0.513856
vt 0.511314 0.511314
vt 0.513856 0.508000
vt 0.515455 0.504141
s 1
usemtl Net
f 2993/4823/1636 3017/4824/1636 3018/4825/1636 2994/4826/1636
f 2994/4826/1637 3018/4825/1637 3019/4827/1637 2995/4828/1637
f 2995/4828/1638 3019/4827/1638 3020/4829/1638 2996/4830/1638
f 2996/4831/1639 3020/4832/1639 3021/4833/1639 2997/4834/1639
f 2997/4834/1640 3021/4833/1640 3022/4835/1640 2998/4836/1640
f 2998/4836/1641 3022/4835/1641 3023/4837/1641 2999/4838/1641
f 2999/4838/1642 3023/4837/1642 3024/4839/1642 3000/4840/1642
f 3000/4840/1643 3024/4839/1643 3025/4841/1643 3001/4842/1643
f 3001/4842/1644 3025/4841/1644 3026/4843/1644 3002/4844/1644
f 3002/4830/1645 3026/4829/1645 3027/4827/1645 3003/4828/1645
f 3003/4828/1646 3027/4827/1646 3028/4825/1646 3004/4826/1646
f 3004/4826/1647 3028/4825/1647 3029/4824/1647 3005/4823/1647
f 3005/4823/1648 3029/4824/1648 3030/4845/1648 3006/4846/1648
f 3006/4846/1649 3030/4845/1649 3031/4847/1649 3007/4848/1649
f 3007/4848/1650 3031/4847/1650 3032/4849/1650 3008/4850/1650
f 3008/4844/1651 3032/4843/1651 3033/4841/1651 3009/4842/1651
f 3009/4842/1652 3033/4841/1652 3034/4839/1652 3010/4840/1652
f 3010/4840/1653 3034/4839/1653 3035/4837/1653 3011/4838/1653
f 3011/4838/1654 3035/4837/1654 3036/4835/1654 3012/4836/1654
f 3012/4836/1655 3036/4835/1655 3037/4833/1655 3013/4834/1655
f 3013/4834/1656 3037/4833/1656 3038/4832/1656 3014/4831/1656
f 3014/4850/1657 3038/4849/1657 3039/4847/1657 3015/4848/1657
f 3015/4848/1658 3039/4847/1658 3040/4845/1658 3016/4846/1658
f 3016/4846/1659 3040/4845/1659 3017/4824/1659 2993/4823/1659
f 3017/4824/1660 3041/4851/1660 3042/4852/1660 3018/4825/1660
f 3018/4825/1661 3042/4852/1661 3043/4853/1661 3019/4827/1661
f 3019/4827/1662 3043/4853/1662 3044/4854/1662 3020/4829/1662
f 3020/4832/1663 3044/4855/1663 3045/4856/1663 3021/4833/1663
f 3021/4833/1664 3045/4856/1664 3046/4857/1664 3022/4835/1664
f 3022/4835/1665 3046/4857/1665 3047/4858/1665 3023/4837/1665
f 3023/4837/1666 3047/4858/1666 3048/4859/1666 3024/4839/1666
f 3024/4839/1667 3048/4859/1667 3049/4860/1667 3025/4841/1667
f 3025/4841/1668 3049/4860/1668 3050/4861/1668 3026/4843/1668
f 3026/4829/1669 3050/4854/1669 3051/4853/1669 3027/4827/1669
f 3027/4827/1670 3051/4853/1670 3052/4852/1670 3028/4825/1670
f 3028/4825/1671 3052/4852/1671 3053/4851/1671 3029/4824/1671
f 3029/4824/1672 3053/4851/1672 3054/4862/1672 3030/4845/1672
f 3030/4845/1673 3054/4862/1673 3055/4863/1673 3031/4847/1673
f 3031/4847/1674 3055/4863/1674 3056/4864/1674 3032/4849/1674
f 3032/4843/1675 3056/4861/1675 3057/4860/1675 3033/4841/1675
f 3033/4841/1676 3057/4860/1676 3058/4859/1676 3034/4839/1676
f 3034/4839/1677 3058/4859/1677 3059/4858/1677 3035/4837/1677
f 3035/4837/1678 3059/4858/1678 3060/4857/1678 3036/4835/1678
f 3036/4835/1679 3060/4857/1679 3061/4856/1679 3037/4833/1679
f 3037/4833/1680 3061/4856/1680 3062/4855/1680 3038/4832/1680
f 3038/4849/1681 3062/4864/1681 3063/4863/1681 3039/4847/1681
f 3039/4847/1682 3063/4863/1682 3064/4862/1682 3040/4845/1682
f 3040/4845/1683 3064/4862/1683 3041/4851/1683 3017/4824/1683
f 3041/4851/1684 3065/4865/1684 3066/4866/1684 3042/4852/1684
f 3042/4852/1685 3066/4866/1685 3067/4867/1685 3043/4853/1685
f 3043/4853/1686 3067/4867/1686 3068/4868/1686 3044/4854/1686
f 3044/4855/1687 3068/4869/1687 3069/4870/1687 3045/4856/1687
f 3045/4856/1688 3069/4870/1688 3070/4871/1688 3046/4857/1688
f 3046/4857/1689 3070/4871/1689 3071/4872/1689 3047/4858/1689
f 3047/4858/1690 3071/4872/1690 3072/4873/1690 3048/4859/1690
f 3048/4859/1691 3072/4873/1691 3073/4874/1691 3049/4860/1691
f 3049/4860/1692 3073/4874/1692 3074/4875/1692 3050/4861/1692
f 3050/4854/1693 3074/4868/1693 3075/4867/1693 3051/4853/1693
f 3051/4853/1694 3075/4867/1694 3076/4866/1694 3052/4852/1694
f 3052/4852/1695 3076/4866/1695 3077/4865/1695 3053/4851/1695
f 3053/4851/1696 3077/4865/1696 3078/4876/1696 3054/4862/1696
f 3054/4862/1697 3078/4876/1697 3079/4877/1697 3055/4863/1697
f 3055/4863/1698 3079/4877/1698 3080/4878/1698 3056/4864/1698
f 3056/4861/1699 3080/4875/1699 3081/4874/1699 3057/4860/1699
f 3057/4860/1700 3081/4874/1700 3082/4873/1700 3058/4859/1700
f 3058/4859/1701 3082/4873/1701 3083/4872/1701 3059/4858/1701
f 3059/4858/1702 3083/4872/1702 3084/4871/1702 3060/4857/1702
f 3060/4857/1703 3084/4871/1703 3085/4870/1703 3061/4856/1703
f 3061/4856/1704 3085/4870/1704 3086/4869/1704 3062/4855/1704
f 3062/4864/1705 3086/4878/1705 3087/4877/1705 3063/4863/1705
f 3063/4863/1706 3087/4877/1706 3088/4876/1706 3064/4862/1706
f 3064/4862/1707 3088/4876/1707 3065/4865/1707 3041/4851/1707
f 3065/4865/1708 3089/4879/1708 3090/4880/1708 3066/4866/1708
f 3066/4866/1709 3090/4880/1709 3091/4881/1709 3067/4867/1709
f 3067/4867/1710 3091/4881/1710 3092/4882/1710 3068/4868/1710
f 3068/4869/1711 3092/4883/1711 3093/4884/1711 3069/4870/1711
f 3069/4870/1712 3093/4884/1712 3094/4885/1712 3070/4871/1712
f 3070/4871/1713 3094/4885/1713 3095/4886/1713 3071/4872/1713
f 3071/4872/1714 3095/4886/1714 3096/4887/1714 3072/4873/1714
f 3072/4873/1715 3096/4887/1715 3097/4888/1715 3073/4874/1715
f 3073/4874/1716 3097/4888/1716 3098/4889/1716 3074/4875/1716
f 3074/4868/1717 3098/4882/1717 3099/4881/1717 3075/4867/1717
f 3075/4867/1718 3099/4881/1718 3100/4880/1718 3076/4866/1718
f 3076/4866/1719 3100/4880/1719 3101/4879/1719 3077/4865/1719
f 3077/4865/1720 3101/4879/1720 3102/4890/1720 3078/4876/1720
f 3078/4876/1721 3102/4890/1721 3103/4891/1721 3079/4877/1721
f 3079/4877/1722 3103/4891/1722 3104/4892/1722 3080/4878/1722
f 3080/4875/1723 3104/4889/1723 3105/4888/1723 3081/4874/1723
f 3081/4874/1724 3105/4888/1724 3106/4887/1724 3082/4873/1724
f 3082/4873/1725 3106/4887/1725 3107/4886/1725 3083/4872/1725
f 3083/4872/1726 3107/4886/1726 3108/4885/1726 3084/4871/1726
f 3084/4871/1727 3108/4885/1727 3109/4884/1727 3085/4870/1727
f 3085/4870/1728 3109/4884/1728 3110/4883/1728 3086/4869/1728
f 3086/4878/1729 3110/4892/1729 3111/4891/1729 3087/4877/1729
f 3087/4877/1730 3111/4891/1730 3112/4890/1730 3088/4876/1730
f 3088/4876/1731 3112/4890/1731 3089/4879/1731 3065/4865/1731
f 3113/4893/1732 3090/4894/1732 3089/4895/1732
f 3113/4893/1732 3091/4896/1732 3090/4894/1732
f 3113/4893/1732 3092/4897/1732 3091/4896/1732
f 3113/4893/1732 3093/4898/1732 3092/4897/1732
f 3113/4893/1732 3094/4899/1732 3093/4898/1732
f 3113/4893/1732 3095/4900/1732 3094/4899/1732
f 3113/4893/1732 3096/4901/1732 3095/4900/1732
f 3113/4893/1732 3097/4902/1732 3096/4901/1732
f 3113/4893/1732 3098/4903/1732 3097/4902/1732
f 3113/4893/1732 3099/4904/1732 3098/4903/1732
f 3113/4893/1732 3100/4905/1732 3099/4904/1732
f 3113/4893/1732 3101/4906/1732 3100/4905/1732
f 3113/4893/1732 3102/4907/1732 3101/4906/1732
f 3113/4893/1732 3103/4908/1732 3102/4907/1732
f 3113/4893/1732 3104/4909/1732 3103/4908/1732
f 3113/4893/1732 3105/4910/1732 3104/4909/1732
f 3113/4893/1732 3106/4911/1732 3105/4910/1732
f 3113/4893/1732 3107/4912/1732 3106/4911/1732
f 3113/4893/1732 3108/4913/1732 3107/4912/1732
f 3113/4893/1732 3109/4914/1732 3108/4913/1732
f 3113/4893/1732 3110/4915/1732 3109/4914/1732
f 3113/4893/1732 3111/4916/1732 3110/4915/1732
f 3113/4893/1732 3112/4917/1732 3111/4916/1732
f 3113/4893/1732 3089/4895/1732 3112/4917/1732
o Net_3
v -1.744500 -0.006000 0.897000
v -1.746136 -0.006000 0.884577
v -1.750931 -0.006000 0.873000
v -1.758559 -0.006000 0.863059
v -1.768500 -0.006000 0.855431
v -1.780077 -0.006000 0.850636
v -1.792500 -0.006000 0.849000
v -1.804923 -0.006000 0.850636
v -1.816500 -0.006000 0.855431
v -1.826441 -0.006000 0.863059
v -1.834069 -0.006000 0.873000
v -1.838864 -0.006000 0.884577
v -1.840500 -0.006000 0.897000
v -1.838864 -0.006000 0.909423
v -1.834069 -0.006000 0.921000
v -1.826441 -0.006000 0.930941
v -1.816500 -0.006000 0.938569
v -1.804923 -0.006000 0.943364
v -1.792500 -0.006000 0.945000
v -1.780077 -0.006000 0.943364
v -1.768500 -0.006000 0.938569
v -1.758559 -0.006000 0.930941
v -1.750931 -0.006000 0.921000
v -1.746136 -0.006000 0.909423
v -1.748000 -0.032000 0.897000
v -1.749516 -0.032000 0.885483
v -1.753962 -0.032000 0.874750
v -1.761034 -0.032000 0.865534
v -1.770250 -0.032000 0.858462
v -1.780982 -0.032000 0.854016
v -1.792500 -0.032000 0.852500
v -1.804017 -0.032000 0.854016
v -1.814750 -0.032000 0.858462
v -1.823966 -0.032000 0.865534
v -1.831038 -0.032000 0.874750
v -1.835484 -0.032000 0.885483
v -1.837000 -0.032000 0.897000
v -1.835484 -0.032000 0.908517
v -1.831038 -0.032000 0.919250
v -1.823966 -0.032000 0.928466
v -1.814750 -0.032000 0.935538
v -1.804017 -0.032000 0.939984
v -1.792500 -0.032000 0.941500
v -1.780982 -0.032000 0.939984
v -1.770250 -0.032000 0.935538
v -1.761034 -0.032000 0.928466
v -1.753962 -0.032000 0.919250
v -1.749516 -0.032000 0.908517
v -1.751500 -0.062000 0.897000
v -1.752897 -0.062000 0.886388
v -1.756993 -0.062000 0.876500
v -1.763509 -0.062000 0.868009
v -1.772000 -0.062000 0.861493
v -1.781888 -0.062000 0.857397
v -1.792500 -0.062000 0.856000
v -1.803112 -0.062000 0.857397
v -1.813000 -0.062000 0.861493
v -1.821491 -0.062000 0.868009
v -1.828007 -0.062000 0.876500
v -1.832103 -0.062000 0.886388
v -1.833500 -0.062000 0.897000
v -1.832103 -0.062000 0.907612
v -1.828007 -0.062000 0.917500
v -1.821491 -0.062000 0.925991
v -1.813000 -0.062000 0.932507
v -1.803112 -0.062000 0.936603
v -1.792500 -0.062000 0.938000
v -1.781888 -0.062000 0.936603
v -1.772000 -0.062000 0.932507
v -1.763509 -0.062000 0.925991
v -1.756993 -0.062000 0.917500
v -1.752897 -0.062000 0.907612
v -1.764000 -0.086000 0.897000
v -1.764971 -0.086000 0.889624
v -1.767818 -0.086000 0.882750
v -1.772347 -0.086000 0.876847
v -1.778250 -0.086000 0.872318
v -1.785124 -0.086000 0.869471
v -1.792500 -0.086000 0.868500
v -1.799876 -0.086000 0.869471
v -1.806750 -0.086000 0.872318
v -1.812653 -0.086000 0.876847
v -1.817182 -0.086000 0.882750
v -1.820029 -0.086000 0.889624
v -1.821000 -0.086000 0.897000
v -1.820029 -0.086000 0.904376
v -1.817182 -0.086000 0.911250
v -1.812653 -0.086000 0.917153
v -1.806750 -0.086000 0.921682
v -1.799876 -0.086000 0.924529
v -1.792500 -0.086000 0.925500
v -1.785124 -0.086000 0.924529
v -1.778250 -0.086000 0.921682
v -1.772347 -0.086000 0.917153
v -1.767818 -0.086000 0.911250
v -1.764971 -0.086000 0.904376
v -1.776500 -0.108000 0.897000
v -1.777045 -0.108000 0.892859
v -1.778644 -0.108000 0.889000
v -1.781186 -0.108000 0.885686
v -1.784500 -0.108000 0.883144
v -1.788359 -0.108000 0.881545
v -1.792500 -0.108000 0.881000
v -1.796641 -0.108000 0.881545
v -1.800500 -0.108000 0.883144
v -1.803814 -0.108000 0.885686
v -1.806356 -0.108000 0.889000
v -1.807955 -0.108000 0.892859
v -1.808500 -0.108000 0.897000
v -1.807955 -0.108000 0.901141
v -1.806356 -0.108000 0.905000
v -1.803814 -0.108000 0.908314
v -1.800500 -0.108000 0.910856
v -1.796641 -0.108000 0.912455
v -1.792500 -0.108000 0.913000
v -1.788359 -0.108000 0.912455
v -1.784500 -0.108000 0.910856
v -1.781186 -0.108000 0.908314
v -1.778644 -0.108000 0.905000
v -1.777045 -0.108000 0.901141
v -1.792500 -0.108000 0.897000
vn 0.9827 -0.1323 -0.1294
vn 0.9158 -0.1323 -0.3793
vn 0.7864 -0.1323 -0.6034
vn 0.6034 -0.1323 -0.7864
vn 0.3793 -0.1323 -0.9158
vn 0.1294 -0.1323 -0.9827
vn -0.1294 -0.1323 -0.9827
vn -0.3793 -0.1323 -0.9158
vn -0.6034 -0.1323 -0.7864
vn -0.7864 -0.1323 -0.6034
vn -0.9158 -0.1323 -0.3793
vn -0.9827 -0.1323 -0.1294
vn -0.9827 -0.1323 0.1294
vn -0.9158 -0.1323 0.3793
vn -0.7864 -0.1323 0.6034
vn -0.6034 -0.1323 0.7864
vn -0.3793 -0.1323 0.9158
vn -0.1294 -0.1323 0.9827
vn 0.1294 -0.1323 0.9827
vn 0.3793 -0.1323 0.9158
vn 0.6034 -0.1323 0.7864
vn 0.7864 -0.1323 0.6034
vn 0.9158 -0.1323 0.3793
vn 0.9827 -0.1323 0.1294
vn 0.9849 -0.1149 -0.1296
vn 0.9178 -0.1149 -0.3802
vn 0.7881 -0.1149 -0.6048
vn 0.6048 -0.1149 -0.7881
vn 0.3802 -0.1149 -0.9177
vn 0.1296 -0.1149 -0.9849
vn -0.1296 -0.1149 -0.9849
vn -0.3802 -0.1149 -0.9178
vn -0.6048 -0.1149 -0.7881
vn -0.7881 -0.1149 -0.6048
vn -0.9178 -0.1149 -0.3802
vn -0.9849 -0.1149 -0.1296
vn -0.9849 -0.1149 0.1296
vn -0.9178 -0.1149 0.3802
vn -0.7881 -0.1149 0.6048
vn -0.6048 -0.1149 0.7881
vn -0.3802 -0.1149 0.9178
vn -0.1296 -0.1149 0.9849
vn 0.1296 -0.1149 0.9849
vn 0.3802 -0.1149 0.9177
vn 0.6048 -0.1149 0.7881
vn 0.7881 -0.1149 0.6048
vn 0.9178 -0.1149 0.3802
vn 0.9849 -0.1149 0.1296
vn 0.8809 -0.4588 -0.1160
vn 0.8209 -0.4588 -0.3400
vn 0.7049 -0.4588 -0.5409
vn 0.5409 -0.4588 -0.7049
vn 0.3400 -0.4588 -0.8209
vn 0.1160 -0.4588 -0.8809
vn -0.1160 -0.4588 -0.8809
vn -0.3400 -0.4588 -0.8209
vn -0.5409 -0.4588 -0.7049
vn -0.7049 -0.4588 -0.5409
vn -0.8209 -0.4588 -0.3400
vn -0.8809 -0.4588 -0.1160
vn -0.8809 -0.4588 0.1160
vn -0.8209 -0.4588 0.3400
vn -0.7049 -0.4588 0.5409
vn -0.5409 -0.4588 0.7049
vn -0.3400 -0.4588 0.8209
vn -0.1160 -0.4588 0.8809
vn 0.1160 -0.4588 0.8809
vn 0.3400 -0.4588 0.8209
vn 0.5409 -0.4588 0.7049
vn 0.7049 -0.4588 0.5409
vn 0.8209 -0.4588 0.3400
vn 0.8809 -0.4588 0.1160
vn 0.8638 -0.4908 -0.1137
vn 0.8049 -0.4908 -0.3334
vn 0.6913 -0.4908 -0.5303
vn 0.5303 -0.4908 -0.6913
vn 0.3334 -0.4908 -0.8049
vn 0.1137 -0.4908 -0.8638
vn -0.1137 -0.4908 -0.8638
vn -0.3334 -0.4908 -0.8049
vn -0.5303 -0.4908 -0.6913
vn -0.6913 -0.4908 -0.5303
vn -0.8049 -0.4908 -0.3334
vn -0.8638 -0.4908 -0.1137
vn -0.8638 -0.4908 0.1137
vn -0.8049 -0.4908 0.3334
vn -0.6913 -0.4908 0.5303
vn -0.5303 -0.4908 0.6913
vn -0.3334 -0.4908 0.8049
vn -0.1137 -0.4908 0.8638
vn 0.1137 -0.4908 0.8638
vn 0.3334 -0.4908 0.8049
vn 0.5303 -0.4908 0.6913
vn 0.6913 -0.4908 0.5303
vn 0.8049 -0.4908 0.3334
vn 0.8638 -0.4908 0.1137
vn -0.0000 -1.0000 -0.0000
vt 0.551000 0.500000
vt 0.525000 0.500000
vt 0.525000 0.488483
vt 0.551000 0.487577
vt 0.525000 0.477750
vt 0.551000 0.476000
vt 0.525000 0.468534
vt 0.551000 0.466059
vt 0.533941 0.551000
vt 0.531466 0.525000
vt 0.522250 0.525000
vt 0.524000 0.551000
vt 0.511518 0.525000
vt 0.512423 0.551000
vt 0.500000 0.525000
vt 0.500000 0.551000
vt 0.488483 0.525000
vt 0.487577 0.551000
vt 0.477750 0.525000
vt 0.476000 0.551000
vt 0.468534 0.525000
vt 0.466059 0.551000
vt 0.525000 0.511517
vt 0.551000 0.512423
vt 0.525000 0.522250
vt 0.551000 0.524000
vt 0.525000 0.531466
vt 0.551000 0.533941
vt 0.495000 0.500000
vt 0.495000 0.489388
vt 0.495000 0.479500
vt 0.495000 0.471009
vt 0.528991 0.495000
vt 0.520500 0.495000
vt 0.510612 0.495000
vt 0.500000 0.495000
vt 0.489388 0.495000
vt 0.479500 0.495000
vt 0.471009 0.495000
vt 0.495000 0.510612
vt 0.495000 0.520500
vt 0.495000 0.528991
vt 0.471000 0.500000
vt 0.471000 0.492624
vt 0.471000 0.485750
vt 0.471000 0.479847
vt 0.520153 0.471000
vt 0.514250 0.471000
vt 0.507376 0.471000
vt 0.500000 0.471000
vt 0.492624 0.471000
vt 0.485750 0.471000
vt 0.479847 0.471000
vt 0.471000 0.507376
vt 0.471000 0.514250
vt 0.471000 0.520153
vt 0.449000 0.500000
vt 0.449000 0.495859
vt 0.449000 0.492000
vt 0.449000 0.488686
vt 0.511314 0.449000
vt 0.508000 0.449000
vt 0.504141 0.449000
vt 0.500000 0.449000
vt 0.495859 0.449000
vt 0.492000 0.449000
vt 0.488686 0.449000
vt 0.449000 0.504141
vt 0.449000 0.508000
vt 0.449000 0.511314
vt 0.500000 0.500000
vt 0.515455 0.495859
vt 0.516000 0.500000
vt 0.513856 0.492000
vt 0.511314 0.488686
vt 0.508000 0.486144
vt 0.504141 0.484545
vt 0.500000 0.484000
vt 0.495859 0.484545
vt 0.492000 0.486144
vt 0.488686 0.488686
vt 0.486144 0.492000
vt 0.484545 0.495859
vt 0.484000 0.500000
vt 0.484545 0.504141
vt 0.486144 0.508000
vt 0.488686 0.511314
vt 0.492000 0.513856
vt 0.495859 0.515455
vt 0.500000 0.516000
vt 0.504141 0.515455
vt 0.508000 0.513856
vt 0.511314 0.511314
vt 0.513856 0.508000
vt 0.515455 0.504141
s 1
usemtl Net
f 3114/4918/1733 3138/4919/1733 3139/4920/1733 3115/4921/1733
f 3115/4921/1734 3139/4920/1734 3140/4922/1734 3116/4923/1734
f 3116/4923/1735 3140/4922/1735 3141/4924/1735 3117/4925/1735
f 3117/4926/1736 3141/4927/1736 3142/4928/1736 3118/4929/1736
f 3118/4929/1737 3142/4928/1737 3143/4930/1737 3119/4931/1737
f 3119/4931/1738 3143/4930/1738 3144/4932/1738 3120/4933/1738
f 3120/4933/1739 3144/4932/1739 3145/4934/1739 3121/4935/1739
f 3121/4935/1740 3145/4934/1740 3146/4936/1740 3122/4937/1740
f 3122/4937/1741 3146/4936/1741 3147/4938/1741 3123/4939/1741
f 3123/4925/1742 3147/4924/1742 3148/4922/1742 3124/4923/1742
f 3124/4923/1743 3148/4922/1743 3149/4920/1743 3125/4921/1743
f 3125/4921/1744 3149/4920/1744 3150/4919/1744 3126/4918/1744
f 3126/4918/1745 3150/4919/1745 3151/4940/1745 3127/4941/1745
f 3127/4941/1746 3151/4940/1746 3152/4942/1746 3128/4943/1746
f 3128/4943/1747 3152/4942/1747 3153/4944/1747 3129/4945/1747
f 3129/4939/1748 3153/4938/1748 3154/4936/1748 3130/4937/1748
f 3130/4937/1749 3154/4936/1749 3155/4934/1749 3131/4935/1749
f 3131/4935/1750 3155/4934/1750 3156/4932/1750 3132/4933/1750
f 3132/4933/1751 3156/4932/1751 3157/4930/1751 3133/4931/1751
f 3133/4931/1752 3157/4930/1752 3158/4928/1752 3134/4929/1752
f 3134/4929/1753 3158/4928/1753 3159/4927/1753 3135/4926/1753
f 3135/4945/1754 3159/4944/1754 3160/4942/1754 3136/4943/1754
f 3136/4943/1755 3160/4942/1755 3161/4940/1755 3137/4941/1755
f 3137/4941/1756 3161/4940/1756 3138/4919/1756 3114/4918/1756
f 3138/4919/1757 3162/4946/1757 3163/4947/1757 3139/4920/1757
f 3139/4920/1758 3163/4947/1758 3164/4948/1758 3140/4922/1758
f 3140/4922/1759 3164/4948/1759 3165/4949/1759 3141/4924/1759
f 3141/4927/1760 3165/4950/1760 3166/4951/1760 3142/4928/1760
f 3142/4928/1761 3166/4951/1761 3167/4952/1761 3143/4930/1761
f 3143/4930/1762 3167/4952/1762 3168/4953/1762 3144/4932/1762
f 3144/4932/1763 3168/4953/1763 3169/4954/1763 3145/4934/1763
f 3145/4934/1764 3169/4954/1764 3170/4955/1764 3146/4936/1764
f 3146/4936/1765 3170/4955/1765 3171/4956/1765 3147/4938/1765
f 3147/4924/1766 3171/4949/1766 3172/4948/1766 3148/4922/1766
f 3148/4922/1767 3172/4948/1767 3173/4947/1767 3149/4920/1767
f 3149/4920/1768 3173/4947/1768 3174/4946/1768 3150/4919/1768
f 3150/4919/1769 3174/4946/1769 3175/4957/1769 3151/4940/1769
f 3151/4940/1770 3175/4957/1770 3176/4958/1770 3152/4942/1770
f 3152/4942/1771 3176/4958/1771 3177/4959/1771 3153/4944/1771
f 3153/4938/1772 3177/4956/1772 3178/4955/1772 3154/4936/1772
f 3154/4936/1773 3178/4955/1773 3179/4954/1773 3155/4934/1773
f 3155/4934/1774 3179/4954/1774 3180/4953/1774 3156/4932/1774
f 3156/4932/1775 3180/4953/1775 3181/4952/1775 3157/4930/1775
f 3157/4930/1776 3181/4952/1776 3182/4951/1776 3158/4928/1776
f 3158/4928/1777 3182/4951/1777 3183/4950/1777 3159/4927/1777
f 3159/4944/1778 3183/4959/1778 3184/4958/1778 3160/4942/1778
f 3160/4942/1779 3184/4958/1779 3185/4957/1779 3161/4940/1779
f 3161/4940/1780 3185/4957/1780 3162/4946/1780 3138/4919/1780
f 3162/4946/1781 3186/4960/1781 3187/4961/1781 3163/4947/1781
f 3163/4947/1782 3187/4961/1782 3188/4962/1782 3164/4948/1782
f 3164/4948/1783 3188/4962/1783 3189/4963/1783 3165/4949/1783
f 3165/4950/1784 3189/4964/1784 3190/4965/1784 3166/4951/1784
f 3166/4951/1785 3190/4965/1785 3191/4966/1785 3167/4952/1785
f 3167/4952/1786 3191/4966/1786 3192/4967/1786 3168/4953/1786
f 3168/4953/1787 3192/4967/1787 3193/4968/1787 3169/4954/1787
f 3169/4954/1788 3193/4968/1788 3194/4969/1788 3170/4955/1788
f 3170/4955/1789 3194/4969/1789 3195/4970/1789 3171/4956/1789
f 3171/4949/1790 3195/4963/1790 3196/4962/1790 3172/4948/1790
f 3172/4948/1791 3196/4962/1791 3197/4961/1791 3173/4947/1791
f 3173/4947/1792 3197/4961/1792 3198/4960/1792 3174/4946/1792
f 3174/4946/1793 3198/4960/1793 3199/4971/1793 3175/4957/1793
f 3175/4957/1794 3199/4971/1794 3200/4972/1794 3176/4958/1794
f 3176/4958/1795 3200/4972/1795 3201/4973/1795 3177/4959/1795
f 3177/4956/1796 3201/4970/1796 3202/4969/1796 3178/4955/1796
f 3178/4955/1797 3202/4969/1797 3203/4968/1797 3179/4954/1797
f 3179/4954/1798 3203/4968/1798 3204/4967/1798 3180/4953/1798
f 3180/4953/1799 3204/4967/1799 3205/4966/1799 3181/4952/1799
f 3181/4952/1800 3205/4966/1800 3206/4965/1800 3182/4951/1800
f 3182/4951/1801 3206/4965/1801 3207/4964/1801 3183/4950/1801
f 3183/4959/1802 3207/4973/1802 3208/4972/1802 3184/4958/1802
f 3184/4958/1803 3208/4972/1803 3209/4971/1803 3185/4957/1803
f 3185/4957/1804 3209/4971/1804 3186/4960/1804 3162/4946/1804
f 3186/4960/1805 3210/4974/1805 3211/4975/1805 3187/4961/1805
f 3187/4961/1806 3211/4975/1806 3212/4976/1806 3188/4962/1806
f 3188/4962/1807 3212/4976/1807 3213/4977/1807 3189/4963/1807
f 3189/4964/1808 3213/4978/1808 3214/4979/1808 3190/4965/1808
f 3190/4965/1809 3214/4979/1809 3215/4980/1809 3191/4966/1809
f 3191/4966/1810 3215/4980/1810 3216/4981/1810 3192/4967/1810
f 3192/4967/1811 3216/4981/1811 3217/4982/1811 3193/4968/1811
f 3193/4968/1812 3217/4982/1812 3218/4983/1812 3194/4969/1812
f 3194/4969/1813 3218/4983/1813 3219/4984/1813 3195/4970/1813
f 3195/4963/1814 3219/4977/1814 3220/4976/1814 3196/4962/1814
f 3196/4962/1815 3220/4976/1815 3221/4975/1815 3197/4961/1815
f 3197/4961/1816 3221/4975/1816 3222/4974/1816 3198/4960/1816
f 3198/4960/1817 3222/4974/1817 3223/4985/1817 3199/4971/1817
f 3199/4971/1818 3223/4985/1818 3224/4986/1818 3200/4972/1818
f 3200/4972/1819 3224/4986/1819 3225/4987/1819 3201/4973/1819
f 3201/4970/1820 3225/4984/1820 3226/4983/1820 3202/4969/1820
f 3202/4969/1821 3226/4983/1821 3227/4982/1821 3203/4968/1821
f 3203/4968/1822 3227/4982/1822 3228/4981/1822 3204/4967/1822
f 3204/4967/1823 3228/4981/1823 3229/4980/1823 3205/4966/1823
f 3205/4966/1824 3229/4980/1824 3230/4979/1824 3206/4965/1824
f 3206/4965/1825 3230/4979/1825 3231/4978/1825 3207/4964/1825
f 3207/4973/1826 3231/4987/1826 3232/4986/1826 3208/4972/1826
f 3208/4972/1827 3232/4986/1827 3233/4985/1827 3209/4971/1827
f 3209/4971/1828 3233/4985/1828 3210/4974/1828 3186/4960/1828
f 3234/4988/1829 3211/4989/1829 3210/4990/1829
f 3234/4988/1829 3212/4991/1829 3211/4989/1829
f 3234/4988/1829 3213/4992/1829 3212/4991/1829
f 3234/4988/1829 3214/4993/1829 3213/4992/1829
f 3234/4988/1829 3215/4994/1829 3214/4993/1829
f 3234/4988/1829 3216/4995/1829 3215/4994/1829
f 3234/4988/1829 3217/4996/1829 3216/4995/1829
f 3234/4988/1829 3218/4997/1829 3217/4996/1829
f 3234/4988/1829 3219/4998/1829 3218/4997/1829
f 3234/4988/1829 3220/4999/1829 3219/4998/1829
f 3234/4988/1829 3221/5000/1829 3220/4999/1829
f 3234/4988/1829 3222/5001/1829 3221/5000/1829
f 3234/4988/1829 3223/5002/1829 3222/5001/1829
f 3234/4988/1829 3224/5003/1829 3223/5002/1829
f 3234/4988/1829 3225/5004/1829 3224/5003/1829
f 3234/4988/1829 3226/5005/1829 3225/5004/1829
f 3234/4988/1829 3227/5006/1829 3226/5005/1829
f 3234/4988/1829 3228/5007/1829 3227/5006/1829
f 3234/4988/1829 3229/5008/1829 3228/5007/1829
f 3234/4988/1829 3230/5009/1829 3229/5008/1829
f 3234/4988/1829 3231/5010/1829 3230/5009/1829
f 3234/4988/1829 3232/5011/1829 3231/5010/1829
f 3234/4988/1829 3233/5012/1829 3232/5011/1829
f 3234/4988/1829 3210/4990/1829 3233/5012/1829
o Net_4
v 0.055000 -0.006000 -0.907000
v 0.053126 -0.006000 -0.921235
v 0.047631 -0.006000 -0.934500
v 0.038891 -0.006000 -0.945891
v 0.027500 -0.006000 -0.954631
v 0.014235 -0.006000 -0.960126
v 0.000000 -0.006000 -0.962000
v -0.014235 -0.006000 -0.960126
v -0.027500 -0.006000 -0.954631
v -0.038891 -0.006000 -0.945891
v -0.047631 -0.006000 -0.934500
v -0.053126 -0.006000 -0.921235
v -0.055000 -0.006000 -0.907000
v -0.053126 -0.006000 -0.892765
v -0.047631 -0.006000 -0.879500
v -0.038891 -0.006000 -0.868109
v -0.027500 -0.006000 -0.859369
v -0.014235 -0.006000 -0.853874
v 0.000000 -0.006000 -0.852000
v 0.014235 -0.006000 -0.853874
v 0.027500 -0.006000 -0.859369
v 0.038891 -0.006000 -0.868109
v 0.047631 -0.006000 -0.879500
v 0.053126 -0.006000 -0.892765
v 0.051500 -0.032000 -0.907000
v 0.049745 -0.032000 -0.920329
v 0.044600 -0.032000 -0.932750
v 0.036416 -0.032000 -0.943416
v 0.025750 -0.032000 -0.951600
v 0.013329 -0.032000 -0.956745
v 0.000000 -0.032000 -0.958500
v -0.013329 -0.032000 -0.956745
v -0.025750 -0.032000 -0.951600
v -0.036416 -0.032000 -0.943416
v -0.044600 -0.032000 -0.932750
v -0.049745 -0.032000 -0.920329
v -0.051500 -0.032000 -0.907000
v -0.049745 -0.032000 -0.893671
v -0.044600 -0.032000 -0.881250
v -0.036416 -0.032000 -0.870584
v -0.025750 -0.032000 -0.862400
v -0.013329 -0.032000 -0.857255
v 0.000000 -0.032000 -0.855500
v 0.013329 -0.032000 -0.857255
v 0.025750 -0.032000 -0.862400
v 0.036416 -0.032000 -0.870584
v 0.044600 -0.032000 -0.881250
v 0.049745 -0.032000 -0.893671
v 0.048000 -0.062000 -0.907000
v 0.046364 -0.062000 -0.919423
v 0.041569 -0.062000 -0.931000
v 0.033941 -0.062000 -0.940941
v 0.024000 -0.062000 -0.948569
v 0.012423 -0.062000 -0.953364
v 0.000000 -0.062000 -0.955000
v -0.012423 -0.062000 -0.953364
v -0.024000 -0.062000 -0.948569
v -0.033941 -0.062000 -0.940941
v -0.041569 -0.062000 -0.931000
v -0.046364 -0.062000 -0.919423
v -0.048000 -0.062000 -0.907000
v -0.046364 -0.062000 -0.894577
v -0.041569 -0.062000 -0.883000
v -0.033941 -0.062000 -0.873059
v -0.024000 -0.062000 -0.865431
v -0.012423 -0.062000 -0.860636
v 0.000000 -0.062000 -0.859000
v 0.012423 -0.062000 -0.860636
v 0.024000 -0.062000 -0.865431
v 0.033941 -0.062000 -0.873059
v 0.041569 -0.062000 -0.883000
v 0.046364 -0.062000 -0.894577
v 0.032000 -0.086000 -0.907000
v 0.030910 -0.086000 -0.915282
v 0.027713 -0.086000 -0.923000
v 0.022627 -0.086000 -0.929627
v 0.016000 -0.086000 -0.934713
v 0.008282 -0.086000 -0.937910
v 0.000000 -0.086000 -0.939000
v -0.008282 -0.086000 -0.937910
v -0.016000 -0.086000 -0.934713
v -0.022627 -0.086000 -0.929627
v -0.027713 -0.086000 -0.923000
v -0.030910 -0.086000 -0.915282
v -0.032000 -0.086000 -0.907000
v -0.030910 -0.086000 -0.898718
v -0.027713 -0.086000 -0.891000
v -0.022627 -0.086000 -0.884373
v -0.016000 -0.086000 -0.879287
v -0.008282 -0.086000 -0.876090
v 0.000000 -0.086000 -0.875000
v 0.008282 -0.086000 -0.876090
v 0.016000 -0.086000 -0.879287
v 0.022627 -0.086000 -0.884373
v 0.027713 -0.086000 -0.891000
v 0.030910 -0.086000 -0.898718
v 0.016000 -0.108000 -0.907000
v 0.015455 -0.108000 -0.911141
v 0.013856 -0.108000 -0.915000
v 0.011314 -0.108000 -0.918314
v 0.008000 -0.108000 -0.920856
v 0.004141 -0.108000 -0.922455
v 0.000000 -0.108000 -0.923000
v -0.004141 -0.108000 -0.922455
v -0.008000 -0.108000 -0.920856
v -0.011314 -0.108000 -0.918314
v -0.013856 -0.108000 -0.915000
v -0.015455 -0.108000 -0.911141
v -0.016000 -0.108000 -0.907000
v -0.015455 -0.108000 -0.902859
v -0.013856 -0.108000 -0.899000
v -0.011314 -0.108000 -0.895686
v -0.008000 -0.108000 -0.893144
v -0.004141 -0.108000 -0.891545
v 0.000000 -0.108000 -0.891000
v 0.004141 -0.108000 -0.891545
v 0.008000 -0.108000 -0.893144
v 0.011314 -0.108000 -0.895686
v 0.013856 -0.108000 -0.899000
v 0.015455 -0.108000 -0.902859
v 0.000000 -0.108000 -0.907000
vn 0.9827 -0.1323 -0.1294
vn 0.9158 -0.1323 -0.3793
vn 0.7864 -0.1323 -0.6034
vn 0.6034 -0.1323 -0.7864
vn 0.3793 -0.1323 -0.9158
vn 0.1294 -0.1323 -0.9827
vn -0.1294 -0.1323 -0.9827
vn -0.3793 -0.1323 -0.9158
vn -0.6034 -0.1323 -0.7864
vn -0.7864 -0.1323 -0.6034
vn -0.9158 -0.1323 -0.3793
vn -0.9827 -0.1323 -0.1294
vn -0.9827 -0.1323 0.1294
vn -0.9158 -0.1323 0.3793
vn -0.7864 -0.1323 0.6034
vn -0.6034 -0.1323 0.7864
vn -0.3793 -0.1323 0.9158
vn -0.1294 -0.1323 0.9827
vn 0.1294 -0.1323 0.9827
vn 0.3793 -0.1323 0.9158
vn 0.6034 -0.1323 0.7864
vn 0.7864 -0.1323 0.6034
vn 0.9158 -0.1323 0.3793
vn 0.9827 -0.1323 0.1294
vn 0.9849 -0.1149 -0.1297
vn 0.9178 -0.1149 -0.3801
vn 0.7881 -0.1149 -0.6047
vn 0.6047 -0.1149 -0.7881
vn 0.3801 -0.1149 -0.9178
vn 0.1297 -0.1149 -0.9849
vn -0.1297 -0.1149 -0.9849
vn -0.3801 -0.1149 -0.9178
vn -0.6047 -0.1149 -0.7881
vn -0.7881 -0.1149 -0.6047
vn -0.9178 -0.1149 -0.3801
vn -0.9849 -0.1149 -0.1297
vn -0.9849 -0.1149 0.1297
vn -0.9178 -0.1149 0.3801
vn -0.7881 -0.1149 0.6047
vn -0.6047 -0.1149 0.7881
vn -0.3801 -0.1149 0.9178
vn -0.1297 -0.1149 0.9849
vn 0.1297 -0.1149 0.9849
vn 0.3801 -0.1149 0.9178
vn 0.6047 -0.1149 0.7881
vn 0.7881 -0.1149 0.6047
vn 0.9178 -0.1149 0.3801
vn 0.9849 -0.1149 0.1297
vn 0.8271 -0.5514 -0.1089
vn 0.7707 -0.5514 -0.3192
vn 0.6618 -0.5514 -0.5079
vn 0.5079 -0.5514 -0.6618
vn 0.3192 -0.5514 -0.7707
vn 0.1089 -0.5514 -0.8271
vn -0.1089 -0.5514 -0.8271
vn -0.3192 -0.5514 -0.7707
vn -0.5079 -0.5514 -0.6618
vn -0.6618 -0.5514 -0.5079
vn -0.7707 -0.5514 -0.3192
vn -0.8271 -0.5514 -0.1089
vn -0.8271 -0.5514 0.1089
vn -0.7708 -0.5514 0.3192
vn -0.6618 -0.5514 0.5079
vn -0.5079 -0.5514 0.6618
vn -0.3192 -0.5514 0.7707
vn -0.1089 -0.5514 0.8271
vn 0.1089 -0.5514 0.8271
vn 0.3192 -0.5514 0.7707
vn 0.5079 -0.5514 0.6618
vn 0.6618 -0.5514 0.5079
vn 0.7708 -0.5514 0.3192
vn 0.8271 -0.5514 0.1089
vn 0.8042 -0.5849 -0.1058
vn 0.7494 -0.5849 -0.3104
vn 0.6435 -0.5849 -0.4938
vn 0.4938 -0.5849 -0.6435
vn 0.3104 -0.5849 -0.7494
vn 0.1058 -0.5849 -0.8042
vn -0.1058 -0.5849 -0.8042
vn -0.3104 -0.5849 -0.7494
vn -0.4938 -0.5849 -0.6435
vn -0.6435 -0.5849 -0.4938
vn -0.7494 -0.5849 -0.3104
vn -0.8042 -0.5849 -0.1058
vn -0.8042 -0.5849 0.1058
vn -0.7494 -0.5849 0.3104
vn -0.6435 -0.5849 0.4938
vn -0.4938 -0.5849 0.6435
vn -0.3104 -0.5849 0.7494
vn -0.1058 -0.5849 0.8042
vn 0.1058 -0.5849 0.8042
vn 0.3104 -0.5849 0.7494
vn 0.4938 -0.5849 0.6435
vn 0.6435 -0.5849 0.4938
vn 0.7494 -0.5849 0.3104
vn 0.8042 -0.5849 0.1058
vn -0.0000 -1.0000 -0.0000
vt 0.551000 0.500000
vt 0.525000 0.500000
vt 0.525000 0.486671
vt 0.551000 0.485765
vt 0.525000 0.474250
vt 0.551000 0.472500
vt 0.525000 0.463584
vt 0.551000 0.461109
vt 0.538891 0.551000
vt 0.536416 0.525000
vt 0.525750 0.525000
vt 0.527500 0.551000
vt 0.513329 0.525000
vt 0.514235 0.551000
vt 0.500000 0.525000
vt 0.500000 0.551000
vt 0.486671 0.525000
vt 0.485765 0.551000
vt 0.474250 0.525000
vt 0.472500 0.551000
vt 0.463584 0.525000
vt 0.461109 0.551000
vt 0.525000 0.513329
vt 0.551000 0.514235
vt 0.525000 0.525750
vt 0.551000 0.527500
vt 0.525000 0.536416
vt 0.551000 0.538891
vt 0.495000 0.500000
vt 0.495000 0.487577
vt 0.495000 0.476000
vt 0.495000 0.466059
vt 0.533941 0.495000
vt 0.524000 0.495000
vt 0.512423 0.495000
vt 0.500000 0.495000
vt 0.487577 0.495000
vt 0.476000 0.495000
vt 0.466059 0.495000
vt 0.495000 0.512423
vt 0.495000 0.524000
vt 0.495000 0.533941
vt 0.471000 0.500000
vt 0.471000 0.491718
vt 0.471000 0.484000
vt 0.471000 0.477373
vt 0.522627 0.471000
vt 0.516000 0.471000
vt 0.508282 0.471000
vt 0.500000 0.471000
vt 0.491718 0.471000
vt 0.484000 0.471000
vt 0.477373 0.471000
vt 0.471000 0.508282
vt 0.471000 0.516000
vt 0.471000 0.522627
vt 0.449000 0.500000
vt 0.449000 0.495859
vt 0.449000 0.492000
vt 0.449000 0.488686
vt 0.511314 0.449000
vt 0.508000 0.449000
vt 0.504141 0.449000
vt 0.500000 0.449000
vt 0.495859 0.449000
vt 0.492000 0.449000
vt 0.488686 0.449000
vt 0.449000 0.504141
vt 0.449000 0.508000
vt 0.449000 0.511314
vt 0.500000 0.500000
vt 0.515455 0.495859
vt 0.516000 0.500000
vt 0.513856 0.492000
vt 0.511314 0.488686
vt 0.508000 0.486144
vt 0.504141 0.484545
vt 0.500000 0.484000
vt 0.495859 0.484545
vt 0.492000 0.486144
vt 0.488686 0.488686
vt 0.486144 0.492000
vt 0.484545 0.495859
vt 0.484000 0.500000
vt 0.484545 0.504141
vt 0.486144 0.508000
vt 0.488686 0.511314
vt 0.492000 0.513856
vt 0.495859 0.515455
vt 0.500000 0.516000
vt 0.504141 0.515455
vt 0.508000 0.513856
vt 0.511314 0.511314
vt 0.513856 0.508000
vt 0.515455 0.504141
s 1
usemtl Net
f 3235/5013/1830 3259/5014/1830 3260/5015/1830 3236/5016/1830
f 3236/5016/1831 3260/5015/1831 3261/5017/1831 3237/5018/1831
f 3237/5018/1832 3261/5017/1832 3262/5019/1832 3238/5020/1832
f 3238/5021/1833 3262/5022/1833 3263/5023/1833 3239/5024/1833
f 3239/5024/1834 3263/5023/1834 3264/5025/1834 3240/5026/1834
f 3240/5026/1835 3264/5025/1835 3265/5027/1835 3241/5028/1835
f 3241/5028/1836 3265/5027/1836 3266/5029/1836 3242/5030/1836
f 3242/5030/1837 3266/5029/1837 3267/5031/1837 3243/5032/1837
f 3243/5032/1838 3267/5031/1838 3268/5033/1838 3244/5034/1838
f 3244/5020/1839 3268/5019/1839 3269/5017/1839 3245/5018/1839
f 3245/5018/1840 3269/5017/1840 3270/5015/1840 3246/5016/1840
f 3246/5016/1841 3270/5015/1841 3271/5014/1841 3247/5013/1841
f 3247/5013/1842 3271/5014/1842 3272/5035/1842 3248/5036/1842
f 3248/5036/1843 3272/5035/1843 3273/5037/1843 3249/5038/1843
f 3249/5038/1844 3273/5037/1844 3274/5039/1844 3250/5040/1844
f 3250/5034/1845 3274/5033/1845 3275/5031/1845 3251/5032/1845
f 3251/5032/1846 3275/5031/1846 3276/5029/1846 3252/5030/1846
f 3252/5030/1847 3276/5029/1847 3277/5027/1847 3253/5028/1847
f 3253/5028/1848 3277/5027/1848 3278/5025/1848 3254/5026/1848
f 3254/5026/1849 3278/5025/1849 3279/5023/1849 3255/5024/1849
f 3255/5024/1850 3279/5023/1850 3280/5022/1850 3256/5021/1850
f 3256/5040/1851 3280/5039/1851 3281/5037/1851 3257/5038/1851
f 3257/5038/1852 3281/5037/1852 3282/5035/1852 3258/5036/1852
f 3258/5036/1853 3282/5035/1853 3259/5014/1853 3235/5013/1853
f 3259/5014/1854 3283/5041/1854 3284/5042/1854 3260/5015/1854
f 3260/5015/1855 3284/5042/1855 3285/5043/1855 3261/5017/1855
f 3261/5017/1856 3285/5043/1856 3286/5044/1856 3262/5019/1856
f 3262/5022/1857 3286/5045/1857 3287/5046/1857 3263/5023/1857
f 3263/5023/1858 3287/5046/1858 3288/5047/1858 3264/5025/1858
f 3264/5025/1859 3288/5047/1859 3289/5048/1859 3265/5027/1859
f 3265/5027/1860 3289/5048/1860 3290/5049/1860 3266/5029/1860
f 3266/5029/1861 3290/5049/1861 3291/5050/1861 3267/5031/1861
f 3267/5031/1862 3291/5050/1862 3292/5051/1862 3268/5033/1862
f 3268/5019/1863 3292/5044/1863 3293/5043/1863 3269/5017/1863
f 3269/5017/1864 3293/5043/1864 3294/5042/1864 3270/5015/1864
f 3270/5015/1865 3294/5042/1865 3295/5041/1865 3271/5014/1865
f 3271/5014/1866 3295/5041/1866 3296/5052/1866 3272/5035/1866
f 3272/5035/1867 3296/5052/1867 3297/5053/1867 3273/5037/1867
f 3273/5037/1868 3297/5053/1868 3298/5054/1868 3274/5039/1868
f 3274/5033/1869 3298/5051/1869 3299/5050/1869 3275/5031/1869
f 3275/5031/1870 3299/5050/1870 3300/5049/1870 3276/5029/1870
f 3276/5029/1871 3300/5049/1871 3301/5048/1871 3277/5027/1871
f 3277/5027/1872 3301/5048/1872 3302/5047/1872 3278/5025/1872
f 3278/5025/1873 3302/5047/1873 3303/5046/1873 3279/5023/1873
f 3279/5023/1874 3303/5046/1874 3304/5045/1874 3280/5022/1874
f 3280/5039/1875 3304/5054/1875 3305/5053/1875 3281/5037/1875
f 3281/5037/1876 3305/5053/1876 3306/5052/1876 3282/5035/1876
f 3282/5035/1877 3306/5052/1877 3283/5041/1877 3259/5014/1877
f 3283/5041/1878 3307/5055/1878 3308/5056/1878 3284/5042/1878
f 3284/5042/1879 3308/5056/1879 3309/5057/1879 3285/5043/1879
f 3285/5043/1880 3309/5057/1880 3310/5058/1880 3286/5044/1880
f 3286/5045/1881 3310/5059/1881 3311/5060/1881 3287/5046/1881
f 3287/5046/1882 3311/5060/1882 3312/5061/1882 3288/5047/1882
f 3288/5047/1883 3312/5061/1883 3313/5062/1883 3289/5048/1883
f 3289/5048/1884 3313/5062/1884 3314/5063/1884 3290/5049/1884
f 3290/5049/1885 3314/5063/1885 3315/5064/1885 3291/5050/1885
f 3291/5050/1886 3315/5064/1886 3316/5065/1886 3292/5051/1886
f 3292/5044/1887 3316/5058/1887 3317/5057/1887 3293/5043/1887
f 3293/5043/1888 3317/5057/1888 3318/5056/1888 3294/5042/1888
f 3294/5042/1889 3318/5056/1889 3319/5055/1889 3295/5041/1889
f 3295/5041/1890 3319/5055/1890 3320/5066/1890 3296/5052/1890
f 3296/5052/1891 3320/5066/1891 3321/5067/1891 3297/5053/1891
f 3297/5053/1892 3321/5067/1892 3322/5068/1892 3298/5054/1892
f 3298/5051/1893 3322/5065/1893 3323/5064/1893 3299/5050/1893
f 3299/5050/1894 3323/5064/1894 3324/5063/1894 3300/5049/1894
f 3300/5049/1895 3324/5063/1895 3325/5062/1895 3301/5048/1895
f 3301/5048/1896 3325/5062/1896 3326/5061/1896 3302/5047/1896
f 3302/5047/1897 3326/5061/1897 3327/5060/1897 3303/5046/1897
f 3303/5046/1898 3327/5060/1898 3328/5059/1898 3304/5045/1898
f 3304/5054/1899 3328/5068/1899 3329/5067/1899 3305/5053/1899
f 3305/5053/1900 3329/5067/1900 3330/5066/1900 3306/5052/1900
f 3306/5052/1901 3330/5066/1901 3307/5055/1901 3283/5041/1901
f 3307/5055/1902 3331/5069/1902 3332/5070/1902 3308/5056/1902
f 3308/5056/1903 3332/5070/1903 3333/5071/1903 3309/5057/1903
f 3309/5057/1904 3333/5071/1904 3334/5072/1904 3310/5058/1904
f 3310/5059/1905 3334/5073/1905 3335/5074/1905 3311/5060/1905
f 3311/5060/1906 3335/5074/1906 3336/5075/1906 3312/5061/1906
f 3312/5061/1907 3336/5075/1907 3337/5076/1907 3313/5062/1907
f 3313/5062/1908 3337/5076/1908 3338/5077/1908 3314/5063/1908
f 3314/5063/1909 3338/5077/1909 3339/5078/1909 3315/5064/1909
f 3315/5064/1910 3339/5078/1910 3340/5079/1910 3316/5065/1910
f 3316/5058/1911 3340/5072/1911 3341/5071/1911 3317/5057/1911
f 3317/5057/1912 3341/5071/1912 3342/5070/1912 3318/5056/1912
f 3318/5056/1913 3342/5070/1913 3343/5069/1913 3319/5055/1913
f 3319/5055/1914 3343/5069/1914 3344/5080/1914 3320/5066/1914
f 3320/5066/1915 3344/5080/1915 3345/5081/1915 3321/5067/1915
f 3321/5067/1916 3345/5081/1916 3346/5082/1916 3322/5068/1916
f 3322/5065/1917 3346/5079/1917 3347/5078/1917 3323/5064/1917
f 3323/5064/1918 3347/5078/1918 3348/5077/1918 3324/5063/1918
f 3324/5063/1919 3348/5077/1919 3349/5076/1919 3325/5062/1919
f 3325/5062/1920 3349/5076/1920 3350/5075/1920 3326/5061/1920
f 3326/5061/1921 3350/5075/1921 3351/5074/1921 3327/5060/1921
f 3327/5060/1922 3351/5074/1922 3352/5073/1922 3328/5059/1922
f 3328/5068/1923 3352/5082/1923 3353/5081/1923 3329/5067/1923
f 3329/5067/1924 3353/5081/1924 3354/5080/1924 3330/5066/1924
f 3330/5066/1925 3354/5080/1925 3331/5069/1925 3307/5055/1925
f 3355/5083/1926 3332/5084/1926 3331/5085/1926
f 3355/5083/1926 3333/5086/1926 3332/5084/1926
f 3355/5083/1926 3334/5087/1926 3333/5086/1926
f 3355/5083/1926 3335/5088/1926 3334/5087/1926
f 3355/5083/1926 3336/5089/1926 3335/5088/1926
f 3355/5083/1926 3337/5090/1926 3336/5089/1926
f 3355/5083/1926 3338/5091/1926 3337/5090/1926
f 3355/5083/1926 3339/5092/1926 3338/5091/1926
f 3355/5083/1926 3340/5093/1926 3339/5092/1926
f 3355/5083/1926 3341/5094/1926 3340/5093/1926
f 3355/5083/1926 3342/5095/1926 3341/5094/1926
f 3355/5083/1926 3343/5096/1926 3342/5095/1926
f 3355/5083/1926 3344/5097/1926 3343/5096/1926
f 3355/5083/1926 3345/5098/1926 3344/5097/1926
f 3355/5083/1926 3346/5099/1926 3345/5098/1926
f 3355/5083/1926 3347/5100/1926 3346/5099/1926
f 3355/5083/1926 3348/5101/1926 3347/5100/1926
f 3355/5083/1926 3349/5102/1926 3348/5101/1926
f 3355/5083/1926 3350/5103/1926 3349/5102/1926
f 3355/5083/1926 3351/5104/1926 3350/5103/1926
f 3355/5083/1926 3352/5105/1926 3351/5104/1926
f 3355/5083/1926 3353/5106/1926 3352/5105/1926
f 3355/5083/1926 3354/5107/1926 3353/5106/1926
f 3355/5083/1926 3331/5085/1926 3354/5107/1926
o Net_5
v 0.055000 -0.006000 0.907000
v 0.053126 -0.006000 0.892765
v 0.047631 -0.006000 0.879500
v 0.038891 -0.006000 0.868109
v 0.027500 -0.006000 0.859369
v 0.014235 -0.006000 0.853874
v 0.000000 -0.006000 0.852000
v -0.014235 -0.006000 0.853874
v -0.027500 -0.006000 0.859369
v -0.038891 -0.006000 0.868109
v -0.047631 -0.006000 0.879500
v -0.053126 -0.006000 0.892765
v -0.055000 -0.006000 0.907000
v -0.053126 -0.006000 0.921235
v -0.047631 -0.006000 0.934500
v -0.038891 -0.006000 0.945891
v -0.027500 -0.006000 0.954631
v -0.014235 -0.006000 0.960126
v 0.000000 -0.006000 0.962000
v 0.014235 -0.006000 0.960126
v 0.027500 -0.006000 0.954631
v 0.038891 -0.006000 0.945891
v 0.047631 -0.006000 0.934500
v 0.053126 -0.006000 0.921235
v 0.051500 -0.032000 0.907000
v 0.049745 -0.032000 0.893671
v 0.044600 -0.032000 0.881250
v 0.036416 -0.032000 0.870584
v 0.025750 -0.032000 0.862400
v 0.013329 -0.032000 0.857255
v 0.000000 -0.032000 0.855500
v -0.013329 -0.032000 0.857255
v -0.025750 -0.032000 0.862400
v -0.036416 -0.032000 0.870584
v -0.044600 -0.032000 0.881250
v -0.049745 -0.032000 0.893671
v -0.051500 -0.032000 0.907000
v -0.049745 -0.032000 0.920329
v -0.044600 -0.032000 0.932750
v -0.036416 -0.032000 0.943416
v -0.025750 -0.032000 0.951600
v -0.013329 -0.032000 0.956745
v 0.000000 -0.032000 0.958500
v 0.013329 -0.032000 0.956745
v 0.025750 -0.032000 0.951600
v 0.036416 -0.032000 0.943416
v 0.044600 -0.032000 0.932750
v 0.049745 -0.032000 0.920329
v 0.048000 -0.062000 0.907000
v 0.046364 -0.062000 0.894577
v 0.041569 -0.062000 0.883000
v 0.033941 -0.062000 0.873059
v 0.024000 -0.062000 0.865431
v 0.012423 -0.062000 0.860636
v 0.000000 -0.062000 0.859000
v -0.012423 -0.062000 0.860636
v -0.024000 -0.062000 0.865431
v -0.033941 -0.062000 0.873059
v -0.041569 -0.062000 0.883000
v -0.046364 -0.062000 0.894577
v -0.048000 -0.062000 0.907000
v -0.046364 -0.062000 0.919423
v -0.041569 -0.062000 0.931000
v -0.033941 -0.062000 0.940941
v -0.024000 -0.062000 0.948569
v -0.012423 -0.062000 0.953364
v 0.000000 -0.062000 0.955000
v 0.012423 -0.062000 0.953364
v 0.024000 -0.062000 0.948569
v 0.033941 -0.062000 0.940941
v 0.041569 -0.062000 0.931000
v 0.046364 -0.062000 0.919423
v 0.032000 -0.086000 0.907000
v 0.030910 -0.086000 0.898718
v 0.027713 -0.086000 0.891000
v 0.022627 -0.086000 0.884373
v 0.016000 -0.086000 0.879287
v 0.008282 -0.086000 0.876090
v 0.000000 -0.086000 0.875000
v -0.008282 -0.086000 0.876090
v -0.016000 -0.086000 0.879287
v -0.022627 -0.086000 0.884373
v -0.027713 -0.086000 0.891000
v -0.030910 -0.086000 0.898718
v -0.032000 -0.086000 0.907000
v -0.030910 -0.086000 0.915282
v -0.027713 -0.086000 0.923000
v -0.022627 -0.086000 0.929627
v -0.016000 -0.086000 0.934713
v -0.008282 -0.086000 0.937910
v 0.000000 -0.086000 0.939000
v 0.008282 -0.086000 0.937910
v 0.016000 -0.086000 0.934713
v 0.022627 -0.086000 0.929627
v 0.027713 -0.086000 0.923000
v 0.030910 -0.086000 0.915282
v 0.016000 -0.108000 0.907000
v 0.015455 -0.108000 0.902859
v 0.013856 -0.108000 0.899000
v 0.011314 -0.108000 0.895686
v 0.008000 -0.108000 0.893144
v 0.004141 -0.108000 0.891545
v 0.000000 -0.108000 0.891000
v -0.004141 -0.108000 0.891545
v -0.008000 -0.108000 0.893144
v -0.011314 -0.108000 0.895686
v -0.013856 -0.108000 0.899000
v -0.015455 -0.108000 0.902859
v -0.016000 -0.108000 0.907000
v -0.015455 -0.108000 0.911141
v -0.013856 -0.108000 0.915000
v -0.011314 -0.108000 0.918314
v -0.008000 -0.108000 0.920856
v -0.004141 -0.108000 0.922455
v 0.000000 -0.108000 0.923000
v 0.004141 -0.108000 0.922455
v 0.008000 -0.108000 0.920856
v 0.011314 -0.108000 0.918314
v 0.013856 -0.108000 0.915000
v 0.015455 -0.108000 0.911141
v 0.000000 -0.108000 0.907000
vn 0.9827 -0.1323 -0.1294
vn 0.9158 -0.1323 -0.3793
vn 0.7864 -0.1323 -0.6034
vn 0.6034 -0.1323 -0.7864
vn 0.3793 -0.1323 -0.9158
vn 0.1294 -0.1323 -0.9827
vn -0.1294 -0.1323 -0.9827
vn -0.3793 -0.1323 -0.9158
vn -0.6034 -0.1323 -0.7864
vn -0.7864 -0.1323 -0.6034
vn -0.9158 -0.1323 -0.3793
vn -0.9827 -0.1323 -0.1294
vn -0.9827 -0.1323 0.1294
vn -0.9158 -0.1323 0.3793
vn -0.7864 -0.1323 0.6034
vn -0.6034 -0.1323 0.7864
vn -0.3793 -0.1323 0.9158
vn -0.1294 -0.1323 0.9827
vn 0.1294 -0.1323 0.9827
vn 0.3793 -0.1323 0.9158
vn 0.6034 -0.1323 0.7864
vn 0.7864 -0.1323 0.6034
vn 0.9158 -0.1323 0.3793
vn 0.9827 -0.1323 0.1294
vn 0.9849 -0.1149 -0.1297
vn 0.9178 -0.1149 -0.3801
vn 0.7881 -0.1149 -0.6047
vn 0.6047 -0.1149 -0.7881
vn 0.3801 -0.1149 -0.9178
vn 0.1297 -0.1149 -0.9849
vn -0.1297 -0.1149 -0.9849
vn -0.3801 -0.1149 -0.9178
vn -0.6047 -0.1149 -0.7881
vn -0.7881 -0.1149 -0.6047
vn -0.9178 -0.1149 -0.3801
vn -0.9849 -0.1149 -0.1297
vn -0.9849 -0.1149 0.1297
vn -0.9178 -0.1149 0.3801
vn -0.7881 -0.1149 0.6047
vn -0.6047 -0.1149 0.7881
vn -0.3801 -0.1149 0.9178
vn -0.1297 -0.1149 0.9849
vn 0.1297 -0.1149 0.9849
vn 0.3801 -0.1149 0.9178
vn 0.6047 -0.1149 0.7881
vn 0.7881 -0.1149 0.6047
vn 0.9178 -0.1149 0.3801
vn 0.9849 -0.1149 0.1297
vn 0.8271 -0.5514 -0.1089
vn 0.7708 -0.5514 -0.3192
vn 0.6618 -0.5514 -0.5079
vn 0.5079 -0.5514 -0.6618
vn 0.3192 -0.5514 -0.7707
vn 0.1089 -0.5514 -0.8271
vn -0.1089 -0.5514 -0.8271
vn -0.3192 -0.5514 -0.7707
vn -0.5079 -0.5514 -0.6618
vn -0.6618 -0.5514 -0.5079
vn -0.7708 -0.5514 -0.3192
vn -0.8271 -0.5514 -0.1089
vn -0.8271 -0.5514 0.1089
vn -0.7707 -0.5514 0.3192
vn -0.6618 -0.5514 0.5079
vn -0.5079 -0.5514 0.6618
vn -0.3192 -0.5514 0.7707
vn -0.1089 -0.5514 0.8271
vn 0.1089 -0.5514 0.8271
vn 0.3192 -0.5514 0.7707
vn 0.5079 -0.5514 0.6618
vn 0.6618 -0.5514 0.5079
vn 0.7707 -0.5514 0.3192
vn 0.8271 -0.5514 0.1089
vn 0.8042 -0.5849 -0.1058
vn 0.7494 -0.5849 -0.3104
vn 0.6435 -0.5849 -0.4938
vn 0.4938 -0.5849 -0.6435
vn 0.3104 -0.5849 -0.7494
vn 0.1058 -0.5849 -0.8042
vn -0.1058 -0.5849 -0.8042
vn -0.3104 -0.5849 -0.7494
vn -0.4938 -0.5849 -0.6435
vn -0.6435 -0.5849 -0.4938
vn -0.7494 -0.5849 -0.3104
vn -0.8042 -0.5849 -0.1058
vn -0.8042 -0.5849 0.1058
vn -0.7494 -0.5849 0.3104
vn -0.6435 -0.5849 0.4938
vn -0.4938 -0.5849 0.6435
vn -0.3104 -0.5849 0.7494
vn -0.1058 -0.5849 0.8042
vn 0.1058 -0.5849 0.8042
vn 0.3104 -0.5849 0.7494
vn 0.4938 -0.5849 0.6435
vn 0.6435 -0.5849 0.4938
vn 0.7494 -0.5849 0.3104
vn 0.8042 -0.5849 0.1058
vn -0.0000 -1.0000 -0.0000
vt 0.551000 0.500000
vt 0.525000 0.500000
vt 0.525000 0.486671
vt 0.551000 0.485765
vt 0.525000 0.474250
vt 0.551000 0.472500
vt 0.525000 0.463584
vt 0.551000 0.461109
vt 0.538891 0.551000
vt 0.536416 0.525000
vt 0.525750 0.525000
vt 0.527500 0.551000
vt 0.513329 0.525000
vt 0.514235 0.551000
vt 0.500000 0.525000
vt 0.500000 0.551000
vt 0.486671 0.525000
vt 0.485765 0.551000
vt 0.474250 0.525000
vt 0.472500 0.551000
vt 0.463584 0.525000
vt 0.461109 0.551000
vt 0.525000 0.513329
vt 0.551000 0.514235
vt 0.525000 0.525750
vt 0.551000 0.527500
vt 0.525000 0.536416
vt 0.551000 0.538891
vt 0.495000 0.500000
vt 0.495000 0.487577
vt 0.495000 0.476000
vt 0.495000 0.466059
vt 0.533941 0.495000
vt 0.524000 0.495000
vt 0.512423 0.495000
vt 0.500000 0.495000
vt 0.487577 0.495000
vt 0.476000 0.495000
vt 0.466059 0.495000
vt 0.495000 0.512423
vt 0.495000 0.524000
vt 0.495000 0.533941
vt 0.471000 0.500000
vt 0.471000 0.491718
vt 0.471000 0.484000
vt 0.471000 0.477373
vt 0.522627 0.471000
vt 0.516000 0.471000
vt 0.508282 0.471000
vt 0.500000 0.471000
vt 0.491718 0.471000
vt 0.484000 0.471000
vt 0.477373 0.471000
vt 0.471000 0.508282
vt 0.471000 0.516000
vt 0.471000 0.522627
vt 0.449000 0.500000
vt 0.449000 0.495859
vt 0.449000 0.492000
vt 0.449000 0.488686
vt 0.511314 0.449000
vt 0.508000 0.449000
vt 0.504141 0.449000
vt 0.500000 0.449000
vt 0.495859 0.449000
vt 0.492000 0.449000
vt 0.488686 0.449000
vt 0.449000 0.504141
vt 0.449000 0.508000
vt 0.449000 0.511314
vt 0.500000 0.500000
vt 0.515455 0.495859
vt 0.516000 0.500000
vt 0.513856 0.492000
vt 0.511314 0.488686
vt 0.508000 0.486144
vt 0.504141 0.484545
vt 0.500000 0.484000
vt 0.495859 0.484545
vt 0.492000 0.486144
vt 0.488686 0.488686
vt 0.486144 0.492000
vt 0.484545 0.495859
vt 0.484000 0.500000
vt 0.484545 0.504141
vt 0.486144 0.508000
vt 0.488686 0.511314
vt 0.492000 0.513856
vt 0.495859 0.515455
vt 0.500000 0.516000
vt 0.504141 0.515455
vt 0.508000 0.513856
vt 0.511314 0.511314
vt 0.513856 0.508000
vt 0.515455 0.504141
s 1
usemtl Net
f 3356/5108/1927 3380/5109/1927 3381/5110/1927 3357/5111/1927
f 3357/5111/1928 3381/5110/1928 3382/5112/1928 3358/5113/1928
f 3358/5113/1929 3382/5112/1929 3383/5114/1929 3359/5115/1929
f 3359/5116/1930 3383/5117/1930 3384/5118/1930 3360/5119/1930
f 3360/5119/1931 3384/5118/1931 3385/5120/1931 3361/5121/1931
f 3361/5121/1932 3385/5120/1932 3386/5122/1932 3362/5123/1932
f 3362/5123/1933 3386/5122/1933 3387/5124/1933 3363/5125/1933
f 3363/5125/1934 3387/5124/1934 3388/5126/1934 3364/5127/1934
f 3364/5127/1935 3388/5126/1935 3389/5128/1935 3365/5129/1935
f 3365/5115/1936 3389/5114/1936 3390/5112/1936 3366/5113/1936
f 3366/5113/1937 3390/5112/1937 3391/5110/1937 3367/5111/1937
f 3367/5111/1938 3391/5110/1938 3392/5109/1938 3368/5108/1938
f 3368/5108/1939 3392/5109/1939 3393/5130/1939 3369/5131/1939
f 3369/5131/1940 3393/5130/1940 3394/5132/1940 3370/5133/1940
f 3370/5133/1941 3394/5132/1941 3395/5134/1941 3371/5135/1941
f 3371/5129/1942 3395/5128/1942 3396/5126/1942 3372/5127/1942
f 3372/5127/1943 3396/5126/1943 3397/5124/1943 3373/5125/1943
f 3373/5125/1944 3397/5124/1944 3398/5122/1944 3374/5123/1944
f 3374/5123/1945 3398/5122/1945 3399/5120/1945 3375/5121/1945
f 3375/5121/1946 3399/5120/1946 3400/5118/1946 3376/5119/1946
f 3376/5119/1947 3400/5118/1947 3401/5117/1947 3377/5116/1947
f 3377/5135/1948 3401/5134/1948 3402/5132/1948 3378/5133/1948
f 3378/5133/1949 3402/5132/1949 3403/5130/1949 3379/5131/1949
f 3379/5131/1950 3403/5130/1950 3380/5109/1950 3356/5108/1950
f 3380/5109/1951 3404/5136/1951 3405/5137/1951 3381/5110/1951
f 3381/5110/1952 3405/5137/1952 3406/5138/1952 3382/5112/1952
f 3382/5112/1953 3406/5138/1953 3407/5139/1953 3383/5114/1953
f 3383/5117/1954 3407/5140/1954 3408/5141/1954 3384/5118/1954
f 3384/5118/1955 3408/5141/1955 3409/5142/1955 3385/5120/1955
f 3385/5120/1956 3409/5142/1956 3410/5143/1956 3386/5122/1956
f 3386/5122/1957 3410/5143/1957 3411/5144/1957 3387/5124/1957
f 3387/5124/1958 3411/5144/1958 3412/5145/1958 3388/5126/1958
f 3388/5126/1959 3412/5145/1959 3413/5146/1959 3389/5128/1959
f 3389/5114/1960 3413/5139/1960 3414/5138/1960 3390/5112/1960
f 3390/5112/1961 3414/5138/1961 3415/5137/1961 3391/5110/1961
f 3391/5110/1962 3415/5137/1962 3416/5136/1962 3392/5109/1962
f 3392/5109/1963 3416/5136/1963 3417/5147/1963 3393/5130/1963
f 3393/5130/1964 3417/5147/1964 3418/5148/1964 3394/5132/1964
f 3394/5132/1965 3418/5148/1965 3419/5149/1965 3395/5134/1965
f 3395/5128/1966 3419/5146/1966 3420/5145/1966 3396/5126/1966
f 3396/5126/1967 3420/5145/1967 3421/5144/1967 3397/5124/1967
f 3397/5124/1968 3421/5144/1968 3422/5143/1968 3398/5122/1968
f 3398/5122/1969 3422/5143/1969 3423/5142/1969 3399/5120/1969
f 3399/5120/1970 3423/5142/1970 3424/5141/1970 3400/5118/1970
f 3400/5118/1971 3424/5141/1971 3425/5140/1971 3401/5117/1971
f 3401/5134/1972 3425/5149/1972 3426/5148/1972 3402/5132/1972
f 3402/5132/1973 3426/5148/1973 3427/5147/1973 3403/5130/1973
f 3403/5130/1974 3427/5147/1974 3404/5136/1974 3380/5109/1974
f 3404/5136/1975 3428/5150/1975 3429/5151/1975 3405/5137/1975
f 3405/5137/1976 3429/5151/1976 3430/5152/1976 3406/5138/1976
f 3406/5138/1977 3430/5152/1977 3431/5153/1977 3407/5139/1977
f 3407/5140/1978 3431/5154/1978 3432/5155/1978 3408/5141/1978
f 3408/5141/1979 3432/5155/1979 3433/5156/1979 3409/5142/1979
f 3409/5142/1980 3433/5156/1980 3434/5157/1980 3410/5143/1980
f 3410/5143/1981 3434/5157/1981 3435/5158/1981 3411/5144/1981
f 3411/5144/1982 3435/5158/1982 3436/5159/1982 3412/5145/1982
f 3412/5145/1983 3436/5159/1983 3437/5160/1983 3413/5146/1983
f 3413/5139/1984 3437/5153/1984 3438/5152/1984 3414/5138/1984
f 3414/5138/1985 3438/5152/1985 3439/5151/1985 3415/5137/1985
f 3415/5137/1986 3439/5151/1986 3440/5150/1986 3416/5136/1986
f 3416/5136/1987 3440/5150/1987 3441/5161/1987 3417/5147/1987
f 3417/5147/1988 3441/5161/1988 3442/5162/1988 3418/5148/1988
f 3418/5148/1989 3442/5162/1989 3443/5163/1989 3419/5149/1989
f 3419/5146/1990 3443/5160/1990 3444/5159/1990 3420/5145/1990
f 3420/5145/1991 3444/5159/1991 3445/5158/1991 3421/5144/1991
f 3421/5144/1992 3445/5158/1992 3446/5157/1992 3422/5143/1992
f 3422/5143/1993 3446/5157/1993 3447/5156/1993 3423/5142/1993
f 3423/5142/1994 3447/5156/1994 3448/5155/1994 3424/5141/1994
f 3424/5141/1995 3448/5155/1995 3449/5154/1995 3425/5140/1995
f 3425/5149/1996 3449/5163/1996 3450/5162/1996 3426/5148/1996
f 3426/5148/1997 3450/5162/1997 3451/5161/1997 3427/5147/1997
f 3427/5147/1998 3451/5161/1998 3428/5150/1998 3404/5136/1998
f 3428/5150/1999 3452/5164/1999 3453/5165/1999 3429/5151/1999
f 3429/5151/2000 3453/5165/2000 3454/5166/2000 3430/5152/2000
f 3430/5152/2001 3454/5166/2001 3455/5167/2001 3431/5153/2001
f 3431/5154/2002 3455/5168/2002 3456/5169/2002 3432/5155/2002
f 3432/5155/2003 3456/5169/2003 3457/5170/2003 3433/5156/2003
f 3433/5156/2004 3457/5170/2004 3458/5171/2004 3434/5157/2004
f 3434/5157/2005 3458/5171/2005 3459/5172/2005 3435/5158/2005
f 3435/5158/2006 3459/5172/2006 3460/5173/2006 3436/5159/2006
f 3436/5159/2007 3460/5173/2007 3461/5174/2007 3437/5160/2007
f 3437/5153/2008 3461/5167/2008 3462/5166/2008 3438/5152/2008
f 3438/5152/2009 3462/5166/2009 3463/5165/2009 3439/5151/2009
f 3439/5151/2010 3463/5165/2010 3464/5164/2010 3440/5150/2010
f 3440/5150/2011 3464/5164/2011 3465/5175/2011 3441/5161/2011
f 3441/5161/2012 3465/5175/2012 3466/5176/2012 3442/5162/2012
f 3442/5162/2013 3466/5176/2013 3467/5177/2013 3443/5163/2013
f 3443/5160/2014 3467/5174/2014 3468/5173/2014 3444/5159/2014
f 3444/5159/2015 3468/5173/2015 3469/5172/2015 3445/5158/2015
f 3445/5158/2016 3469/5172/2016 3470/5171/2016 3446/5157/2016
f 3446/5157/2017 3470/5171/2017 3471/5170/2017 3447/5156/2017
f 3447/5156/2018 3471/5170/2018 3472/5169/2018 3448/5155/2018
f 3448/5155/2019 3472/5169/2019 3473/5168/2019 3449/5154/2019
f 3449/5163/2020 3473/5177/2020 3474/5176/2020 3450/5162/2020
f 3450/5162/2021 3474/5176/2021 3475/5175/2021 3451/5161/2021
f 3451/5161/2022 3475/5175/2022 3452/5164/2022 3428/5150/2022
f 3476/5178/2023 3453/5179/2023 3452/5180/2023
f 3476/5178/2023 3454/5181/2023 3453/5179/2023
f 3476/5178/2023 3455/5182/2023 3454/5181/2023
f 3476/5178/2023 3456/5183/2023 3455/5182/2023
f 3476/5178/2023 3457/5184/2023 3456/5183/2023
f 3476/5178/2023 3458/5185/2023 3457/5184/2023
f 3476/5178/2023 3459/5186/2023 3458/5185/2023
f 3476/5178/2023 3460/5187/2023 3459/5186/2023
f 3476/5178/2023 3461/5188/2023 3460/5187/2023
f 3476/5178/2023 3462/5189/2023 3461/5188/2023
f 3476/5178/2023 3463/5190/2023 3462/5189/2023
f 3476/5178/2023 3464/5191/2023 3463/5190/2023
f 3476/5178/2023 3465/5192/2023 3464/5191/2023
f 3476/5178/2023 3466/5193/2023 3465/5192/2023
f 3476/5178/2023 3467/5194/2023 3466/5193/2023
f 3476/5178/2023 3468/5195/2023 3467/5194/2023
f 3476/5178/2023 3469/5196/2023 3468/5195/2023
f 3476/5178/2023 3470/5197/2023 3469/5196/2023
f 3476/5178/2023 3471/5198/2023 3470/5197/2023
f 3476/5178/2023 3472/5199/2023 3471/5198/2023
f 3476/5178/2023 3473/5200/2023 3472/5199/2023
f 3476/5178/2023 3474/5201/2023 3473/5200/2023
f 3476/5178/2023 3475/5202/2023 3474/5201/2023
f 3476/5178/2023 3452/5180/2023 3475/5202/2023
o Pocket_0
v 1.792500 -0.440500 -0.960000
v 1.792500 -0.420500 -0.950000
v 1.792500 -0.000500 -0.960000
v 1.800723 -0.440500 -0.959461
v 1.799418 -0.420500 -0.949547
v 1.800723 -0.000500 -0.959461
v 1.808806 -0.440500 -0.957853
v 1.806217 -0.420500 -0.948194
v 1.808806 -0.000500 -0.957853
v 1.816609 -0.440500 -0.955204
v 1.812782 -0.420500 -0.945966
v 1.816609 -0.000500 -0.955204
v 1.824000 -0.440500 -0.951560
v 1.819000 -0.420500 -0.942899
v 1.824000 -0.000500 -0.951560
v 1.830852 -0.440500 -0.946981
v 1.824764 -0.420500 -0.939048
v 1.830852 -0.000500 -0.946981
v 1.837048 -0.440500 -0.941548
v 1.829977 -0.420500 -0.934477
v 1.837048 -0.000500 -0.941548
v 1.842481 -0.440500 -0.935352
v 1.834548 -0.420500 -0.929264
v 1.842481 -0.000500 -0.935352
v 1.847060 -0.440500 -0.928500
v 1.838399 -0.420500 -0.923500
v 1.847060 -0.000500 -0.928500
v 1.850704 -0.440500 -0.921109
v 1.841466 -0.420500 -0.917282
v 1.850704 -0.000500 -0.921109
v 1.853353 -0.440500 -0.913306
v 1.843694 -0.420500 -0.910717
v 1.853353 -0.000500 -0.913306
v 1.854961 -0.440500 -0.905223
v 1.845047 -0.420500 -0.903918
v 1.854961 -0.000500 -0.905223
v 1.855500 -0.440500 -0.897000
v 1.845500 -0.420500 -0.897000
v 1.855500 -0.000500 -0.897000
v 1.854961 -0.440500 -0.888777
v 1.845047 -0.420500 -0.890082
v 1.854961 -0.000500 -0.888777
v 1.853353 -0.440500 -0.880694
v 1.843694 -0.420500 -0.883283
v 1.853353 -0.000500 -0.880694
v 1.850704 -0.440500 -0.872891
v 1.841466 -0.420500 -0.876718
v 1.850704 -0.000500 -0.872891
v 1.847060 -0.440500 -0.865500
v 1.838399 -0.420500 -0.870500
v 1.847060 -0.000500 -0.865500
v 1.834548 -0.420500 -0.864736
v 1.842481 -0.440500 -0.858648
v 1.842481 -0.000500 -0.858648
v 1.837048 -0.440500 -0.852452
v 1.829977 -0.420500 -0.859523
v 1.837048 -0.000500 -0.852452
v 1.830852 -0.440500 -0.847019
v 1.824764 -0.420500 -0.854952
v 1.830852 -0.000500 -0.847019
v 1.824000 -0.440500 -0.842440
v 1.819000 -0.420500 -0.851101
v 1.824000 -0.000500 -0.842440
v 1.816609 -0.440500 -0.838796
v 1.812782 -0.420500 -0.848034
v 1.816609 -0.000500 -0.838796
v 1.808806 -0.440500 -0.836147
v 1.806217 -0.420500 -0.845806
v 1.808806 -0.000500 -0.836147
v 1.800723 -0.440500 -0.834539
v 1.799418 -0.420500 -0.844453
v 1.800723 -0.000500 -0.834539
v 1.792500 -0.440500 -0.834000
v 1.792500 -0.420500 -0.844000
v 1.792500 -0.000500 -0.834000
v 1.784277 -0.440500 -0.834539
v 1.785582 -0.420500 -0.844453
v 1.784277 -0.000500 -0.834539
v 1.776194 -0.440500 -0.836147
v 1.778783 -0.420500 -0.845806
v 1.776194 -0.000500 -0.836147
v 1.768391 -0.440500 -0.838796
v 1.772218 -0.420500 -0.848034
v 1.768391 -0.000500 -0.838796
v 1.761000 -0.440500 -0.842440
v 1.766000 -0.420500 -0.851101
v 1.761000 -0.000500 -0.842440
v 1.754148 -0.440500 -0.847019
v 1.760236 -0.420500 -0.854952
v 1.754148 -0.000500 -0.847019
v 1.755023 -0.420500 -0.859523
v 1.747952 -0.440500 -0.852452
v 1.747952 -0.000500 -0.852452
v 1.750452 -0.420500 -0.864736
v 1.742519 -0.440500 -0.858648
v 1.742519 -0.000500 -0.858648
v 1.746601 -0.420500 -0.870500
v 1.737940 -0.440500 -0.865500
v 1.737940 -0.000500 -0.865500
v 1.743534 -0.420500 -0.876718
v 1.734296 -0.440500 -0.872891
v 1.734296 -0.000500 -0.872891
v 1.741306 -0.420500 -0.883283
v 1.731647 -0.440500 -0.880694
v 1.731647 -0.000500 -0.880694
v 1.730039 -0.440500 -0.888777
v 1.739953 -0.420500 -0.890082
v 1.730039 -0.000500 -0.888777
v 1.729500 -0.440500 -0.897000
v 1.739500 -0.420500 -0.897000
v 1.729500 -0.000500 -0.897000
v 1.730039 -0.440500 -0.905223
v 1.739953 -0.420500 -0.903918
v 1.730039 -0.000500 -0.905223
v 1.731647 -0.440500 -0.913306
v 1.741306 -0.420500 -0.910717
v 1.731647 -0.000500 -0.913306
v 1.734296 -0.440500 -0.921109
v 1.743534 -0.420500 -0.917282
v 1.734296 -0.000500 -0.921109
v 1.737940 -0.440500 -0.928500
v 1.746601 -0.420500 -0.923500
v 1.737940 -0.000500 -0.928500
v 1.742519 -0.440500 -0.935352
v 1.750452 -0.420500 -0.929264
v 1.742519 -0.000500 -0.935352
v 1.747952 -0.440500 -0.941548
v 1.755023 -0.420500 -0.934477
v 1.747952 -0.000500 -0.941548
v 1.754148 -0.440500 -0.946981
v 1.760236 -0.420500 -0.939048
v 1.754148 -0.000500 -0.946981
v 1.761000 -0.440500 -0.951560
v 1.766000 -0.420500 -0.942899
v 1.761000 -0.000500 -0.951560
v 1.768391 -0.440500 -0.955204
v 1.772218 -0.420500 -0.945966
v 1.768391 -0.000500 -0.955204
v 1.776194 -0.440500 -0.957853
v 1.778783 -0.420500 -0.948194
v 1.776194 -0.000500 -0.957853
v 1.784277 -0.440500 -0.959461
v 1.785582 -0.420500 -0.949547
v 1.784277 -0.000500 -0.959461
v 1.739500 -0.000500 -0.897000
v 1.739953 -0.000500 -0.890082
v 1.739953 -0.000500 -0.903918
v 1.741306 -0.000500 -0.910717
v 1.750452 -0.000500 -0.929264
v 1.746601 -0.000500 -0.923500
v 1.743534 -0.000500 -0.917282
v 1.755023 -0.000500 -0.934477
v 1.772218 -0.000500 -0.945966
v 1.766000 -0.000500 -0.942899
v 1.760236 -0.000500 -0.939048
v 1.785582 -0.000500 -0.949547
v 1.799418 -0.000500 -0.949547
v 1.792500 -0.000500 -0.950000
v 1.778783 -0.000500 -0.948194
v 1.743534 -0.000500 -0.876718
v 1.750452 -0.000500 -0.864736
v 1.746601 -0.000500 -0.870500
v 1.760236 -0.000500 -0.854952
v 1.772218 -0.000500 -0.848034
v 1.766000 -0.000500 -0.851101
v 1.755023 -0.000500 -0.859523
v 1.785582 -0.000500 -0.844453
v 1.799418 -0.000500 -0.844453
v 1.792500 -0.000500 -0.844000
v 1.812782 -0.000500 -0.848034
v 1.824764 -0.000500 -0.854952
v 1.819000 -0.000500 -0.851101
v 1.806217 -0.000500 -0.845806
v 1.778783 -0.000500 -0.845806
v 1.812782 -0.000500 -0.945966
v 1.819000 -0.000500 -0.942899
v 1.824764 -0.000500 -0.939048
v 1.829977 -0.000500 -0.934477
v 1.834548 -0.000500 -0.864736
v 1.834548 -0.000500 -0.929264
v 1.841466 -0.000500 -0.876718
v 1.841466 -0.000500 -0.917282
v 1.845500 -0.000500 -0.897000
v 1.845047 -0.000500 -0.903918
v 1.845047 -0.000500 -0.890082
v 1.843694 -0.000500 -0.910717
v 1.843694 -0.000500 -0.883283
v 1.838399 -0.000500 -0.923500
v 1.838399 -0.000500 -0.870500
v 1.741306 -0.000500 -0.883283
v 1.806217 -0.000500 -0.948194
v 1.829977 -0.000500 -0.859523
vn 0.0654 -0.0000 -0.9979
vn 0.1951 -0.0000 -0.9808
vn 0.3215 -0.0000 -0.9469
vn 0.4422 -0.0000 -0.8969
vn 0.5556 -0.0000 -0.8314
vn 0.6593 -0.0000 -0.7519
vn 0.7519 -0.0000 -0.6593
vn 0.8314 -0.0000 -0.5556
vn 0.8969 -0.0000 -0.4422
vn 0.9469 -0.0000 -0.3215
vn 0.9808 -0.0000 -0.1951
vn 0.9979 -0.0000 -0.0654
vn 0.9979 -0.0000 0.0654
vn 0.9808 -0.0000 0.1951
vn 0.9469 -0.0000 0.3215
vn 0.8969 -0.0000 0.4422
vn 0.8314 -0.0000 0.5556
vn 0.7519 -0.0000 0.6593
vn 0.6593 -0.0000 0.7519
vn 0.5556 -0.0000 0.8314
vn 0.4422 -0.0000 0.8969
vn 0.3215 -0.0000 0.9469
vn 0.1951 -0.0000 0.9808
vn 0.0654 -0.0000 0.9979
vn -0.0654 -0.0000 0.9979
vn -0.1951 -0.0000 0.9808
vn -0.3215 -0.0000 0.9469
vn -0.4422 -0.0000 0.8969
vn -0.5556 -0.0000 0.8314
vn -0.6593 -0.0000 0.7519
vn -0.7519 -0.0000 0.6593
vn -0.8314 -0.0000 0.5556
vn -0.8969 -0.0000 0.4422
vn -0.9469 -0.0000 0.3215
vn -0.9808 -0.0000 0.1951
vn -0.9979 -0.0000 0.0654
vn -0.9979 -0.0000 -0.0654
vn -0.9808 -0.0000 -0.1951
vn -0.9469 -0.0000 -0.3215
vn -0.8969 -0.0000 -0.4422
vn -0.8314 -0.0000 -0.5556
vn -0.7519 -0.0000 -0.6593
vn -0.6593 -0.0000 -0.7519
vn -0.5556 -0.0000 -0.8314
vn -0.4422 -0.0000 -0.8969
vn -0.3215 -0.0000 -0.9469
vn -0.0000 1.0000 -0.0000
vn -0.1951 -0.0000 -0.9808
vn -0.0654 -0.0000 -0.9979
vn -0.0000 -1.0000 -0.0000
vn -0.0653 -0.0000 0.9979
vn -0.1952 -0.0000 0.9808
vn -0.3214 -0.0000 0.9470
vn -0.4424 -0.0000 0.8968
vn -0.5555 -0.0000 0.8315
vn -0.8315 -0.0000 0.5555
vn -0.8968 -0.0000 0.4423
vn -0.9470 -0.0000 0.3214
vn -0.9808 -0.0000 0.1952
vn -0.9979 -0.0000 0.0653
vn -0.9979 -0.0000 -0.0653
vn -0.9808 -0.0000 -0.1952
vn -0.9470 -0.0000 -0.3214
vn -0.8968 -0.0000 -0.4424
vn -0.8315 -0.0000 -0.5555
vn -0.5555 -0.0000 -0.8315
vn -0.4424 -0.0000 -0.8968
vn -0.3214 -0.0000 -0.9470
vn -0.1952 -0.0000 -0.9808
vn -0.0653 -0.0000 -0.9979
vn 0.0653 -0.0000 -0.9979
vn 0.1952 -0.0000 -0.9808
vn 0.3214 -0.0000 -0.9470
vn 0.4424 -0.0000 -0.8968
vn 0.5555 -0.0000 -0.8315
vn 0.8315 -0.0000 -0.5555
vn 0.8968 -0.0000 -0.4424
vn 0.9470 -0.0000 -0.3214
vn 0.9808 -0.0000 -0.1952
vn 0.9979 -0.0000 -0.0653
vn 0.9979 -0.0000 0.0653
vn 0.9808 -0.0000 0.1952
vn 0.9470 -0.0000 0.3214
vn 0.8968 -0.0000 0.4424
vn 0.8315 -0.0000 0.5555
vn 0.5555 -0.0000 0.8315
vn 0.4424 -0.0000 0.8968
vn 0.3214 -0.0000 0.9469
vn 0.1952 -0.0000 0.9808
vn 0.0653 -0.0000 0.9979
vt 0.500000 0.280000
vt 0.500000 0.720000
vt 0.508223 0.720000
vt 0.508223 0.280000
vt 0.516306 0.720000
vt 0.516306 0.280000
vt 0.524109 0.720000
vt 0.524109 0.280000
vt 0.531500 0.720000
vt 0.531500 0.280000
vt 0.538352 0.720000
vt 0.538352 0.280000
vt 0.544548 0.720000
vt 0.544548 0.280000
vt 0.280000 0.455452
vt 0.720000 0.455452
vt 0.720000 0.461648
vt 0.280000 0.461648
vt 0.720000 0.468500
vt 0.280000 0.468500
vt 0.720000 0.475891
vt 0.280000 0.475891
vt 0.720000 0.483694
vt 0.280000 0.483694
vt 0.720000 0.491777
vt 0.280000 0.491777
vt 0.720000 0.500000
vt 0.280000 0.500000
vt 0.720000 0.508223
vt 0.280000 0.508223
vt 0.720000 0.516306
vt 0.280000 0.516306
vt 0.720000 0.524109
vt 0.280000 0.524109
vt 0.720000 0.531500
vt 0.280000 0.531500
vt 0.720000 0.538352
vt 0.280000 0.538352
vt 0.720000 0.544548
vt 0.280000 0.544548
vt 0.491777 0.720000
vt 0.491777 0.280000
vt 0.483694 0.720000
vt 0.483694 0.280000
vt 0.475891 0.720000
vt 0.475891 0.280000
vt 0.468500 0.720000
vt 0.468500 0.280000
vt 0.461648 0.720000
vt 0.461648 0.280000
vt 0.455452 0.720000
vt 0.455452 0.280000
vt 0.462523 0.462523
vt 0.455452 0.455452
vt 0.450019 0.461648
vt 0.445440 0.468500
vt 0.441796 0.475891
vt 0.439147 0.483694
vt 0.437539 0.491777
vt 0.437000 0.500000
vt 0.437539 0.508223
vt 0.439147 0.516306
vt 0.441796 0.524109
vt 0.445440 0.531500
vt 0.450019 0.538352
vt 0.455452 0.544548
vt 0.461648 0.549981
vt 0.468500 0.554560
vt 0.475891 0.558204
vt 0.483694 0.560853
vt 0.491777 0.562461
vt 0.500000 0.563000
vt 0.508223 0.562461
vt 0.516306 0.560853
vt 0.524109 0.558204
vt 0.531500 0.554560
vt 0.538352 0.549981
vt 0.544548 0.544548
vt 0.537477 0.537477
vt 0.532264 0.542048
vt 0.526500 0.545899
vt 0.520282 0.548966
vt 0.513717 0.551194
vt 0.506918 0.552547
vt 0.500000 0.553000
vt 0.493082 0.552547
vt 0.486283 0.551194
vt 0.479718 0.548966
vt 0.473500 0.545899
vt 0.467736 0.542048
vt 0.462523 0.537477
vt 0.457952 0.532264
vt 0.454101 0.526500
vt 0.451034 0.520282
vt 0.448806 0.513717
vt 0.447453 0.506918
vt 0.447000 0.500000
vt 0.447453 0.493082
vt 0.448806 0.486283
vt 0.451034 0.479718
vt 0.454101 0.473500
vt 0.457952 0.467736
vt 0.549981 0.538352
vt 0.554560 0.531500
vt 0.558204 0.524109
vt 0.560853 0.516306
vt 0.562461 0.508223
vt 0.563000 0.500000
vt 0.562461 0.491777
vt 0.560853 0.483694
vt 0.558204 0.475891
vt 0.554560 0.468500
vt 0.549981 0.461648
vt 0.544548 0.455452
vt 0.538352 0.450019
vt 0.531500 0.445440
vt 0.524109 0.441796
vt 0.516306 0.439147
vt 0.508223 0.437539
vt 0.500000 0.437000
vt 0.491777 0.437539
vt 0.483694 0.439147
vt 0.475891 0.441796
vt 0.468500 0.445440
vt 0.461648 0.450019
vt 0.467736 0.457952
vt 0.473500 0.454101
vt 0.479718 0.451034
vt 0.486283 0.448806
vt 0.493082 0.447453
vt 0.500000 0.447000
vt 0.506918 0.447453
vt 0.513717 0.448806
vt 0.520282 0.451034
vt 0.526500 0.454101
vt 0.532264 0.457952
vt 0.537477 0.462523
vt 0.542048 0.467736
vt 0.545899 0.473500
vt 0.548966 0.479718
vt 0.551194 0.486283
vt 0.552547 0.493082
vt 0.553000 0.500000
vt 0.552547 0.506918
vt 0.551194 0.513717
vt 0.548966 0.520282
vt 0.545899 0.526500
vt 0.542048 0.532264
vt 0.500000 0.300000
vt 0.506918 0.300000
vt 0.506918 0.720000
vt 0.513717 0.300000
vt 0.513717 0.720000
vt 0.520282 0.300000
vt 0.520282 0.720000
vt 0.526500 0.300000
vt 0.526500 0.720000
vt 0.532264 0.300000
vt 0.532264 0.720000
vt 0.537477 0.300000
vt 0.537477 0.720000
vt 0.300000 0.462523
vt 0.300000 0.467736
vt 0.720000 0.467736
vt 0.720000 0.462523
vt 0.300000 0.473500
vt 0.720000 0.473500
vt 0.300000 0.479718
vt 0.720000 0.479718
vt 0.300000 0.486283
vt 0.720000 0.486283
vt 0.300000 0.493082
vt 0.720000 0.493082
vt 0.300000 0.500000
vt 0.300000 0.506918
vt 0.720000 0.506918
vt 0.300000 0.513717
vt 0.720000 0.513717
vt 0.300000 0.520282
vt 0.720000 0.520282
vt 0.300000 0.526500
vt 0.720000 0.526500
vt 0.300000 0.532264
vt 0.720000 0.532264
vt 0.300000 0.537477
vt 0.720000 0.537477
vt 0.493082 0.300000
vt 0.493082 0.720000
vt 0.486283 0.300000
vt 0.486283 0.720000
vt 0.479718 0.300000
vt 0.479718 0.720000
vt 0.473500 0.300000
vt 0.473500 0.720000
vt 0.467736 0.300000
vt 0.467736 0.720000
vt 0.462523 0.300000
vt 0.462523 0.720000
s 1
usemtl Pocket
f 3477/5203/2024 3479/5204/2024 3482/5205/2024 3480/5206/2024
f 3480/5206/2025 3482/5205/2025 3485/5207/2025 3483/5208/2025
f 3483/5208/2026 3485/5207/2026 3488/5209/2026 3486/5210/2026
f 3486/5210/2027 3488/5209/2027 3491/5211/2027 3489/5212/2027
f 3489/5212/2028 3491/5211/2028 3494/5213/2028 3492/5214/2028
f 3492/5214/2029 3494/5213/2029 3497/5215/2029 3495/5216/2029
f 3495/5217/2030 3497/5218/2030 3500/5219/2030 3498/5220/2030
f 3498/5220/2031 3500/5219/2031 3503/5221/2031 3501/5222/2031
f 3501/5222/2032 3503/5221/2032 3506/5223/2032 3504/5224/2032
f 3504/5224/2033 3506/5223/2033 3509/5225/2033 3507/5226/2033
f 3507/5226/2034 3509/5225/2034 3512/5227/2034 3510/5228/2034
f 3510/5228/2035 3512/5227/2035 3515/5229/2035 3513/5230/2035
f 3513/5230/2036 3515/5229/2036 3518/5231/2036 3516/5232/2036
f 3516/5232/2037 3518/5231/2037 3521/5233/2037 3519/5234/2037
f 3519/5234/2038 3521/5233/2038 3524/5235/2038 3522/5236/2038
f 3522/5236/2039 3524/5235/2039 3527/5237/2039 3525/5238/2039
f 3525/5238/2040 3527/5237/2040 3530/5239/2040 3529/5240/2040
f 3529/5240/2041 3530/5239/2041 3533/5241/2041 3531/5242/2041
f 3531/5216/2042 3533/5215/2042 3536/5213/2042 3534/5214/2042
f 3534/5214/2043 3536/5213/2043 3539/5211/2043 3537/5212/2043
f 3537/5212/2044 3539/5211/2044 3542/5209/2044 3540/5210/2044
f 3540/5210/2045 3542/5209/2045 3545/5207/2045 3543/5208/2045
f 3543/5208/2046 3545/5207/2046 3548/5205/2046 3546/5206/2046
f 3546/5206/2047 3548/5205/2047 3551/5204/2047 3549/5203/2047
f 3549/5203/2048 3551/5204/2048 3554/5243/2048 3552/5244/2048
f 3552/5244/2049 3554/5243/2049 3557/5245/2049 3555/5246/2049
f 3555/5246/2050 3557/5245/2050 3560/5247/2050 3558/5248/2050
f 3558/5248/2051 3560/5247/2051 3563/5249/2051 3561/5250/2051
f 3561/5250/2052 3563/5249/2052 3566/5251/2052 3564/5252/2052
f 3564/5252/2053 3566/5251/2053 3569/5253/2053 3568/5254/2053
f 3568/5242/2054 3569/5241/2054 3572/5239/2054 3571/5240/2054
f 3571/5240/2055 3572/5239/2055 3575/5237/2055 3574/5238/2055
f 3574/5238/2056 3575/5237/2056 3578/5235/2056 3577/5236/2056
f 3577/5236/2057 3578/5235/2057 3581/5233/2057 3580/5234/2057
f 3580/5234/2058 3581/5233/2058 3584/5231/2058 3582/5232/2058
f 3582/5232/2059 3584/5231/2059 3587/5229/2059 3585/5230/2059
f 3585/5230/2060 3587/5229/2060 3590/5227/2060 3588/5228/2060
f 3588/5228/2061 3590/5227/2061 3593/5225/2061 3591/5226/2061
f 3591/5226/2062 3593/5225/2062 3596/5223/2062 3594/5224/2062
f 3594/5224/2063 3596/5223/2063 3599/5221/2063 3597/5222/2063
f 3597/5222/2064 3599/5221/2064 3602/5219/2064 3600/5220/2064
f 3600/5220/2065 3602/5219/2065 3605/5218/2065 3603/5217/2065
f 3603/5254/2066 3605/5253/2066 3608/5251/2066 3606/5252/2066
f 3606/5252/2067 3608/5251/2067 3611/5249/2067 3609/5250/2067
f 3609/5250/2068 3611/5249/2068 3614/5247/2068 3612/5248/2068
f 3612/5248/2069 3614/5247/2069 3617/5245/2069 3615/5246/2069
f 3628/5255/2070 3605/5256/2070 3602/5257/2070 3599/5258/2070 3596/5259/2070 3593/5260/2070 3590/5261/2070 3587/5262/2070 3584/5263/2070 3581/5264/2070 3578/5265/2070 3575/5266/2070 3572/5267/2070 3569/5268/2070 3566/5269/2070 3563/5270/2070 3560/5271/2070 3557/5272/2070 3554/5273/2070 3551/5274/2070 3548/5275/2070 3545/5276/2070 3542/5277/2070 3539/5278/2070 3536/5279/2070 3533/5280/2070 3668/5281/2070 3647/5282/2070 3648/5283/2070 3646/5284/2070 3649/5285/2070 3644/5286/2070 3645/5287/2070 3643/5288/2070 3650/5289/2070 3640/5290/2070 3641/5291/2070 3639/5292/2070 3642/5293/2070 3637/5294/2070 3638/5295/2070 3636/5296/2070 3666/5297/2070 3622/5298/2070 3621/5299/2070 3623/5300/2070 3624/5301/2070 3627/5302/2070 3626/5303/2070 3625/5304/2070
f 3668/5281/2070 3533/5280/2070 3530/5305/2070 3527/5306/2070 3524/5307/2070 3521/5308/2070 3518/5309/2070 3515/5310/2070 3512/5311/2070 3509/5312/2070 3506/5313/2070 3503/5314/2070 3500/5315/2070 3497/5316/2070 3494/5317/2070 3491/5318/2070 3488/5319/2070 3485/5320/2070 3482/5321/2070 3479/5322/2070 3620/5323/2070 3617/5324/2070 3614/5325/2070 3611/5326/2070 3608/5327/2070 3605/5256/2070 3628/5255/2070 3631/5328/2070 3630/5329/2070 3629/5330/2070 3635/5331/2070 3632/5332/2070 3634/5333/2070 3633/5334/2070 3667/5335/2070 3651/5336/2070 3652/5337/2070 3653/5338/2070 3654/5339/2070 3656/5340/2070 3664/5341/2070 3658/5342/2070 3662/5343/2070 3660/5344/2070 3659/5345/2070 3661/5346/2070 3663/5347/2070 3657/5348/2070 3665/5349/2070 3655/5350/2070
f 3615/5246/2071 3617/5245/2071 3620/5243/2071 3618/5244/2071
f 3618/5244/2072 3620/5243/2072 3479/5204/2072 3477/5203/2072
f 3618/5323/2073 3477/5322/2073 3480/5321/2073 3483/5320/2073 3486/5319/2073 3489/5318/2073 3492/5317/2073 3495/5316/2073 3498/5315/2073 3501/5314/2073 3504/5313/2073 3507/5312/2073 3510/5311/2073 3513/5310/2073 3516/5309/2073 3519/5308/2073 3522/5307/2073 3525/5306/2073 3529/5305/2073 3531/5280/2073 3534/5279/2073 3537/5278/2073 3540/5277/2073 3543/5276/2073 3546/5275/2073 3549/5274/2073 3552/5273/2073 3555/5272/2073 3558/5271/2073 3561/5270/2073 3564/5269/2073 3568/5268/2073 3571/5267/2073 3574/5266/2073 3577/5265/2073 3580/5264/2073 3582/5263/2073 3585/5262/2073 3588/5261/2073 3591/5260/2073 3594/5259/2073 3597/5258/2073 3600/5257/2073 3603/5256/2073 3606/5327/2073 3609/5326/2073 3612/5325/2073 3615/5324/2073
f 3634/5204/2074 3478/5351/2074 3481/5352/2074 3633/5353/2074
f 3633/5353/2075 3481/5352/2075 3484/5354/2075 3667/5355/2075
f 3667/5355/2076 3484/5354/2076 3487/5356/2076 3651/5357/2076
f 3651/5357/2077 3487/5356/2077 3490/5358/2077 3652/5359/2077
f 3652/5359/2078 3490/5358/2078 3493/5360/2078 3653/5361/2078
f 3653/5361/2053 3493/5360/2053 3496/5362/2053 3654/5363/2053
f 3496/5364/2054 3499/5365/2054 3656/5366/2054 3654/5367/2054
f 3499/5365/2079 3502/5368/2079 3664/5369/2079 3656/5366/2079
f 3502/5368/2080 3505/5370/2080 3658/5371/2080 3664/5369/2080
f 3505/5370/2081 3508/5372/2081 3662/5373/2081 3658/5371/2081
f 3508/5372/2082 3511/5374/2082 3660/5375/2082 3662/5373/2082
f 3511/5374/2083 3514/5376/2083 3659/5229/2083 3660/5375/2083
f 3514/5376/2084 3517/5377/2084 3661/5378/2084 3659/5229/2084
f 3517/5377/2085 3520/5379/2085 3663/5380/2085 3661/5378/2085
f 3520/5379/2086 3523/5381/2086 3657/5382/2086 3663/5380/2086
f 3523/5381/2087 3526/5383/2087 3665/5384/2087 3657/5382/2087
f 3526/5383/2088 3528/5385/2088 3655/5386/2088 3665/5384/2088
f 3528/5385/2065 3532/5387/2065 3668/5388/2065 3655/5386/2065
f 3532/5362/2066 3535/5360/2066 3647/5361/2066 3668/5363/2066
f 3535/5360/2089 3538/5358/2089 3648/5359/2089 3647/5361/2089
f 3538/5358/2090 3541/5356/2090 3646/5357/2090 3648/5359/2090
f 3541/5356/2091 3544/5354/2091 3649/5355/2091 3646/5357/2091
f 3544/5354/2092 3547/5352/2092 3644/5353/2092 3649/5355/2092
f 3547/5352/2093 3550/5351/2093 3645/5204/2093 3644/5353/2093
f 3550/5351/2094 3553/5389/2094 3643/5390/2094 3645/5204/2094
f 3553/5389/2095 3556/5391/2095 3650/5392/2095 3643/5390/2095
f 3556/5391/2096 3559/5393/2096 3640/5394/2096 3650/5392/2096
f 3559/5393/2097 3562/5395/2097 3641/5396/2097 3640/5394/2097
f 3562/5395/2098 3565/5397/2098 3639/5398/2098 3641/5396/2098
f 3565/5397/2029 3567/5399/2029 3642/5400/2029 3639/5398/2029
f 3642/5388/2030 3567/5387/2030 3570/5385/2030 3637/5386/2030
f 3637/5386/2099 3570/5385/2099 3573/5383/2099 3638/5384/2099
f 3638/5384/2100 3573/5383/2100 3576/5381/2100 3636/5382/2100
f 3636/5382/2101 3576/5381/2101 3579/5379/2101 3666/5380/2101
f 3666/5380/2102 3579/5379/2102 3583/5377/2102 3622/5378/2102
f 3622/5378/2103 3583/5377/2103 3586/5376/2103 3621/5229/2103
f 3621/5229/2104 3586/5376/2104 3589/5374/2104 3623/5375/2104
f 3623/5375/2105 3589/5374/2105 3592/5372/2105 3624/5373/2105
f 3624/5373/2106 3592/5372/2106 3595/5370/2106 3627/5371/2106
f 3627/5371/2107 3595/5370/2107 3598/5368/2107 3626/5369/2107
f 3626/5369/2108 3598/5368/2108 3601/5365/2108 3625/5366/2108
f 3625/5366/2041 3601/5365/2041 3604/5364/2041 3628/5367/2041
f 3628/5400/2042 3604/5399/2042 3607/5397/2042 3631/5398/2042
f 3631/5398/2109 3607/5397/2109 3610/5395/2109 3630/5396/2109
f 3630/5396/2110 3610/5395/2110 3613/5393/2110 3629/5394/2110
f 3629/5394/2111 3613/5393/2111 3616/5391/2111 3635/5392/2111
f 3635/5392/2112 3616/5391/2112 3619/5389/2112 3632/5390/2112
f 3632/5390/2113 3619/5389/2113 3478/5351/2113 3634/5204/2113
f 3601/5304/2070 3598/5303/2070 3595/5302/2070 3592/5301/2070 3589/5300/2070 3586/5299/2070 3583/5298/2070 3579/5297/2070 3576/5296/2070 3573/5295/2070 3570/5294/2070 3567/5293/2070 3565/5292/2070 3562/5291/2070 3559/5290/2070 3556/5289/2070 3553/5288/2070 3550/5287/2070 3547/5286/2070 3544/5285/2070 3541/5284/2070 3538/5283/2070 3535/5282/2070 3532/5281/2070 3528/5350/2070 3526/5349/2070 3523/5348/2070 3520/5347/2070 3517/5346/2070 3514/5345/2070 3511/5344/2070 3508/5343/2070 3505/5342/2070 3502/5341/2070 3499/5340/2070 3496/5339/2070 3493/5338/2070 3490/5337/2070 3487/5336/2070 3484/5335/2070 3481/5334/2070 3478/5333/2070 3619/5332/2070 3616/5331/2070 3613/5330/2070 3610/5329/2070 3607/5328/2070 3604/5255/2070
o Pocket_1
v 1.792500 -0.440500 0.834000
v 1.792500 -0.420500 0.844000
v 1.792500 -0.000500 0.834000
v 1.800723 -0.440500 0.834539
v 1.799418 -0.420500 0.844453
v 1.800723 -0.000500 0.834539
v 1.808806 -0.440500 0.836147
v 1.806217 -0.420500 0.845806
v 1.808806 -0.000500 0.836147
v 1.816609 -0.440500 0.838796
v 1.812782 -0.420500 0.848034
v 1.816609 -0.000500 0.838796
v 1.824000 -0.440500 0.842440
v 1.819000 -0.420500 0.851101
v 1.824000 -0.000500 0.842440
v 1.830852 -0.440500 0.847019
v 1.824764 -0.420500 0.854952
v 1.830852 -0.000500 0.847019
v 1.837048 -0.440500 0.852452
v 1.829977 -0.420500 0.859523
v 1.837048 -0.000500 0.852452
v 1.842481 -0.440500 0.858648
v 1.834548 -0.420500 0.864736
v 1.842481 -0.000500 0.858648
v 1.847060 -0.440500 0.865500
v 1.838399 -0.420500 0.870500
v 1.847060 -0.000500 0.865500
v 1.850704 -0.440500 0.872891
v 1.841466 -0.420500 0.876718
v 1.850704 -0.000500 0.872891
v 1.853353 -0.440500 0.880694
v 1.843694 -0.420500 0.883283
v 1.853353 -0.000500 0.880694
v 1.854961 -0.440500 0.888777
v 1.845047 -0.420500 0.890082
v 1.854961 -0.000500 0.888777
v 1.855500 -0.440500 0.897000
v 1.845500 -0.420500 0.897000
v 1.855500 -0.000500 0.897000
v 1.854961 -0.440500 0.905223
v 1.845047 -0.420500 0.903918
v 1.854961 -0.000500 0.905223
v 1.853353 -0.440500 0.913306
v 1.843694 -0.420500 0.910717
v 1.853353 -0.000500 0.913306
v 1.850704 -0.440500 0.921109
v 1.841466 -0.420500 0.917282
v 1.850704 -0.000500 0.921109
v 1.847060 -0.440500 0.928500
v 1.838399 -0.420500 0.923500
v 1.847060 -0.000500 0.928500
v 1.834548 -0.420500 0.929264
v 1.842481 -0.440500 0.935352
v 1.842481 -0.000500 0.935352
v 1.837048 -0.440500 0.941548
v 1.829977 -0.420500 0.934477
v 1.837048 -0.000500 0.941548
v 1.830852 -0.440500 0.946981
v 1.824764 -0.420500 0.939048
v 1.830852 -0.000500 0.946981
v 1.824000 -0.440500 0.951560
v 1.819000 -0.420500 0.942899
v 1.824000 -0.000500 0.951560
v 1.816609 -0.440500 0.955204
v 1.812782 -0.420500 0.945966
v 1.816609 -0.000500 0.955204
v 1.808806 -0.440500 0.957853
v 1.806217 -0.420500 0.948194
v 1.808806 -0.000500 0.957853
v 1.800723 -0.440500 0.959461
v 1.799418 -0.420500 0.949547
v 1.800723 -0.000500 0.959461
v 1.792500 -0.440500 0.960000
v 1.792500 -0.420500 0.950000
v 1.792500 -0.000500 0.960000
v 1.784277 -0.440500 0.959461
v 1.785582 -0.420500 0.949547
v 1.784277 -0.000500 0.959461
v 1.776194 -0.440500 0.957853
v 1.778783 -0.420500 0.948194
v 1.776194 -0.000500 0.957853
v 1.768391 -0.440500 0.955204
v 1.772218 -0.420500 0.945966
v 1.768391 -0.000500 0.955204
v 1.761000 -0.440500 0.951560
v 1.766000 -0.420500 0.942899
v 1.761000 -0.000500 0.951560
v 1.754148 -0.440500 0.946981
v 1.760236 -0.420500 0.939048
v 1.754148 -0.000500 0.946981
v 1.755023 -0.420500 0.934477
v 1.747952 -0.440500 0.941548
v 1.747952 -0.000500 0.941548
v 1.750452 -0.420500 0.929264
v 1.742519 -0.440500 0.935352
v 1.742519 -0.000500 0.935352
v 1.746601 -0.420500 0.923500
v 1.737940 -0.440500 0.928500
v 1.737940 -0.000500 0.928500
v 1.743534 -0.420500 0.917282
v 1.734296 -0.440500 0.921109
v 1.734296 -0.000500 0.921109
v 1.741306 -0.420500 0.910717
v 1.731647 -0.440500 0.913306
v 1.731647 -0.000500 0.913306
v 1.730039 -0.440500 0.905223
v 1.739953 -0.420500 0.903918
v 1.730039 -0.000500 0.905223
v 1.729500 -0.440500 0.897000
v 1.739500 -0.420500 0.897000
v 1.729500 -0.000500 0.897000
v 1.730039 -0.440500 0.888777
v 1.739953 -0.420500 0.890082
v 1.730039 -0.000500 0.888777
v 1.731647 -0.440500 0.880694
v 1.741306 -0.420500 0.883283
v 1.731647 -0.000500 0.880694
v 1.734296 -0.440500 0.872891
v 1.743534 -0.420500 0.876718
v 1.734296 -0.000500 0.872891
v 1.737940 -0.440500 0.865500
v 1.746601 -0.420500 0.870500
v 1.737940 -0.000500 0.865500
v 1.742519 -0.440500 0.858648
v 1.750452 -0.420500 0.864736
v 1.742519 -0.000500 0.858648
v 1.747952 -0.440500 0.852452
v 1.755023 -0.420500 0.859523
v 1.747952 -0.000500 0.852452
v 1.754148 -0.440500 0.847019
v 1.760236 -0.420500 0.854952
v 1.754148 -0.000500 0.847019
v 1.761000 -0.440500 0.842440
v 1.766000 -0.420500 0.851101
v 1.761000 -0.000500 0.842440
v 1.768391 -0.440500 0.838796
v 1.772218 -0.420500 0.848034
v 1.768391 -0.000500 0.838796
v 1.776194 -0.440500 0.836147
v 1.778783 -0.420500 0.845806
v 1.776194 -0.000500 0.836147
v 1.784277 -0.440500 0.834539
v 1.785582 -0.420500 0.844453
v 1.784277 -0.000500 0.834539
v 1.739500 -0.000500 0.897000
v 1.739953 -0.000500 0.903918
v 1.739953 -0.000500 0.890082
v 1.741306 -0.000500 0.883283
v 1.750452 -0.000500 0.864736
v 1.746601 -0.000500 0.870500
v 1.743534 -0.000500 0.876718
v 1.755023 -0.000500 0.859523
v 1.772218 -0.000500 0.848034
v 1.766000 -0.000500 0.851101
v 1.760236 -0.000500 0.854952
v 1.785582 -0.000500 0.844453
v 1.799418 -0.000500 0.844453
v 1.792500 -0.000500 0.844000
v 1.778783 -0.000500 0.845806
v 1.743534 -0.000500 0.917282
v 1.750452 -0.000500 0.929264
v 1.746601 -0.000500 0.923500
v 1.760236 -0.000500 0.939048
v 1.772218 -0.000500 0.945966
v 1.766000 -0.000500 0.942899
v 1.755023 -0.000500 0.934477
v 1.785582 -0.000500 0.949547
v 1.799418 -0.000500 0.949547
v 1.792500 -0.000500 0.950000
v 1.812782 -0.000500 0.945966
v 1.824764 -0.000500 0.939048
v 1.819000 -0.000500 0.942899
v 1.806217 -0.000500 0.948194
v 1.778783 -0.000500 0.948194
v 1.812782 -0.000500 0.848034
v 1.819000 -0.000500 0.851101
v 1.824764 -0.000500 0.854952
v 1.829977 -0.000500 0.859523
v 1.834548 -0.000500 0.929264
v 1.834548 -0.000500 0.864736
v 1.841466 -0.000500 0.917282
v 1.841466 -0.000500 0.876718
v 1.845500 -0.000500 0.897000
v 1.845047 -0.000500 0.890082
v 1.845047 -0.000500 0.903918
v 1.843694 -0.000500 0.883283
v 1.843694 -0.000500 0.910717
v 1.838399 -0.000500 0.870500
v 1.838399 -0.000500 0.923500
v 1.741306 -0.000500 0.910717
v 1.806217 -0.000500 0.845806
v 1.829977 -0.000500 0.934477
vn 0.0654 -0.0000 -0.9979
vn 0.1951 -0.0000 -0.9808
vn 0.3215 -0.0000 -0.9469
vn 0.4422 -0.0000 -0.8969
vn 0.5556 -0.0000 -0.8314
vn 0.6593 -0.0000 -0.7519
vn 0.7519 -0.0000 -0.6593
vn 0.8314 -0.0000 -0.5556
vn 0.8969 -0.0000 -0.4422
vn 0.9469 -0.0000 -0.3215
vn 0.9808 -0.0000 -0.1951
vn 0.9979 -0.0000 -0.0654
vn 0.9979 -0.0000 0.0654
vn 0.9808 -0.0000 0.1951
vn 0.9469 -0.0000 0.3215
vn 0.8969 -0.0000 0.4422
vn 0.8314 -0.0000 0.5556
vn 0.7519 -0.0000 0.6593
vn 0.6593 -0.0000 0.7519
vn 0.5556 -0.0000 0.8314
vn 0.4422 -0.0000 0.8969
vn 0.3215 -0.0000 0.9469
vn 0.1951 -0.0000 0.9808
vn 0.0654 -0.0000 0.9979
vn -0.0654 -0.0000 0.9979
vn -0.1951 -0.0000 0.9808
vn -0.3215 -0.0000 0.9469
vn -0.4422 -0.0000 0.8969
vn -0.5556 -0.0000 0.8314
vn -0.6593 -0.0000 0.7519
vn -0.7519 -0.0000 0.6593
vn -0.8314 -0.0000 0.5556
vn -0.8969 -0.0000 0.4422
vn -0.9469 -0.0000 0.3215
vn -0.9808 -0.0000 0.1951
vn -0.9979 -0.0000 0.0654
vn -0.9979 -0.0000 -0.0654
vn -0.9808 -0.0000 -0.1951
vn -0.9469 -0.0000 -0.3215
vn -0.8969 -0.0000 -0.4422
vn -0.8314 -0.0000 -0.5556
vn -0.7519 -0.0000 -0.6593
vn -0.6593 -0.0000 -0.7519
vn -0.5556 -0.0000 -0.8314
vn -0.4422 -0.0000 -0.8969
vn -0.3215 -0.0000 -0.9469
vn -0.0000 1.0000 -0.0000
vn -0.1951 -0.0000 -0.9808
vn -0.0654 -0.0000 -0.9979
vn -0.0000 -1.0000 -0.0000
vn -0.0653 -0.0000 0.9979
vn -0.1952 -0.0000 0.9808
vn -0.3214 -0.0000 0.9470
vn -0.4424 -0.0000 0.8968
vn -0.5555 -0.0000 0.8315
vn -0.8315 -0.0000 0.5555
vn -0.8968 -0.0000 0.4424
vn -0.9470 -0.0000 0.3214
vn -0.9808 -0.0000 0.1952
vn -0.9979 -0.0000 0.0653
vn -0.9979 -0.0000 -0.0653
vn -0.9808 -0.0000 -0.1952
vn -0.9470 -0.0000 -0.3214
vn -0.8968 -0.0000 -0.4423
vn -0.8315 -0.0000 -0.5555
vn -0.5555 -0.0000 -0.8315
vn -0.4424 -0.0000 -0.8968
vn -0.3214 -0.0000 -0.9470
vn -0.1952 -0.0000 -0.9808
vn -0.0653 -0.0000 -0.9979
vn 0.0653 -0.0000 -0.9979
vn 0.1952 -0.0000 -0.9808
vn 0.3214 -0.0000 -0.9469
vn 0.4424 -0.0000 -0.8968
vn 0.5555 -0.0000 -0.8315
vn 0.8315 -0.0000 -0.5555
vn 0.8968 -0.0000 -0.4424
vn 0.9470 -0.0000 -0.3214
vn 0.9808 -0.0000 -0.1952
vn 0.9979 -0.0000 -0.0653
vn 0.9979 -0.0000 0.0653
vn 0.9808 -0.0000 0.1952
vn 0.9470 -0.0000 0.3214
vn 0.8968 -0.0000 0.4424
vn 0.8315 -0.0000 0.5555
vn 0.5555 -0.0000 0.8315
vn 0.4424 -0.0000 0.8968
vn 0.3214 -0.0000 0.9470
vn 0.1952 -0.0000 0.9808
vn 0.0653 -0.0000 0.9979
vt 0.500000 0.280000
vt 0.500000 0.720000
vt 0.508223 0.720000
vt 0.508223 0.280000
vt 0.516306 0.720000
vt 0.516306 0.280000
vt 0.524109 0.720000
vt 0.524109 0.280000
vt 0.531500 0.720000
vt 0.531500 0.280000
vt 0.538352 0.720000
vt 0.538352 0.280000
vt 0.544548 0.720000
vt 0.544548 0.280000
vt 0.280000 0.455452
vt 0.720000 0.455452
vt 0.720000 0.461648
vt 0.280000 0.461648
vt 0.720000 0.468500
vt 0.280000 0.468500
vt 0.720000 0.475891
vt 0.280000 0.475891
vt 0.720000 0.483694
vt 0.280000 0.483694
vt 0.720000 0.491777
vt 0.280000 0.491777
vt 0.720000 0.500000
vt 0.280000 0.500000
vt 0.720000 0.508223
vt 0.280000 0.508223
vt 0.720000 0.516306
vt 0.280000 0.516306
vt 0.720000 0.524109
vt 0.280000 0.524109
vt 0.720000 0.531500
vt 0.280000 0.531500
vt 0.720000 0.538352
vt 0.280000 0.538352
vt 0.720000 0.544548
vt 0.280000 0.544548
vt 0.491777 0.720000
vt 0.491777 0.280000
vt 0.483694 0.720000
vt 0.483694 0.280000
vt 0.475891 0.720000
vt 0.475891 0.280000
vt 0.468500 0.720000
vt 0.468500 0.280000
vt 0.461648 0.720000
vt 0.461648 0.280000
vt 0.455452 0.720000
vt 0.455452 0.280000
vt 0.462523 0.462523
vt 0.455452 0.455452
vt 0.450019 0.461648
vt 0.445440 0.468500
vt 0.441796 0.475891
vt 0.439147 0.483694
vt 0.437539 0.491777
vt 0.437000 0.500000
vt 0.437539 0.508223
vt 0.439147 0.516306
vt 0.441796 0.524109
vt 0.445440 0.531500
vt 0.450019 0.538352
vt 0.455452 0.544548
vt 0.461648 0.549981
vt 0.468500 0.554560
vt 0.475891 0.558204
vt 0.483694 0.560853
vt 0.491777 0.562461
vt 0.500000 0.563000
vt 0.508223 0.562461
vt 0.516306 0.560853
vt 0.524109 0.558204
vt 0.531500 0.554560
vt 0.538352 0.549981
vt 0.544548 0.544548
vt 0.537477 0.537477
vt 0.532264 0.542048
vt 0.526500 0.545899
vt 0.520282 0.548966
vt 0.513717 0.551194
vt 0.506918 0.552547
vt 0.500000 0.553000
vt 0.493082 0.552547
vt 0.486283 0.551194
vt 0.479718 0.548966
vt 0.473500 0.545899
vt 0.467736 0.542048
vt 0.462523 0.537477
vt 0.457952 0.532264
vt 0.454101 0.526500
vt 0.451034 0.520282
vt 0.448806 0.513717
vt 0.447453 0.506918
vt 0.447000 0.500000
vt 0.447453 0.493082
vt 0.448806 0.486283
vt 0.451034 0.479718
vt 0.454101 0.473500
vt 0.457952 0.467736
vt 0.549981 0.538352
vt 0.554560 0.531500
vt 0.558204 0.524109
vt 0.560853 0.516306
vt 0.562461 0.508223
vt 0.563000 0.500000
vt 0.562461 0.491777
vt 0.560853 0.483694
vt 0.558204 0.475891
vt 0.554560 0.468500
vt 0.549981 0.461648
vt 0.544548 0.455452
vt 0.538352 0.450019
vt 0.531500 0.445440
vt 0.524109 0.441796
vt 0.516306 0.439147
vt 0.508223 0.437539
vt 0.500000 0.437000
vt 0.491777 0.437539
vt 0.483694 0.439147
vt 0.475891 0.441796
vt 0.468500 0.445440
vt 0.461648 0.450019
vt 0.467736 0.457952
vt 0.473500 0.454101
vt 0.479718 0.451034
vt 0.486283 0.448806
vt 0.493082 0.447453
vt 0.500000 0.447000
vt 0.506918 0.447453
vt 0.513717 0.448806
vt 0.520282 0.451034
vt 0.526500 0.454101
vt 0.532264 0.457952
vt 0.537477 0.462523
vt 0.542048 0.467736
vt 0.545899 0.473500
vt 0.548966 0.479718
vt 0.551194 0.486283
vt 0.552547 0.493082
vt 0.553000 0.500000
vt 0.552547 0.506918
vt 0.551194 0.513717
vt 0.548966 0.520282
vt 0.545899 0.526500
vt 0.542048 0.532264
vt 0.500000 0.300000
vt 0.506918 0.300000
vt 0.506918 0.720000
vt 0.513717 0.300000
vt 0.513717 0.720000
vt 0.520282 0.300000
vt 0.520282 0.720000
vt 0.526500 0.300000
vt 0.526500 0.720000
vt 0.532264 0.300000
vt 0.532264 0.720000
vt 0.537477 0.300000
vt 0.537477 0.720000
vt 0.300000 0.462523
vt 0.300000 0.467736
vt 0.720000 0.467736
vt 0.720000 0.462523
vt 0.300000 0.473500
vt 0.720000 0.473500
vt 0.300000 0.479718
vt 0.720000 0.479718
vt 0.300000 0.486283
vt 0.720000 0.486283
vt 0.300000 0.493082
vt 0.720000 0.493082
vt 0.300000 0.500000
vt 0.300000 0.506918
vt 0.720000 0.506918
vt 0.300000 0.513717
vt 0.720000 0.513717
vt 0.300000 0.520282
vt 0.720000 0.520282
vt 0.300000 0.526500
vt 0.720000 0.526500
vt 0.300000 0.532264
vt 0.720000 0.532264
vt 0.300000 0.537477
vt 0.720000 0.537477
vt 0.493082 0.300000
vt 0.493082 0.720000
vt 0.486283 0.300000
vt 0.486283 0.720000
vt 0.479718 0.300000
vt 0.479718 0.720000
vt 0.473500 0.300000
vt 0.473500 0.720000
vt 0.467736 0.300000
vt 0.467736 0.720000
vt 0.462523 0.300000
vt 0.462523 0.720000
s 1
usemtl Pocket
f 3669/5401/2114 3671/5402/2114 3674/5403/2114 3672/5404/2114
f 3672/5404/2115 3674/5403/2115 3677/5405/2115 3675/5406/2115
f 3675/5406/2116 3677/5405/2116 3680/5407/2116 3678/5408/2116
f 3678/5408/2117 3680/5407/2117 3683/5409/2117 3681/5410/2117
f 3681/5410/2118 3683/5409/2118 3686/5411/2118 3684/5412/2118
f 3684/5412/2119 3686/5411/2119 3689/5413/2119 3687/5414/2119
f 3687/5415/2120 3689/5416/2120 3692/5417/2120 3690/5418/2120
f 3690/5418/2121 3692/5417/2121 3695/5419/2121 3693/5420/2121
f 3693/5420/2122 3695/5419/2122 3698/5421/2122 3696/5422/2122
f 3696/5422/2123 3698/5421/2123 3701/5423/2123 3699/5424/2123
f 3699/5424/2124 3701/5423/2124 3704/5425/2124 3702/5426/2124
f 3702/5426/2125 3704/5425/2125 3707/5427/2125 3705/5428/2125
f 3705/5428/2126 3707/5427/2126 3710/5429/2126 3708/5430/2126
f 3708/5430/2127 3710/5429/2127 3713/5431/2127 3711/5432/2127
f 3711/5432/2128 3713/5431/2128 3716/5433/2128 3714/5434/2128
f 3714/5434/2129 3716/5433/2129 3719/5435/2129 3717/5436/2129
f 3717/5436/2130 3719/5435/2130 3722/5437/2130 3721/5438/2130
f 3721/5438/2131 3722/5437/2131 3725/5439/2131 3723/5440/2131
f 3723/5414/2132 3725/5413/2132 3728/5411/2132 3726/5412/2132
f 3726/5412/2133 3728/5411/2133 3731/5409/2133 3729/5410/2133
f 3729/5410/2134 3731/5409/2134 3734/5407/2134 3732/5408/2134
f 3732/5408/2135 3734/5407/2135 3737/5405/2135 3735/5406/2135
f 3735/5406/2136 3737/5405/2136 3740/5403/2136 3738/5404/2136
f 3738/5404/2137 3740/5403/2137 3743/5402/2137 3741/5401/2137
f 3741/5401/2138 3743/5402/2138 3746/5441/2138 3744/5442/2138
f 3744/5442/2139 3746/5441/2139 3749/5443/2139 3747/5444/2139
f 3747/5444/2140 3749/5443/2140 3752/5445/2140 3750/5446/2140
f 3750/5446/2141 3752/5445/2141 3755/5447/2141 3753/5448/2141
f 3753/5448/2142 3755/5447/2142 3758/5449/2142 3756/5450/2142
f 3756/5450/2143 3758/5449/2143 3761/5451/2143 3760/5452/2143
f 3760/5440/2144 3761/5439/2144 3764/5437/2144 3763/5438/2144
f 3763/5438/2145 3764/5437/2145 3767/5435/2145 3766/5436/2145
f 3766/5436/2146 3767/5435/2146 3770/5433/2146 3769/5434/2146
f 3769/5434/2147 3770/5433/2147 3773/5431/2147 3772/5432/2147
f 3772/5432/2148 3773/5431/2148 3776/5429/2148 3774/5430/2148
f 3774/5430/2149 3776/5429/2149 3779/5427/2149 3777/5428/2149
f 3777/5428/2150 3779/5427/2150 3782/5425/2150 3780/5426/2150
f 3780/5426/2151 3782/5425/2151 3785/5423/2151 3783/5424/2151
f 3783/5424/2152 3785/5423/2152 3788/5421/2152 3786/5422/2152
f 3786/5422/2153 3788/5421/2153 3791/5419/2153 3789/5420/2153
f 3789/5420/2154 3791/5419/2154 3794/5417/2154 3792/5418/2154
f 3792/5418/2155 3794/5417/2155 3797/5416/2155 3795/5415/2155
f 3795/5452/2156 3797/5451/2156 3800/5449/2156 3798/5450/2156
f 3798/5450/2157 3800/5449/2157 3803/5447/2157 3801/5448/2157
f 3801/5448/2158 3803/5447/2158 3806/5445/2158 3804/5446/2158
f 3804/5446/2159 3806/5445/2159 3809/5443/2159 3807/5444/2159
f 3820/5453/2160 3797/5454/2160 3794/5455/2160 3791/5456/2160 3788/5457/2160 3785/5458/2160 3782/5459/2160 3779/5460/2160 3776/5461/2160 3773/5462/2160 3770/5463/2160 3767/5464/2160 3764/5465/2160 3761/5466/2160 3758/5467/2160 3755/5468/2160 3752/5469/2160 3749/5470/2160 3746/5471/2160 3743/5472/2160 3740/5473/2160 3737/5474/2160 3734/5475/2160 3731/5476/2160 3728/5477/2160 3725/5478/2160 3860/5479/2160 3839/5480/2160 3840/5481/2160 3838/5482/2160 3841/5483/2160 3836/5484/2160 3837/5485/2160 3835/5486/2160 3842/5487/2160 3832/5488/2160 3833/5489/2160 3831/5490/2160 3834/5491/2160 3829/5492/2160 3830/5493/2160 3828/5494/2160 3858/5495/2160 3814/5496/2160 3813/5497/2160 3815/5498/2160 3816/5499/2160 3819/5500/2160 3818/5501/2160 3817/5502/2160
f 3860/5479/2160 3725/5478/2160 3722/5503/2160 3719/5504/2160 3716/5505/2160 3713/5506/2160 3710/5507/2160 3707/5508/2160 3704/5509/2160 3701/5510/2160 3698/5511/2160 3695/5512/2160 3692/5513/2160 3689/5514/2160 3686/5515/2160 3683/5516/2160 3680/5517/2160 3677/5518/2160 3674/5519/2160 3671/5520/2160 3812/5521/2160 3809/5522/2160 3806/5523/2160 3803/5524/2160 3800/5525/2160 3797/5454/2160 3820/5453/2160 3823/5526/2160 3822/5527/2160 3821/5528/2160 3827/5529/2160 3824/5530/2160 3826/5531/2160 3825/5532/2160 3859/5533/2160 3843/5534/2160 3844/5535/2160 3845/5536/2160 3846/5537/2160 3848/5538/2160 3856/5539/2160 3850/5540/2160 3854/5541/2160 3852/5542/2160 3851/5543/2160 3853/5544/2160 3855/5545/2160 3849/5546/2160 3857/5547/2160 3847/5548/2160
f 3807/5444/2161 3809/5443/2161 3812/5441/2161 3810/5442/2161
f 3810/5442/2162 3812/5441/2162 3671/5402/2162 3669/5401/2162
f 3810/5521/2163 3669/5520/2163 3672/5519/2163 3675/5518/2163 3678/5517/2163 3681/5516/2163 3684/5515/2163 3687/5514/2163 3690/5513/2163 3693/5512/2163 3696/5511/2163 3699/5510/2163 3702/5509/2163 3705/5508/2163 3708/5507/2163 3711/5506/2163 3714/5505/2163 3717/5504/2163 3721/5503/2163 3723/5478/2163 3726/5477/2163 3729/5476/2163 3732/5475/2163 3735/5474/2163 3738/5473/2163 3741/5472/2163 3744/5471/2163 3747/5470/2163 3750/5469/2163 3753/5468/2163 3756/5467/2163 3760/5466/2163 3763/5465/2163 3766/5464/2163 3769/5463/2163 3772/5462/2163 3774/5461/2163 3777/5460/2163 3780/5459/2163 3783/5458/2163 3786/5457/2163 3789/5456/2163 3792/5455/2163 3795/5454/2163 3798/5525/2163 3801/5524/2163 3804/5523/2163 3807/5522/2163
f 3826/5402/2164 3670/5549/2164 3673/5550/2164 3825/5551/2164
f 3825/5551/2165 3673/5550/2165 3676/5552/2165 3859/5553/2165
f 3859/5553/2166 3676/5552/2166 3679/5554/2166 3843/5555/2166
f 3843/5555/2167 3679/5554/2167 3682/5556/2167 3844/5557/2167
f 3844/5557/2168 3682/5556/2168 3685/5558/2168 3845/5559/2168
f 3845/5559/2143 3685/5558/2143 3688/5560/2143 3846/5561/2143
f 3688/5562/2144 3691/5563/2144 3848/5564/2144 3846/5565/2144
f 3691/5563/2169 3694/5566/2169 3856/5567/2169 3848/5564/2169
f 3694/5566/2170 3697/5568/2170 3850/5569/2170 3856/5567/2170
f 3697/5568/2171 3700/5570/2171 3854/5571/2171 3850/5569/2171
f 3700/5570/2172 3703/5572/2172 3852/5573/2172 3854/5571/2172
f 3703/5572/2173 3706/5574/2173 3851/5427/2173 3852/5573/2173
f 3706/5574/2174 3709/5575/2174 3853/5576/2174 3851/5427/2174
f 3709/5575/2175 3712/5577/2175 3855/5578/2175 3853/5576/2175
f 3712/5577/2176 3715/5579/2176 3849/5580/2176 3855/5578/2176
f 3715/5579/2177 3718/5581/2177 3857/5582/2177 3849/5580/2177
f 3718/5581/2178 3720/5583/2178 3847/5584/2178 3857/5582/2178
f 3720/5583/2155 3724/5585/2155 3860/5586/2155 3847/5584/2155
f 3724/5560/2156 3727/5558/2156 3839/5559/2156 3860/5561/2156
f 3727/5558/2179 3730/5556/2179 3840/5557/2179 3839/5559/2179
f 3730/5556/2180 3733/5554/2180 3838/5555/2180 3840/5557/2180
f 3733/5554/2181 3736/5552/2181 3841/5553/2181 3838/5555/2181
f 3736/5552/2182 3739/5550/2182 3836/5551/2182 3841/5553/2182
f 3739/5550/2183 3742/5549/2183 3837/5402/2183 3836/5551/2183
f 3742/5549/2184 3745/5587/2184 3835/5588/2184 3837/5402/2184
f 3745/5587/2185 3748/5589/2185 3842/5590/2185 3835/5588/2185
f 3748/5589/2186 3751/5591/2186 3832/5592/2186 3842/5590/2186
f 3751/5591/2187 3754/5593/2187 3833/5594/2187 3832/5592/2187
f 3754/5593/2188 3757/5595/2188 3831/5596/2188 3833/5594/2188
f 3757/5595/2119 3759/5597/2119 3834/5598/2119 3831/5596/2119
f 3834/5586/2120 3759/5585/2120 3762/5583/2120 3829/5584/2120
f 3829/5584/2189 3762/5583/2189 3765/5581/2189 3830/5582/2189
f 3830/5582/2190 3765/5581/2190 3768/5579/2190 3828/5580/2190
f 3828/5580/2191 3768/5579/2191 3771/5577/2191 3858/5578/2191
f 3858/5578/2192 3771/5577/2192 3775/5575/2192 3814/5576/2192
f 3814/5576/2193 3775/5575/2193 3778/5574/2193 3813/5427/2193
f 3813/5427/2194 3778/5574/2194 3781/5572/2194 3815/5573/2194
f 3815/5573/2195 3781/5572/2195 3784/5570/2195 3816/5571/2195
f 3816/5571/2196 3784/5570/2196 3787/5568/2196 3819/5569/2196
f 3819/5569/2197 3787/5568/2197 3790/5566/2197 3818/5567/2197
f 3818/5567/2198 3790/5566/2198 3793/5563/2198 3817/5564/2198
f 3817/5564/2131 3793/5563/2131 3796/5562/2131 3820/5565/2131
f 3820/5598/2132 3796/5597/2132 3799/5595/2132 3823/5596/2132
f 3823/5596/2199 3799/5595/2199 3802/5593/2199 3822/5594/2199
f 3822/5594/2200 3802/5593/2200 3805/5591/2200 3821/5592/2200
f 3821/5592/2201 3805/5591/2201 3808/5589/2201 3827/5590/2201
f 3827/5590/2202 3808/5589/2202 3811/5587/2202 3824/5588/2202
f 3824/5588/2203 3811/5587/2203 3670/5549/2203 3826/5402/2203
f 3793/5502/2160 3790/5501/2160 3787/5500/2160 3784/5499/2160 3781/5498/2160 3778/5497/2160 3775/5496/2160 3771/5495/2160 3768/5494/2160 3765/5493/2160 3762/5492/2160 3759/5491/2160 3757/5490/2160 3754/5489/2160 3751/5488/2160 3748/5487/2160 3745/5486/2160 3742/5485/2160 3739/5484/2160 3736/5483/2160 3733/5482/2160 3730/5481/2160 3727/5480/2160 3724/5479/2160 3720/5548/2160 3718/5547/2160 3715/5546/2160 3712/5545/2160 3709/5544/2160 3706/5543/2160 3703/5542/2160 3700/5541/2160 3697/5540/2160 3694/5539/2160 3691/5538/2160 3688/5537/2160 3685/5536/2160 3682/5535/2160 3679/5534/2160 3676/5533/2160 3673/5532/2160 3670/5531/2160 3811/5530/2160 3808/5529/2160 3805/5528/2160 3802/5527/2160 3799/5526/2160 3796/5453/2160
o Pocket_2
v -1.792500 -0.440500 -0.960000
v -1.792500 -0.420500 -0.950000
v -1.792500 -0.000500 -0.960000
v -1.784277 -0.440500 -0.959461
v -1.785582 -0.420500 -0.949547
v -1.784277 -0.000500 -0.959461
v -1.776194 -0.440500 -0.957853
v -1.778783 -0.420500 -0.948194
v -1.776194 -0.000500 -0.957853
v -1.768391 -0.440500 -0.955204
v -1.772218 -0.420500 -0.945966
v -1.768391 -0.000500 -0.955204
v -1.761000 -0.440500 -0.951560
v -1.766000 -0.420500 -0.942899
v -1.761000 -0.000500 -0.951560
v -1.754148 -0.440500 -0.946981
v -1.760236 -0.420500 -0.939048
v -1.754148 -0.000500 -0.946981
v -1.747952 -0.440500 -0.941548
v -1.755023 -0.420500 -0.934477
v -1.747952 -0.000500 -0.941548
v -1.742519 -0.440500 -0.935352
v -1.750452 -0.420500 -0.929264
v -1.742519 -0.000500 -0.935352
v -1.737940 -0.440500 -0.928500
v -1.746601 -0.420500 -0.923500
v -1.737940 -0.000500 -0.928500
v -1.734296 -0.440500 -0.921109
v -1.743534 -0.420500 -0.917282
v -1.734296 -0.000500 -0.921109
v -1.731647 -0.440500 -0.913306
v -1.741306 -0.420500 -0.910717
v -1.731647 -0.000500 -0.913306
v -1.730039 -0.440500 -0.905223
v -1.739953 -0.420500 -0.903918
v -1.730039 -0.000500 -0.905223
v -1.729500 -0.440500 -0.897000
v -1.739500 -0.420500 -0.897000
v -1.729500 -0.000500 -0.897000
v -1.730039 -0.440500 -0.888777
v -1.739953 -0.420500 -0.890082
v -1.730039 -0.000500 -0.888777
v -1.731647 -0.440500 -0.880694
v -1.741306 -0.420500 -0.883283
v -1.731647 -0.000500 -0.880694
v -1.734296 -0.440500 -0.872891
v -1.743534 -0.420500 -0.876718
v -1.734296 -0.000500 -0.872891
v -1.737940 -0.440500 -0.865500
v -1.746601 -0.420500 -0.870500
v -1.737940 -0.000500 -0.865500
v -1.750452 -0.420500 -0.864736
v -1.742519 -0.440500 -0.858648
v -1.742519 -0.000500 -0.858648
v -1.747952 -0.440500 -0.852452
v -1.755023 -0.420500 -0.859523
v -1.747952 -0.000500 -0.852452
v -1.754148 -0.440500 -0.847019
v -1.760236 -0.420500 -0.854952
v -1.754148 -0.000500 -0.847019
v -1.761000 -0.440500 -0.842440
v -1.766000 -0.420500 -0.851101
v -1.761000 -0.000500 -0.842440
v -1.768391 -0.440500 -0.838796
v -1.772218 -0.420500 -0.848034
v -1.768391 -0.000500 -0.838796
v -1.776194 -0.440500 -0.836147
v -1.778783 -0.420500 -0.845806
v -1.776194 -0.000500 -0.836147
v -1.784277 -0.440500 -0.834539
v -1.785582 -0.420500 -0.844453
v -1.784277 -0.000500 -0.834539
v -1.792500 -0.440500 -0.834000
v -1.792500 -0.420500 -0.844000
v -1.792500 -0.000500 -0.834000
v -1.800723 -0.440500 -0.834539
v -1.799418 -0.420500 -0.844453
v -1.800723 -0.000500 -0.834539
v -1.808806 -0.440500 -0.836147
v -1.806217 -0.420500 -0.845806
v -1.808806 -0.000500 -0.836147
v -1.816609 -0.440500 -0.838796
v -1.812782 -0.420500 -0.848034
v -1.816609 -0.000500 -0.838796
v -1.824000 -0.440500 -0.842440
v -1.819000 -0.420500 -0.851101
v -1.824000 -0.000500 -0.842440
v -1.830852 -0.440500 -0.847019
v -1.824764 -0.420500 -0.854952
v -1.830852 -0.000500 -0.847019
v -1.829977 -0.420500 -0.859523
v -1.837048 -0.440500 -0.852452
v -1.837048 -0.000500 -0.852452
v -1.834548 -0.420500 -0.864736
v -1.842481 -0.440500 -0.858648
v -1.842481 -0.000500 -0.858648
v -1.838399 -0.420500 -0.870500
v -1.847060 -0.440500 -0.865500
v -1.847060 -0.000500 -0.865500
v -1.841466 -0.420500 -0.876718
v -1.850704 -0.440500 -0.872891
v -1.850704 -0.000500 -0.872891
v -1.843694 -0.420500 -0.883283
v -1.853353 -0.440500 -0.880694
v -1.853353 -0.000500 -0.880694
v -1.854961 -0.440500 -0.888777
v -1.845047 -0.420500 -0.890082
v -1.854961 -0.000500 -0.888777
v -1.855500 -0.440500 -0.897000
v -1.845500 -0.420500 -0.897000
v -1.855500 -0.000500 -0.897000
v -1.854961 -0.440500 -0.905223
v -1.845047 -0.420500 -0.903918
v -1.854961 -0.000500 -0.905223
v -1.853353 -0.440500 -0.913306
v -1.843694 -0.420500 -0.910717
v -1.853353 -0.000500 -0.913306
v -1.850704 -0.440500 -0.921109
v -1.841466 -0.420500 -0.917282
v -1.850704 -0.000500 -0.921109
v -1.847060 -0.440500 -0.928500
v -1.838399 -0.420500 -0.923500
v -1.847060 -0.000500 -0.928500
v -1.842481 -0.440500 -0.935352
v -1.834548 -0.420500 -0.929264
v -1.842481 -0.000500 -0.935352
v -1.837048 -0.440500 -0.941548
v -1.829977 -0.420500 -0.934477
v -1.837048 -0.000500 -0.941548
v -1.830852 -0.440500 -0.946981
v -1.824764 -0.420500 -0.939048
v -1.830852 -0.000500 -0.946981
v -1.824000 -0.440500 -0.951560
v -1.819000 -0.420500 -0.942899
v -1.824000 -0.000500 -0.951560
v -1.816609 -0.440500 -0.955204
v -1.812782 -0.420500 -0.945966
v -1.816609 -0.000500 -0.955204
v -1.808806 -0.440500 -0.957853
v -1.806217 -0.420500 -0.948194
v -1.808806 -0.000500 -0.957853
v -1.800723 -0.440500 -0.959461
v -1.799418 -0.420500 -0.949547
v -1.800723 -0.000500 -0.959461
v -1.845500 -0.000500 -0.897000
v -1.845047 -0.000500 -0.890082
v -1.845047 -0.000500 -0.903918
v -1.843694 -0.000500 -0.910717
v -1.834548 -0.000500 -0.929264
v -1.838399 -0.000500 -0.923500
v -1.841466 -0.000500 -0.917282
v -1.829977 -0.000500 -0.934477
v -1.812782 -0.000500 -0.945966
v -1.819000 -0.000500 -0.942899
v -1.824764 -0.000500 -0.939048
v -1.799418 -0.000500 -0.949547
v -1.785582 -0.000500 -0.949547
v -1.792500 -0.000500 -0.950000
v -1.806217 -0.000500 -0.948194
v -1.841466 -0.000500 -0.876718
v -1.834548 -0.000500 -0.864736
v -1.838399 -0.000500 -0.870500
v -1.824764 -0.000500 -0.854952
v -1.812782 -0.000500 -0.848034
v -1.819000 -0.000500 -0.851101
v -1.829977 -0.000500 -0.859523
v -1.799418 -0.000500 -0.844453
v -1.785582 -0.000500 -0.844453
v -1.792500 -0.000500 -0.844000
v -1.772218 -0.000500 -0.848034
v -1.760236 -0.000500 -0.854952
v -1.766000 -0.000500 -0.851101
v -1.778783 -0.000500 -0.845806
v -1.806217 -0.000500 -0.845806
v -1.772218 -0.000500 -0.945966
v -1.766000 -0.000500 -0.942899
v -1.760236 -0.000500 -0.939048
v -1.755023 -0.000500 -0.934477
v -1.750452 -0.000500 -0.864736
v -1.750452 -0.000500 -0.929264
v -1.743534 -0.000500 -0.876718
v -1.743534 -0.000500 -0.917282
v -1.739500 -0.000500 -0.897000
v -1.739953 -0.000500 -0.903918
v -1.739953 -0.000500 -0.890082
v -1.741306 -0.000500 -0.910717
v -1.741306 -0.000500 -0.883283
v -1.746601 -0.000500 -0.923500
v -1.746601 -0.000500 -0.870500
v -1.843694 -0.000500 -0.883283
v -1.778783 -0.000500 -0.948194
v -1.755023 -0.000500 -0.859523
vn 0.0654 -0.0000 -0.9979
vn 0.1951 -0.0000 -0.9808
vn 0.3215 -0.0000 -0.9469
vn 0.4422 -0.0000 -0.8969
vn 0.5556 -0.0000 -0.8314
vn 0.6593 -0.0000 -0.7519
vn 0.7519 -0.0000 -0.6593
vn 0.8314 -0.0000 -0.5556
vn 0.8969 -0.0000 -0.4422
vn 0.9469 -0.0000 -0.3215
vn 0.9808 -0.0000 -0.1951
vn 0.9979 -0.0000 -0.0654
vn 0.9979 -0.0000 0.0654
vn 0.9808 -0.0000 0.1951
vn 0.9469 -0.0000 0.3215
vn 0.8969 -0.0000 0.4422
vn 0.8314 -0.0000 0.5556
vn 0.7519 -0.0000 0.6593
vn 0.6593 -0.0000 0.7519
vn 0.5556 -0.0000 0.8314
vn 0.4422 -0.0000 0.8969
vn 0.3215 -0.0000 0.9469
vn 0.1951 -0.0000 0.9808
vn 0.0654 -0.0000 0.9979
vn -0.0654 -0.0000 0.9979
vn -0.1951 -0.0000 0.9808
vn -0.3215 -0.0000 0.9469
vn -0.4422 -0.0000 0.8969
vn -0.5556 -0.0000 0.8314
vn -0.6593 -0.0000 0.7519
vn -0.7519 -0.0000 0.6593
vn -0.8314 -0.0000 0.5556
vn -0.8969 -0.0000 0.4422
vn -0.9469 -0.0000 0.3215
vn -0.9808 -0.0000 0.1951
vn -0.9979 -0.0000 0.0654
vn -0.9979 -0.0000 -0.0654
vn -0.9808 -0.0000 -0.1951
vn -0.9469 -0.0000 -0.3215
vn -0.8969 -0.0000 -0.4422
vn -0.8314 -0.0000 -0.5556
vn -0.7519 -0.0000 -0.6593
vn -0.6593 -0.0000 -0.7519
vn -0.5556 -0.0000 -0.8314
vn -0.4422 -0.0000 -0.8969
vn -0.3215 -0.0000 -0.9469
vn -0.0000 1.0000 -0.0000
vn -0.1951 -0.0000 -0.9808
vn -0.0654 -0.0000 -0.9979
vn -0.0000 -1.0000 -0.0000
vn -0.0653 -0.0000 0.9979
vn -0.1952 -0.0000 0.9808
vn -0.3214 -0.0000 0.9469
vn -0.4424 -0.0000 0.8968
vn -0.5555 -0.0000 0.8315
vn -0.8315 -0.0000 0.5555
vn -0.8968 -0.0000 0.4424
vn -0.9470 -0.0000 0.3214
vn -0.9808 -0.0000 0.1952
vn -0.9979 -0.0000 0.0653
vn -0.9979 -0.0000 -0.0653
vn -0.9808 -0.0000 -0.1952
vn -0.9470 -0.0000 -0.3214
vn -0.8968 -0.0000 -0.4424
vn -0.8315 -0.0000 -0.5555
vn -0.5555 -0.0000 -0.8315
vn -0.4424 -0.0000 -0.8968
vn -0.3214 -0.0000 -0.9470
vn -0.1952 -0.0000 -0.9808
vn -0.0653 -0.0000 -0.9979
vn 0.0653 -0.0000 -0.9979
vn 0.1952 -0.0000 -0.9808
vn 0.3214 -0.0000 -0.9470
vn 0.4424 -0.0000 -0.8968
vn 0.5555 -0.0000 -0.8315
vn 0.8315 -0.0000 -0.5555
vn 0.8968 -0.0000 -0.4424
vn 0.9470 -0.0000 -0.3214
vn 0.9808 -0.0000 -0.1952
vn 0.9979 -0.0000 -0.0653
vn 0.9979 -0.0000 0.0653
vn 0.9808 -0.0000 0.1952
vn 0.9470 -0.0000 0.3214
vn 0.8968 -0.0000 0.4423
vn 0.8315 -0.0000 0.5555
vn 0.5555 -0.0000 0.8315
vn 0.4424 -0.0000 0.8968
vn 0.3214 -0.0000 0.9470
vn 0.1952 -0.0000 0.9808
vn 0.0653 -0.0000 0.9979
vt 0.500000 0.280000
vt 0.500000 0.720000
vt 0.508223 0.720000
vt 0.508223 0.280000
vt 0.516306 0.720000
vt 0.516306 0.280000
vt 0.524109 0.720000
vt 0.524109 0.280000
vt 0.531500 0.720000
vt 0.531500 0.280000
vt 0.538352 0.720000
vt 0.538352 0.280000
vt 0.544548 0.720000
vt 0.544548 0.280000
vt 0.280000 0.455452
vt 0.720000 0.455452
vt 0.720000 0.461648
vt 0.280000 0.461648
vt 0.720000 0.468500
vt 0.280000 0.468500
vt 0.720000 0.475891
vt 0.280000 0.475891
vt 0.720000 0.483694
vt 0.280000 0.483694
vt 0.720000 0.491777
vt 0.280000 0.491777
vt 0.720000 0.500000
vt 0.280000 0.500000
vt 0.720000 0.508223
vt 0.280000 0.508223
vt 0.720000 0.516306
vt 0.280000 0.516306
vt 0.720000 0.524109
vt 0.280000 0.524109
vt 0.720000 0.531500
vt 0.280000 0.531500
vt 0.720000 0.538352
vt 0.280000 0.538352
vt 0.720000 0.544548
vt 0.280000 0.544548
vt 0.491777 0.720000
vt 0.491777 0.280000
vt 0.483694 0.720000
vt 0.483694 0.280000
vt 0.475891 0.720000
vt 0.475891 0.280000
vt 0.468500 0.720000
vt 0.468500 0.280000
vt 0.461648 0.720000
vt 0.461648 0.280000
vt 0.455452 0.720000
vt 0.455452 0.280000
vt 0.462523 0.462523
vt 0.455452 0.455452
vt 0.450019 0.461648
vt 0.445440 0.468500
vt 0.441796 0.475891
vt 0.439147 0.483694
vt 0.437539 0.491777
vt 0.437000 0.500000
vt 0.437539 0.508223
vt 0.439147 0.516306
vt 0.441796 0.524109
vt 0.445440 0.531500
vt 0.450019 0.538352
vt 0.455452 0.544548
vt 0.461648 0.549981
vt 0.468500 0.554560
vt 0.475891 0.558204
vt 0.483694 0.560853
vt 0.491777 0.562461
vt 0.500000 0.563000
vt 0.508223 0.562461
vt 0.516306 0.560853
vt 0.524109 0.558204
vt 0.531500 0.554560
vt 0.538352 0.549981
vt 0.544548 0.544548
vt 0.537477 0.537477
vt 0.532264 0.542048
vt 0.526500 0.545899
vt 0.520282 0.548966
vt 0.513717 0.551194
vt 0.506918 0.552547
vt 0.500000 0.553000
vt 0.493082 0.552547
vt 0.486283 0.551194
vt 0.479718 0.548966
vt 0.473500 0.545899
vt 0.467736 0.542048
vt 0.462523 0.537477
vt 0.457952 0.532264
vt 0.454101 0.526500
vt 0.451034 0.520282
vt 0.448806 0.513717
vt 0.447453 0.506918
vt 0.447000 0.500000
vt 0.447453 0.493082
vt 0.448806 0.486283
vt 0.451034 0.479718
vt 0.454101 0.473500
vt 0.457952 0.467736
vt 0.549981 0.538352
vt 0.554560 0.531500
vt 0.558204 0.524109
vt 0.560853 0.516306
vt 0.562461 0.508223
vt 0.563000 0.500000
vt 0.562461 0.491777
vt 0.560853 0.483694
vt 0.558204 0.475891
vt 0.554560 0.468500
vt 0.549981 0.461648
vt 0.544548 0.455452
vt 0.538352 0.450019
vt 0.531500 0.445440
vt 0.524109 0.441796
vt 0.516306 0.439147
vt 0.508223 0.437539
vt 0.500000 0.437000
vt 0.491777 0.437539
vt 0.483694 0.439147
vt 0.475891 0.441796
vt 0.468500 0.445440
vt 0.461648 0.450019
vt 0.467736 0.457952
vt 0.473500 0.454101
vt 0.479718 0.451034
vt 0.486283 0.448806
vt 0.493082 0.447453
vt 0.500000 0.447000
vt 0.506918 0.447453
vt 0.513717 0.448806
vt 0.520282 0.451034
vt 0.526500 0.454101
vt 0.532264 0.457952
vt 0.537477 0.462523
vt 0.542048 0.467736
vt 0.545899 0.473500
vt 0.548966 0.479718
vt 0.551194 0.486283
vt 0.552547 0.493082
vt 0.553000 0.500000
vt 0.552547 0.506918
vt 0.551194 0.513717
vt 0.548966 0.520282
vt 0.545899 0.526500
vt 0.542048 0.532264
vt 0.500000 0.300000
vt 0.506918 0.300000
vt 0.506918 0.720000
vt 0.513717 0.300000
vt 0.513717 0.720000
vt 0.520282 0.300000
vt 0.520282 0.720000
vt 0.526500 0.300000
vt 0.526500 0.720000
vt 0.532264 0.300000
vt 0.532264 0.720000
vt 0.537477 0.300000
vt 0.537477 0.720000
vt 0.300000 0.462523
vt 0.300000 0.467736
vt 0.720000 0.467736
vt 0.720000 0.462523
vt 0.300000 0.473500
vt 0.720000 0.473500
vt 0.300000 0.479718
vt 0.720000 0.479718
vt 0.300000 0.486283
vt 0.720000 0.486283
vt 0.300000 0.493082
vt 0.720000 0.493082
vt 0.300000 0.500000
vt 0.300000 0.506918
vt 0.720000 0.506918
vt 0.300000 0.513717
vt 0.720000 0.513717
vt 0.300000 0.520282
vt 0.720000 0.520282
vt 0.300000 0.526500
vt 0.720000 0.526500
vt 0.300000 0.532264
vt 0.720000 0.532264
vt 0.300000 0.537477
vt 0.720000 0.537477
vt 0.493082 0.300000
vt 0.493082 0.720000
vt 0.486283 0.300000
vt 0.486283 0.720000
vt 0.479718 0.300000
vt 0.479718 0.720000
vt 0.473500 0.300000
vt 0.473500 0.720000
vt 0.467736 0.300000
vt 0.467736 0.720000
vt 0.462523 0.300000
vt 0.462523 0.720000
s 1
usemtl Pocket
f 3861/5599/2204 3863/5600/2204 3866/5601/2204 3864/5602/2204
f 3864/5602/2205 3866/5601/2205 3869/5603/2205 3867/5604/2205
f 3867/5604/2206 3869/5603/2206 3872/5605/2206 3870/5606/2206
f 3870/5606/2207 3872/5605/2207 3875/5607/2207 3873/5608/2207
f 3873/5608/2208 3875/5607/2208 3878/5609/2208 3876/5610/2208
f 3876/5610/2209 3878/5609/2209 3881/5611/2209 3879/5612/2209
f 3879/5613/2210 3881/5614/2210 3884/5615/2210 3882/5616/2210
f 3882/5616/2211 3884/5615/2211 3887/5617/2211 3885/5618/2211
f 3885/5618/2212 3887/5617/2212 3890/5619/2212 3888/5620/2212
f 3888/5620/2213 3890/5619/2213 3893/5621/2213 3891/5622/2213
f 3891/5622/2214 3893/5621/2214 3896/5623/2214 3894/5624/2214
f 3894/5624/2215 3896/5623/2215 3899/5625/2215 3897/5626/2215
f 3897/5626/2216 3899/5625/2216 3902/5627/2216 3900/5628/2216
f 3900/5628/2217 3902/5627/2217 3905/5629/2217 3903/5630/2217
f 3903/5630/2218 3905/5629/2218 3908/5631/2218 3906/5632/2218
f 3906/5632/2219 3908/5631/2219 3911/5633/2219 3909/5634/2219
f 3909/5634/2220 3911/5633/2220 3914/5635/2220 3913/5636/2220
f 3913/5636/2221 3914/5635/2221 3917/5637/2221 3915/5638/2221
f 3915/5612/2222 3917/5611/2222 3920/5609/2222 3918/5610/2222
f 3918/5610/2223 3920/5609/2223 3923/5607/2223 3921/5608/2223
f 3921/5608/2224 3923/5607/2224 3926/5605/2224 3924/5606/2224
f 3924/5606/2225 3926/5605/2225 3929/5603/2225 3927/5604/2225
f 3927/5604/2226 3929/5603/2226 3932/5601/2226 3930/5602/2226
f 3930/5602/2227 3932/5601/2227 3935/5600/2227 3933/5599/2227
f 3933/5599/2228 3935/5600/2228 3938/5639/2228 3936/5640/2228
f 3936/5640/2229 3938/5639/2229 3941/5641/2229 3939/5642/2229
f 3939/5642/2230 3941/5641/2230 3944/5643/2230 3942/5644/2230
f 3942/5644/2231 3944/5643/2231 3947/5645/2231 3945/5646/2231
f 3945/5646/2232 3947/5645/2232 3950/5647/2232 3948/5648/2232
f 3948/5648/2233 3950/5647/2233 3953/5649/2233 3952/5650/2233
f 3952/5638/2234 3953/5637/2234 3956/5635/2234 3955/5636/2234
f 3955/5636/2235 3956/5635/2235 3959/5633/2235 3958/5634/2235
f 3958/5634/2236 3959/5633/2236 3962/5631/2236 3961/5632/2236
f 3961/5632/2237 3962/5631/2237 3965/5629/2237 3964/5630/2237
f 3964/5630/2238 3965/5629/2238 3968/5627/2238 3966/5628/2238
f 3966/5628/2239 3968/5627/2239 3971/5625/2239 3969/5626/2239
f 3969/5626/2240 3971/5625/2240 3974/5623/2240 3972/5624/2240
f 3972/5624/2241 3974/5623/2241 3977/5621/2241 3975/5622/2241
f 3975/5622/2242 3977/5621/2242 3980/5619/2242 3978/5620/2242
f 3978/5620/2243 3980/5619/2243 3983/5617/2243 3981/5618/2243
f 3981/5618/2244 3983/5617/2244 3986/5615/2244 3984/5616/2244
f 3984/5616/2245 3986/5615/2245 3989/5614/2245 3987/5613/2245
f 3987/5650/2246 3989/5649/2246 3992/5647/2246 3990/5648/2246
f 3990/5648/2247 3992/5647/2247 3995/5645/2247 3993/5646/2247
f 3993/5646/2248 3995/5645/2248 3998/5643/2248 3996/5644/2248
f 3996/5644/2249 3998/5643/2249 4001/5641/2249 3999/5642/2249
f 4012/5651/2250 3989/5652/2250 3986/5653/2250 3983/5654/2250 3980/5655/2250 3977/5656/2250 3974/5657/2250 3971/5658/2250 3968/5659/2250 3965/5660/2250 3962/5661/2250 3959/5662/2250 3956/5663/2250 3953/5664/2250 3950/5665/2250 3947/5666/2250 3944/5667/2250 3941/5668/2250 3938/5669/2250 3935/5670/2250 3932/5671/2250 3929/5672/2250 3926/5673/2250 3923/5674/2250 3920/5675/2250 3917/5676/2250 4052/5677/2250 4031/5678/2250 4032/5679/2250 4030/5680/2250 4033/5681/2250 4028/5682/2250 4029/5683/2250 4027/5684/2250 4034/5685/2250 4024/5686/2250 4025/5687/2250 4023/5688/2250 4026/5689/2250 4021/5690/2250 4022/5691/2250 4020/5692/2250 4050/5693/2250 4006/5694/2250 4005/5695/2250 4007/5696/2250 4008/5697/2250 4011/5698/2250 4010/5699/2250 4009/5700/2250
f 4052/5677/2250 3917/5676/2250 3914/5701/2250 3911/5702/2250 3908/5703/2250 3905/5704/2250 3902/5705/2250 3899/5706/2250 3896/5707/2250 3893/5708/2250 3890/5709/2250 3887/5710/2250 3884/5711/2250 3881/5712/2250 3878/5713/2250 3875/5714/2250 3872/5715/2250 3869/5716/2250 3866/5717/2250 3863/5718/2250 4004/5719/2250 4001/5720/2250 3998/5721/2250 3995/5722/2250 3992/5723/2250 3989/5652/2250 4012/5651/2250 4015/5724/2250 4014/5725/2250 4013/5726/2250 4019/5727/2250 4016/5728/2250 4018/5729/2250 4017/5730/2250 4051/5731/2250 4035/5732/2250 4036/5733/2250 4037/5734/2250 4038/5735/2250 4040/5736/2250 4048/5737/2250 4042/5738/2250 4046/5739/2250 4044/5740/2250 4043/5741/2250 4045/5742/2250 4047/5743/2250 4041/5744/2250 4049/5745/2250 4039/5746/2250
f 3999/5642/2251 4001/5641/2251 4004/5639/2251 4002/5640/2251
f 4002/5640/2252 4004/5639/2252 3863/5600/2252 3861/5599/2252
f 4002/5719/2253 3861/5718/2253 3864/5717/2253 3867/5716/2253 3870/5715/2253 3873/5714/2253 3876/5713/2253 3879/5712/2253 3882/5711/2253 3885/5710/2253 3888/5709/2253 3891/5708/2253 3894/5707/2253 3897/5706/2253 3900/5705/2253 3903/5704/2253 3906/5703/2253 3909/5702/2253 3913/5701/2253 3915/5676/2253 3918/5675/2253 3921/5674/2253 3924/5673/2253 3927/5672/2253 3930/5671/2253 3933/5670/2253 3936/5669/2253 3939/5668/2253 3942/5667/2253 3945/5666/2253 3948/5665/2253 3952/5664/2253 3955/5663/2253 3958/5662/2253 3961/5661/2253 3964/5660/2253 3966/5659/2253 3969/5658/2253 3972/5657/2253 3975/5656/2253 3978/5655/2253 3981/5654/2253 3984/5653/2253 3987/5652/2253 3990/5723/2253 3993/5722/2253 3996/5721/2253 3999/5720/2253
f 4018/5600/2254 3862/5747/2254 3865/5748/2254 4017/5749/2254
f 4017/5749/2255 3865/5748/2255 3868/5750/2255 4051/5751/2255
f 4051/5751/2256 3868/5750/2256 3871/5752/2256 4035/5753/2256
f 4035/5753/2257 3871/5752/2257 3874/5754/2257 4036/5755/2257
f 4036/5755/2258 3874/5754/2258 3877/5756/2258 4037/5757/2258
f 4037/5757/2233 3877/5756/2233 3880/5758/2233 4038/5759/2233
f 3880/5760/2234 3883/5761/2234 4040/5762/2234 4038/5763/2234
f 3883/5761/2259 3886/5764/2259 4048/5765/2259 4040/5762/2259
f 3886/5764/2260 3889/5766/2260 4042/5767/2260 4048/5765/2260
f 3889/5766/2261 3892/5768/2261 4046/5769/2261 4042/5767/2261
f 3892/5768/2262 3895/5770/2262 4044/5771/2262 4046/5769/2262
f 3895/5770/2263 3898/5772/2263 4043/5625/2263 4044/5771/2263
f 3898/5772/2264 3901/5773/2264 4045/5774/2264 4043/5625/2264
f 3901/5773/2265 3904/5775/2265 4047/5776/2265 4045/5774/2265
f 3904/5775/2266 3907/5777/2266 4041/5778/2266 4047/5776/2266
f 3907/5777/2267 3910/5779/2267 4049/5780/2267 4041/5778/2267
f 3910/5779/2268 3912/5781/2268 4039/5782/2268 4049/5780/2268
f 3912/5781/2245 3916/5783/2245 4052/5784/2245 4039/5782/2245
f 3916/5758/2246 3919/5756/2246 4031/5757/2246 4052/5759/2246
f 3919/5756/2269 3922/5754/2269 4032/5755/2269 4031/5757/2269
f 3922/5754/2270 3925/5752/2270 4030/5753/2270 4032/5755/2270
f 3925/5752/2271 3928/5750/2271 4033/5751/2271 4030/5753/2271
f 3928/5750/2272 3931/5748/2272 4028/5749/2272 4033/5751/2272
f 3931/5748/2273 3934/5747/2273 4029/5600/2273 4028/5749/2273
f 3934/5747/2274 3937/5785/2274 4027/5786/2274 4029/5600/2274
f 3937/5785/2275 3940/5787/2275 4034/5788/2275 4027/5786/2275
f 3940/5787/2276 3943/5789/2276 4024/5790/2276 4034/5788/2276
f 3943/5789/2277 3946/5791/2277 4025/5792/2277 4024/5790/2277
f 3946/5791/2278 3949/5793/2278 4023/5794/2278 4025/5792/2278
f 3949/5793/2209 3951/5795/2209 4026/5796/2209 4023/5794/2209
f 4026/5784/2210 3951/5783/2210 3954/5781/2210 4021/5782/2210
f 4021/5782/2279 3954/5781/2279 3957/5779/2279 4022/5780/2279
f 4022/5780/2280 3957/5779/2280 3960/5777/2280 4020/5778/2280
f 4020/5778/2281 3960/5777/2281 3963/5775/2281 4050/5776/2281
f 4050/5776/2282 3963/5775/2282 3967/5773/2282 4006/5774/2282
f 4006/5774/2283 3967/5773/2283 3970/5772/2283 4005/5625/2283
f 4005/5625/2284 3970/5772/2284 3973/5770/2284 4007/5771/2284
f 4007/5771/2285 3973/5770/2285 3976/5768/2285 4008/5769/2285
f 4008/5769/2286 3976/5768/2286 3979/5766/2286 4011/5767/2286
f 4011/5767/2287 3979/5766/2287 3982/5764/2287 4010/5765/2287
f 4010/5765/2288 3982/5764/2288 3985/5761/2288 4009/5762/2288
f 4009/5762/2221 3985/5761/2221 3988/5760/2221 4012/5763/2221
f 4012/5796/2222 3988/5795/2222 3991/5793/2222 4015/5794/2222
f 4015/5794/2289 3991/5793/2289 3994/5791/2289 4014/5792/2289
f 4014/5792/2290 3994/5791/2290 3997/5789/2290 4013/5790/2290
f 4013/5790/2291 3997/5789/2291 4000/5787/2291 4019/5788/2291
f 4019/5788/2292 4000/5787/2292 4003/5785/2292 4016/5786/2292
f 4016/5786/2293 4003/5785/2293 3862/5747/2293 4018/5600/2293
f 3985/5700/2250 3982/5699/2250 3979/5698/2250 3976/5697/2250 3973/5696/2250 3970/5695/2250 3967/5694/2250 3963/5693/2250 3960/5692/2250 3957/5691/2250 3954/5690/2250 3951/5689/2250 3949/5688/2250 3946/5687/2250 3943/5686/2250 3940/5685/2250 3937/5684/2250 3934/5683/2250 3931/5682/2250 3928/5681/2250 3925/5680/2250 3922/5679/2250 3919/5678/2250 3916/5677/2250 3912/5746/2250 3910/5745/2250 3907/5744/2250 3904/5743/2250 3901/5742/2250 3898/5741/2250 3895/5740/2250 3892/5739/2250 3889/5738/2250 3886/5737/2250 3883/5736/2250 3880/5735/2250 3877/5734/2250 3874/5733/2250 3871/5732/2250 3868/5731/2250 3865/5730/2250 3862/5729/2250 4003/5728/2250 4000/5727/2250 3997/5726/2250 3994/5725/2250 3991/5724/2250 3988/5651/2250
o Pocket_3
v -1.792500 -0.440500 0.834000
v -1.792500 -0.420500 0.844000
v -1.792500 -0.000500 0.834000
v -1.784277 -0.440500 0.834539
v -1.785582 -0.420500 0.844453
v -1.784277 -0.000500 0.834539
v -1.776194 -0.440500 0.836147
v -1.778783 -0.420500 0.845806
v -1.776194 -0.000500 0.836147
v -1.768391 -0.440500 0.838796
v -1.772218 -0.420500 0.848034
v -1.768391 -0.000500 0.838796
v -1.761000 -0.440500 0.842440
v -1.766000 -0.420500 0.851101
v -1.761000 -0.000500 0.842440
v -1.754148 -0.440500 0.847019
v -1.760236 -0.420500 0.854952
v -1.754148 -0.000500 0.847019
v -1.747952 -0.440500 0.852452
v -1.755023 -0.420500 0.859523
v -1.747952 -0.000500 0.852452
v -1.742519 -0.440500 0.858648
v -1.750452 -0.420500 0.864736
v -1.742519 -0.000500 0.858648
v -1.737940 -0.440500 0.865500
v -1.746601 -0.420500 0.870500
v -1.737940 -0.000500 0.865500
v -1.734296 -0.440500 0.872891
v -1.743534 -0.420500 0.876718
v -1.734296 -0.000500 0.872891
v -1.731647 -0.440500 0.880694
v -1.741306 -0.420500 0.883283
v -1.731647 -0.000500 0.880694
v -1.730039 -0.440500 0.888777
v -1.739953 -0.420500 0.890082
v -1.730039 -0.000500 0.888777
v -1.729500 -0.440500 0.897000
v -1.739500 -0.420500 0.897000
v -1.729500 -0.000500 0.897000
v -1.730039 -0.440500 0.905223
v -1.739953 -0.420500 0.903918
v -1.730039 -0.000500 0.905223
v -1.731647 -0.440500 0.913306
v -1.741306 -0.420500 0.910717
v -1.731647 -0.000500 0.913306
v -1.734296 -0.440500 0.921109
v -1.743534 -0.420500 0.917282
v -1.734296 -0.000500 0.921109
v -1.737940 -0.440500 0.928500
v -1.746601 -0.420500 0.923500
v -1.737940 -0.000500 0.928500
v -1.750452 -0.420500 0.929264
v -1.742519 -0.440500 0.935352
v -1.742519 -0.000500 0.935352
v -1.747952 -0.440500 0.941548
v -1.755023 -0.420500 0.934477
v -1.747952 -0.000500 0.941548
v -1.754148 -0.440500 0.946981
v -1.760236 -0.420500 0.939048
v -1.754148 -0.000500 0.946981
v -1.761000 -0.440500 0.951560
v -1.766000 -0.420500 0.942899
v -1.761000 -0.000500 0.951560
v -1.768391 -0.440500 0.955204
v -1.772218 -0.420500 0.945966
v -1.768391 -0.000500 0.955204
v -1.776194 -0.440500 0.957853
v -1.778783 -0.420500 0.948194
v -1.776194 -0.000500 0.957853
v -1.784277 -0.440500 0.959461
v -1.785582 -0.420500 0.949547
v -1.784277 -0.000500 0.959461
v -1.792500 -0.440500 0.960000
v -1.792500 -0.420500 0.950000
v -1.792500 -0.000500 0.960000
v -1.800723 -0.440500 0.959461
v -1.799418 -0.420500 0.949547
v -1.800723 -0.000500 0.959461
v -1.808806 -0.440500 0.957853
v -1.806217 -0.420500 0.948194
v -1.808806 -0.000500 0.957853
v -1.816609 -0.440500 0.955204
v -1.812782 -0.420500 0.945966
v -1.816609 -0.000500 0.955204
v -1.824000 -0.440500 0.951560
v -1.819000 -0.420500 0.942899
v -1.824000 -0.000500 0.951560
v -1.830852 -0.440500 0.946981
v -1.824764 -0.420500 0.939048
v -1.830852 -0.000500 0.946981
v -1.829977 -0.420500 0.934477
v -1.837048 -0.440500 0.941548
v -1.837048 -0.000500 0.941548
v -1.834548 -0.420500 0.929264
v -1.842481 -0.440500 0.935352
v -1.842481 -0.000500 0.935352
v -1.838399 -0.420500 0.923500
v -1.847060 -0.440500 0.928500
v -1.847060 -0.000500 0.928500
v -1.841466 -0.420500 0.917282
v -1.850704 -0.440500 0.921109
v -1.850704 -0.000500 0.921109
v -1.843694 -0.420500 0.910717
v -1.853353 -0.440500 0.913306
v -1.853353 -0.000500 0.913306
v -1.854961 -0.440500 0.905223
v -1.845047 -0.420500 0.903918
v -1.854961 -0.000500 0.905223
v -1.855500 -0.440500 0.897000
v -1.845500 -0.420500 0.897000
v -1.855500 -0.000500 0.897000
v -1.854961 -0.440500 0.888777
v -1.845047 -0.420500 0.890082
v -1.854961 -0.000500 0.888777
v -1.853353 -0.440500 0.880694
v -1.843694 -0.420500 0.883283
v -1.853353 -0.000500 0.880694
v -1.850704 -0.440500 0.872891
v -1.841466 -0.420500 0.876718
v -1.850704 -0.000500 0.872891
v -1.847060 -0.440500 0.865500
v -1.838399 -0.420500 0.870500
v -1.847060 -0.000500 0.865500
v -1.842481 -0.440500 0.858648
v -1.834548 -0.420500 0.864736
v -1.842481 -0.000500 0.858648
v -1.837048 -0.440500 0.852452
v -1.829977 -0.420500 0.859523
v -1.837048 -0.000500 0.852452
v -1.830852 -0.440500 0.847019
v -1.824764 -0.420500 0.854952
v -1.830852 -0.000500 0.847019
v -1.824000 -0.440500 0.842440
v -1.819000 -0.420500 0.851101
v -1.824000 -0.000500 0.842440
v -1.816609 -0.440500 0.838796
v -1.812782 -0.420500 0.848034
v -1.816609 -0.000500 0.838796
v -1.808806 -0.440500 0.836147
v -1.806217 -0.420500 0.845806
v -1.808806 -0.000500 0.836147
v -1.800723 -0.440500 0.834539
v -1.799418 -0.420500 0.844453
v -1.800723 -0.000500 0.834539
v -1.845500 -0.000500 0.897000
v -1.845047 -0.000500 0.903918
v -1.845047 -0.000500 0.890082
v -1.843694 -0.000500 0.883283
v -1.834548 -0.000500 0.864736
v -1.838399 -0.000500 0.870500
v -1.841466 -0.000500 0.876718
v -1.829977 -0.000500 0.859523
v -1.812782 -0.000500 0.848034
v -1.819000 -0.000500 0.851101
v -1.824764 -0.000500 0.854952
v -1.799418 -0.000500 0.844453
v -1.785582 -0.000500 0.844453
v -1.792500 -0.000500 0.844000
v -1.806217 -0.000500 0.845806
v -1.841466 -0.000500 0.917282
v -1.834548 -0.000500 0.929264
v -1.838399 -0.000500 0.923500
v -1.824764 -0.000500 0.939048
v -1.812782 -0.000500 0.945966
v -1.819000 -0.000500 0.942899
v -1.829977 -0.000500 0.934477
v -1.799418 -0.000500 0.949547
v -1.785582 -0.000500 0.949547
v -1.792500 -0.000500 0.950000
v -1.772218 -0.000500 0.945966
v -1.760236 -0.000500 0.939048
v -1.766000 -0.000500 0.942899
v -1.778783 -0.000500 0.948194
v -1.806217 -0.000500 0.948194
v -1.772218 -0.000500 0.848034
v -1.766000 -0.000500 0.851101
v -1.760236 -0.000500 0.854952
v -1.755023 -0.000500 0.859523
v -1.750452 -0.000500 0.929264
v -1.750452 -0.000500 0.864736
v -1.743534 -0.000500 0.917282
v -1.743534 -0.000500 0.876718
v -1.739500 -0.000500 0.897000
v -1.739953 -0.000500 0.890082
v -1.739953 -0.000500 0.903918
v -1.741306 -0.000500 0.883283
v -1.741306 -0.000500 0.910717
v -1.746601 -0.000500 0.870500
v -1.746601 -0.000500 0.923500
v -1.843694 -0.000500 0.910717
v -1.778783 -0.000500 0.845806
v -1.755023 -0.000500 0.934477
vn 0.0654 -0.0000 -0.9979
vn 0.1951 -0.0000 -0.9808
vn 0.3215 -0.0000 -0.9469
vn 0.4422 -0.0000 -0.8969
vn 0.5556 -0.0000 -0.8314
vn 0.6593 -0.0000 -0.7519
vn 0.7519 -0.0000 -0.6593
vn 0.8314 -0.0000 -0.5556
vn 0.8969 -0.0000 -0.4422
vn 0.9469 -0.0000 -0.3215
vn 0.9808 -0.0000 -0.1951
vn 0.9979 -0.0000 -0.0654
vn 0.9979 -0.0000 0.0654
vn 0.9808 -0.0000 0.1951
vn 0.9469 -0.0000 0.3215
vn 0.8969 -0.0000 0.4422
vn 0.8314 -0.0000 0.5556
vn 0.7519 -0.0000 0.6593
vn 0.6593 -0.0000 0.7519
vn 0.5556 -0.0000 0.8314
vn 0.4422 -0.0000 0.8969
vn 0.3215 -0.0000 0.9469
vn 0.1951 -0.0000 0.9808
vn 0.0654 -0.0000 0.9979
vn -0.0654 -0.0000 0.9979
vn -0.1951 -0.0000 0.9808
vn -0.3215 -0.0000 0.9469
vn -0.4422 -0.0000 0.8969
vn -0.5556 -0.0000 0.8314
vn -0.6593 -0.0000 0.7519
vn -0.7519 -0.0000 0.6593
vn -0.8314 -0.0000 0.5556
vn -0.8969 -0.0000 0.4422
vn -0.9469 -0.0000 0.3215
vn -0.9808 -0.0000 0.1951
vn -0.9979 -0.0000 0.0654
vn -0.9979 -0.0000 -0.0654
vn -0.9808 -0.0000 -0.1951
vn -0.9469 -0.0000 -0.3215
vn -0.8969 -0.0000 -0.4422
vn -0.8314 -0.0000 -0.5556
vn -0.7519 -0.0000 -0.6593
vn -0.6593 -0.0000 -0.7519
vn -0.5556 -0.0000 -0.8314
vn -0.4422 -0.0000 -0.8969
vn -0.3215 -0.0000 -0.9469
vn -0.0000 1.0000 -0.0000
vn -0.1951 -0.0000 -0.9808
vn -0.0654 -0.0000 -0.9979
vn -0.0000 -1.0000 -0.0000
vn -0.0653 -0.0000 0.9979
vn -0.1952 -0.0000 0.9808
vn -0.3214 -0.0000 0.9470
vn -0.4424 -0.0000 0.8968
vn -0.5555 -0.0000 0.8315
vn -0.8315 -0.0000 0.5555
vn -0.8968 -0.0000 0.4424
vn -0.9470 -0.0000 0.3214
vn -0.9808 -0.0000 0.1952
vn -0.9979 -0.0000 0.0653
vn -0.9979 -0.0000 -0.0653
vn -0.9808 -0.0000 -0.1952
vn -0.9470 -0.0000 -0.3214
vn -0.8968 -0.0000 -0.4424
vn -0.8315 -0.0000 -0.5555
vn -0.5555 -0.0000 -0.8315
vn -0.4424 -0.0000 -0.8968
vn -0.3214 -0.0000 -0.9469
vn -0.1952 -0.0000 -0.9808
vn -0.0653 -0.0000 -0.9979
vn 0.0653 -0.0000 -0.9979
vn 0.1952 -0.0000 -0.9808
vn 0.3214 -0.0000 -0.9470
vn 0.4424 -0.0000 -0.8968
vn 0.5555 -0.0000 -0.8315
vn 0.8315 -0.0000 -0.5555
vn 0.8968 -0.0000 -0.4423
vn 0.9470 -0.0000 -0.3214
vn 0.9808 -0.0000 -0.1952
vn 0.9979 -0.0000 -0.0653
vn 0.9979 -0.0000 0.0653
vn 0.9808 -0.0000 0.1952
vn 0.9470 -0.0000 0.3214
vn 0.8968 -0.0000 0.4424
vn 0.8315 -0.0000 0.5555
vn 0.5555 -0.0000 0.8315
vn 0.4424 -0.0000 0.8968
vn 0.3214 -0.0000 0.9470
vn 0.1952 -0.0000 0.9808
vn 0.0653 -0.0000 0.9979
vt 0.500000 0.280000
vt 0.500000 0.720000
vt 0.508223 0.720000
vt 0.508223 0.280000
vt 0.516306 0.720000
vt 0.516306 0.280000
vt 0.524109 0.720000
vt 0.524109 0.280000
vt 0.531500 0.720000
vt 0.531500 0.280000
vt 0.538352 0.720000
vt 0.538352 0.280000
vt 0.544548 0.720000
vt 0.544548 0.280000
vt 0.280000 0.455452
vt 0.720000 0.455452
vt 0.720000 0.461648
vt 0.280000 0.461648
vt 0.720000 0.468500
vt 0.280000 0.468500
vt 0.720000 0.475891
vt 0.280000 0.475891
vt 0.720000 0.483694
vt 0.280000 0.483694
vt 0.720000 0.491777
vt 0.280000 0.491777
vt 0.720000 0.500000
vt 0.280000 0.500000
vt 0.720000 0.508223
vt 0.280000 0.508223
vt 0.720000 0.516306
vt 0.280000 0.516306
vt 0.720000 0.524109
vt 0.280000 0.524109
vt 0.720000 0.531500
vt 0.280000 0.531500
vt 0.720000 0.538352
vt 0.280000 0.538352
vt 0.720000 0.544548
vt 0.280000 0.544548
vt 0.491777 0.720000
vt 0.491777 0.280000
vt 0.483694 0.720000
vt 0.483694 0.280000
vt 0.475891 0.720000
vt 0.475891 0.280000
vt 0.468500 0.720000
vt 0.468500 0.280000
vt 0.461648 0.720000
vt 0.461648 0.280000
vt 0.455452 0.720000
vt 0.455452 0.280000
vt 0.462523 0.462523
vt 0.455452 0.455452
vt 0.450019 0.461648
vt 0.445440 0.468500
vt 0.441796 0.475891
vt 0.439147 0.483694
vt 0.437539 0.491777
vt 0.437000 0.500000
vt 0.437539 0.508223
vt 0.439147 0.516306
vt 0.441796 0.524109
vt 0.445440 0.531500
vt 0.450019 0.538352
vt 0.455452 0.544548
vt 0.461648 0.549981
vt 0.468500 0.554560
vt 0.475891 0.558204
vt 0.483694 0.560853
vt 0.491777 0.562461
vt 0.500000 0.563000
vt 0.508223 0.562461
vt 0.516306 0.560853
vt 0.524109 0.558204
vt 0.531500 0.554560
vt 0.538352 0.549981
vt 0.544548 0.544548
vt 0.537477 0.537477
vt 0.532264 0.542048
vt 0.526500 0.545899
vt 0.520282 0.548966
vt 0.513717 0.551194
vt 0.506918 0.552547
vt 0.500000 0.553000
vt 0.493082 0.552547
vt 0.486283 0.551194
vt 0.479718 0.548966
vt 0.473500 0.545899
vt 0.467736 0.542048
vt 0.462523 0.537477
vt 0.457952 0.532264
vt 0.454101 0.526500
vt 0.451034 0.520282
vt 0.448806 0.513717
vt 0.447453 0.506918
vt 0.447000 0.500000
vt 0.447453 0.493082
vt 0.448806 0.486283
vt 0.451034 0.479718
vt 0.454101 0.473500
vt 0.457952 0.467736
vt 0.549981 0.538352
vt 0.554560 0.531500
vt 0.558204 0.524109
vt 0.560853 0.516306
vt 0.562461 0.508223
vt 0.563000 0.500000
vt 0.562461 0.491777
vt 0.560853 0.483694
vt 0.558204 0.475891
vt 0.554560 0.468500
vt 0.549981 0.461648
vt 0.544548 0.455452
vt 0.538352 0.450019
vt 0.531500 0.445440
vt 0.524109 0.441796
vt 0.516306 0.439147
vt 0.508223 0.437539
vt 0.500000 0.437000
vt 0.491777 0.437539
vt 0.483694 0.439147
vt 0.475891 0.441796
vt 0.468500 0.445440
vt 0.461648 0.450019
vt 0.467736 0.457952
vt 0.473500 0.454101
vt 0.479718 0.451034
vt 0.486283 0.448806
vt 0.493082 0.447453
vt 0.500000 0.447000
vt 0.506918 0.447453
vt 0.513717 0.448806
vt 0.520282 0.451034
vt 0.526500 0.454101
vt 0.532264 0.457952
vt 0.537477 0.462523
vt 0.542048 0.467736
vt 0.545899 0.473500
vt 0.548966 0.479718
vt 0.551194 0.486283
vt 0.552547 0.493082
vt 0.553000 0.500000
vt 0.552547 0.506918
vt 0.551194 0.513717
vt 0.548966 0.520282
vt 0.545899 0.526500
vt 0.542048 0.532264
vt 0.500000 0.300000
vt 0.506918 0.300000
vt 0.506918 0.720000
vt 0.513717 0.300000
vt 0.513717 0.720000
vt 0.520282 0.300000
vt 0.520282 0.720000
vt 0.526500 0.300000
vt 0.526500 0.720000
vt 0.532264 0.300000
vt 0.532264 0.720000
vt 0.537477 0.300000
vt 0.537477 0.720000
vt 0.300000 0.462523
vt 0.300000 0.467736
vt 0.720000 0.467736
vt 0.720000 0.462523
vt 0.300000 0.473500
vt 0.720000 0.473500
vt 0.300000 0.479718
vt 0.720000 0.479718
vt 0.300000 0.486283
vt 0.720000 0.486283
vt 0.300000 0.493082
vt 0.720000 0.493082
vt 0.300000 0.500000
vt 0.300000 0.506918
vt 0.720000 0.506918
vt 0.300000 0.513717
vt 0.720000 0.513717
vt 0.300000 0.520282
vt 0.720000 0.520282
vt 0.300000 0.526500
vt 0.720000 0.526500
vt 0.300000 0.532264
vt 0.720000 0.532264
vt 0.300000 0.537477
vt 0.720000 0.537477
vt 0.493082 0.300000
vt 0.493082 0.720000
vt 0.486283 0.300000
vt 0.486283 0.720000
vt 0.479718 0.300000
vt 0.479718 0.720000
vt 0.473500 0.300000
vt 0.473500 0.720000
vt 0.467736 0.300000
vt 0.467736 0.720000
vt 0.462523 0.300000
vt 0.462523 0.720000
s 1
usemtl Pocket
f 4053/5797/2294 4055/5798/2294 4058/5799/2294 4056/5800/2294
f 4056/5800/2295 4058/5799/2295 4061/5801/2295 4059/5802/2295
f 4059/5802/2296 4061/5801/2296 4064/5803/2296 4062/5804/2296
f 4062/5804/2297 4064/5803/2297 4067/5805/2297 4065/5806/2297
f 4065/5806/2298 4067/5805/2298 4070/5807/2298 4068/5808/2298
f 4068/5808/2299 4070/5807/2299 4073/5809/2299 4071/5810/2299
f 4071/5811/2300 4073/5812/2300 4076/5813/2300 4074/5814/2300
f 4074/5814/2301 4076/5813/2301 4079/5815/2301 4077/5816/2301
f 4077/5816/2302 4079/5815/2302 4082/5817/2302 4080/5818/2302
f 4080/5818/2303 4082/5817/2303 4085/5819/2303 4083/5820/2303
f 4083/5820/2304 4085/5819/2304 4088/5821/2304 4086/5822/2304
f 4086/5822/2305 4088/5821/2305 4091/5823/2305 4089/5824/2305
f 4089/5824/2306 4091/5823/2306 4094/5825/2306 4092/5826/2306
f 4092/5826/2307 4094/5825/2307 4097/5827/2307 4095/5828/2307
f 4095/5828/2308 4097/5827/2308 4100/5829/2308 4098/5830/2308
f 4098/5830/2309 4100/5829/2309 4103/5831/2309 4101/5832/2309
f 4101/5832/2310 4103/5831/2310 4106/5833/2310 4105/5834/2310
f 4105/5834/2311 4106/5833/2311 4109/5835/2311 4107/5836/2311
f 4107/5810/2312 4109/5809/2312 4112/5807/2312 4110/5808/2312
f 4110/5808/2313 4112/5807/2313 4115/5805/2313 4113/5806/2313
f 4113/5806/2314 4115/5805/2314 4118/5803/2314 4116/5804/2314
f 4116/5804/2315 4118/5803/2315 4121/5801/2315 4119/5802/2315
f 4119/5802/2316 4121/5801/2316 4124/5799/2316 4122/5800/2316
f 4122/5800/2317 4124/5799/2317 4127/5798/2317 4125/5797/2317
f 4125/5797/2318 4127/5798/2318 4130/5837/2318 4128/5838/2318
f 4128/5838/2319 4130/5837/2319 4133/5839/2319 4131/5840/2319
f 4131/5840/2320 4133/5839/2320 4136/5841/2320 4134/5842/2320
f 4134/5842/2321 4136/5841/2321 4139/5843/2321 4137/5844/2321
f 4137/5844/2322 4139/5843/2322 4142/5845/2322 4140/5846/2322
f 4140/5846/2323 4142/5845/2323 4145/5847/2323 4144/5848/2323
f 4144/5836/2324 4145/5835/2324 4148/5833/2324 4147/5834/2324
f 4147/5834/2325 4148/5833/2325 4151/5831/2325 4150/5832/2325
f 4150/5832/2326 4151/5831/2326 4154/5829/2326 4153/5830/2326
f 4153/5830/2327 4154/5829/2327 4157/5827/2327 4156/5828/2327
f 4156/5828/2328 4157/5827/2328 4160/5825/2328 4158/5826/2328
f 4158/5826/2329 4160/5825/2329 4163/5823/2329 4161/5824/2329
f 4161/5824/2330 4163/5823/2330 4166/5821/2330 4164/5822/2330
f 4164/5822/2331 4166/5821/2331 4169/5819/2331 4167/5820/2331
f 4167/5820/2332 4169/5819/2332 4172/5817/2332 4170/5818/2332
f 4170/5818/2333 4172/5817/2333 4175/5815/2333 4173/5816/2333
f 4173/5816/2334 4175/5815/2334 4178/5813/2334 4176/5814/2334
f 4176/5814/2335 4178/5813/2335 4181/5812/2335 4179/5811/2335
f 4179/5848/2336 4181/5847/2336 4184/5845/2336 4182/5846/2336
f 4182/5846/2337 4184/5845/2337 4187/5843/2337 4185/5844/2337
f 4185/5844/2338 4187/5843/2338 4190/5841/2338 4188/5842/2338
f 4188/5842/2339 4190/5841/2339 4193/5839/2339 4191/5840/2339
f 4204/5849/2340 4181/5850/2340 4178/5851/2340 4175/5852/2340 4172/5853/2340 4169/5854/2340 4166/5855/2340 4163/5856/2340 4160/5857/2340 4157/5858/2340 4154/5859/2340 4151/5860/2340 4148/5861/2340 4145/5862/2340 4142/5863/2340 4139/5864/2340 4136/5865/2340 4133/5866/2340 4130/5867/2340 4127/5868/2340 4124/5869/2340 4121/5870/2340 4118/5871/2340 4115/5872/2340 4112/5873/2340 4109/5874/2340 4244/5875/2340 4223/5876/2340 4224/5877/2340 4222/5878/2340 4225/5879/2340 4220/5880/2340 4221/5881/2340 4219/5882/2340 4226/5883/2340 4216/5884/2340 4217/5885/2340 4215/5886/2340 4218/5887/2340 4213/5888/2340 4214/5889/2340 4212/5890/2340 4242/5891/2340 4198/5892/2340 4197/5893/2340 4199/5894/2340 4200/5895/2340 4203/5896/2340 4202/5897/2340 4201/5898/2340
f 4244/5875/2340 4109/5874/2340 4106/5899/2340 4103/5900/2340 4100/5901/2340 4097/5902/2340 4094/5903/2340 4091/5904/2340 4088/5905/2340 4085/5906/2340 4082/5907/2340 4079/5908/2340 4076/5909/2340 4073/5910/2340 4070/5911/2340 4067/5912/2340 4064/5913/2340 4061/5914/2340 4058/5915/2340 4055/5916/2340 4196/5917/2340 4193/5918/2340 4190/5919/2340 4187/5920/2340 4184/5921/2340 4181/5850/2340 4204/5849/2340 4207/5922/2340 4206/5923/2340 4205/5924/2340 4211/5925/2340 4208/5926/2340 4210/5927/2340 4209/5928/2340 4243/5929/2340 4227/5930/2340 4228/5931/2340 4229/5932/2340 4230/5933/2340 4232/5934/2340 4240/5935/2340 4234/5936/2340 4238/5937/2340 4236/5938/2340 4235/5939/2340 4237/5940/2340 4239/5941/2340 4233/5942/2340 4241/5943/2340 4231/5944/2340
f 4191/5840/2341 4193/5839/2341 4196/5837/2341 4194/5838/2341
f 4194/5838/2342 4196/5837/2342 4055/5798/2342 4053/5797/2342
f 4194/5917/2343 4053/5916/2343 4056/5915/2343 4059/5914/2343 4062/5913/2343 4065/5912/2343 4068/5911/2343 4071/5910/2343 4074/5909/2343 4077/5908/2343 4080/5907/2343 4083/5906/2343 4086/5905/2343 4089/5904/2343 4092/5903/2343 4095/5902/2343 4098/5901/2343 4101/5900/2343 4105/5899/2343 4107/5874/2343 4110/5873/2343 4113/5872/2343 4116/5871/2343 4119/5870/2343 4122/5869/2343 4125/5868/2343 4128/5867/2343 4131/5866/2343 4134/5865/2343 4137/5864/2343 4140/5863/2343 4144/5862/2343 4147/5861/2343 4150/5860/2343 4153/5859/2343 4156/5858/2343 4158/5857/2343 4161/5856/2343 4164/5855/2343 4167/5854/2343 4170/5853/2343 4173/5852/2343 4176/5851/2343 4179/5850/2343 4182/5921/2343 4185/5920/2343 4188/5919/2343 4191/5918/2343
f 4210/5798/2344 4054/5945/2344 4057/5946/2344 4209/5947/2344
f 4209/5947/2345 4057/5946/2345 4060/5948/2345 4243/5949/2345
f 4243/5949/2346 4060/5948/2346 4063/5950/2346 4227/5951/2346
f 4227/5951/2347 4063/5950/2347 4066/5952/2347 4228/5953/2347
f 4228/5953/2348 4066/5952/2348 4069/5954/2348 4229/5955/2348
f 4229/5955/2323 4069/5954/2323 4072/5956/2323 4230/5957/2323
f 4072/5958/2324 4075/5959/2324 4232/5960/2324 4230/5961/2324
f 4075/5959/2349 4078/5962/2349 4240/5963/2349 4232/5960/2349
f 4078/5962/2350 4081/5964/2350 4234/5965/2350 4240/5963/2350
f 4081/5964/2351 4084/5966/2351 4238/5967/2351 4234/5965/2351
f 4084/5966/2352 4087/5968/2352 4236/5969/2352 4238/5967/2352
f 4087/5968/2353 4090/5970/2353 4235/5823/2353 4236/5969/2353
f 4090/5970/2354 4093/5971/2354 4237/5972/2354 4235/5823/2354
f 4093/5971/2355 4096/5973/2355 4239/5974/2355 4237/5972/2355
f 4096/5973/2356 4099/5975/2356 4233/5976/2356 4239/5974/2356
f 4099/5975/2357 4102/5977/2357 4241/5978/2357 4233/5976/2357
f 4102/5977/2358 4104/5979/2358 4231/5980/2358 4241/5978/2358
f 4104/5979/2335 4108/5981/2335 4244/5982/2335 4231/5980/2335
f 4108/5956/2336 4111/5954/2336 4223/5955/2336 4244/5957/2336
f 4111/5954/2359 4114/5952/2359 4224/5953/2359 4223/5955/2359
f 4114/5952/2360 4117/5950/2360 4222/5951/2360 4224/5953/2360
f 4117/5950/2361 4120/5948/2361 4225/5949/2361 4222/5951/2361
f 4120/5948/2362 4123/5946/2362 4220/5947/2362 4225/5949/2362
f 4123/5946/2363 4126/5945/2363 4221/5798/2363 4220/5947/2363
f 4126/5945/2364 4129/5983/2364 4219/5984/2364 4221/5798/2364
f 4129/5983/2365 4132/5985/2365 4226/5986/2365 4219/5984/2365
f 4132/5985/2366 4135/5987/2366 4216/5988/2366 4226/5986/2366
f 4135/5987/2367 4138/5989/2367 4217/5990/2367 4216/5988/2367
f 4138/5989/2368 4141/5991/2368 4215/5992/2368 4217/5990/2368
f 4141/5991/2299 4143/5993/2299 4218/5994/2299 4215/5992/2299
f 4218/5982/2300 4143/5981/2300 4146/5979/2300 4213/5980/2300
f 4213/5980/2369 4146/5979/2369 4149/5977/2369 4214/5978/2369
f 4214/5978/2370 4149/5977/2370 4152/5975/2370 4212/5976/2370
f 4212/5976/2371 4152/5975/2371 4155/5973/2371 4242/5974/2371
f 4242/5974/2372 4155/5973/2372 4159/5971/2372 4198/5972/2372
f 4198/5972/2373 4159/5971/2373 4162/5970/2373 4197/5823/2373
f 4197/5823/2374 4162/5970/2374 4165/5968/2374 4199/5969/2374
f 4199/5969/2375 4165/5968/2375 4168/5966/2375 4200/5967/2375
f 4200/5967/2376 4168/5966/2376 4171/5964/2376 4203/5965/2376
f 4203/5965/2377 4171/5964/2377 4174/5962/2377 4202/5963/2377
f 4202/5963/2378 4174/5962/2378 4177/5959/2378 4201/5960/2378
f 4201/5960/2311 4177/5959/2311 4180/5958/2311 4204/5961/2311
f 4204/5994/2312 4180/5993/2312 4183/5991/2312 4207/5992/2312
f 4207/5992/2379 4183/5991/2379 4186/5989/2379 4206/5990/2379
f 4206/5990/2380 4186/5989/2380 4189/5987/2380 4205/5988/2380
f 4205/5988/2381 4189/5987/2381 4192/5985/2381 4211/5986/2381
f 4211/5986/2382 4192/5985/2382 4195/5983/2382 4208/5984/2382
f 4208/5984/2383 4195/5983/2383 4054/5945/2383 4210/5798/2383
f 4177/5898/2340 4174/5897/2340 4171/5896/2340 4168/5895/2340 4165/5894/2340 4162/5893/2340 4159/5892/2340 4155/5891/2340 4152/5890/2340 4149/5889/2340 4146/5888/2340 4143/5887/2340 4141/5886/2340 4138/5885/2340 4135/5884/2340 4132/5883/2340 4129/5882/2340 4126/5881/2340 4123/5880/2340 4120/5879/2340 4117/5878/2340 4114/5877/2340 4111/5876/2340 4108/5875/2340 4104/5944/2340 4102/5943/2340 4099/5942/2340 4096/5941/2340 4093/5940/2340 4090/5939/2340 4087/5938/2340 4084/5937/2340 4081/5936/2340 4078/5935/2340 4075/5934/2340 4072/5933/2340 4069/5932/2340 4066/5931/2340 4063/5930/2340 4060/5929/2340 4057/5928/2340 4054/5927/2340 4195/5926/2340 4192/5925/2340 4189/5924/2340 4186/5923/2340 4183/5922/2340 4180/5849/2340
o Pocket_4
v 0.000000 -0.440500 -0.977000
v 0.000000 -0.420500 -0.967000
v 0.000000 -0.000500 -0.977000
v 0.009137 -0.440500 -0.976401
v 0.007832 -0.420500 -0.966487
v 0.009137 -0.000500 -0.976401
v 0.018117 -0.440500 -0.974615
v 0.015529 -0.420500 -0.964956
v 0.018117 -0.000500 -0.974615
v 0.026788 -0.440500 -0.971672
v 0.022961 -0.420500 -0.962433
v 0.026788 -0.000500 -0.971672
v 0.035000 -0.440500 -0.967622
v 0.030000 -0.420500 -0.958962
v 0.035000 -0.000500 -0.967622
v 0.042613 -0.440500 -0.962535
v 0.036526 -0.420500 -0.954601
v 0.042613 -0.000500 -0.962535
v 0.049497 -0.440500 -0.956497
v 0.042426 -0.420500 -0.949426
v 0.049497 -0.000500 -0.956497
v 0.055535 -0.440500 -0.949613
v 0.047601 -0.420500 -0.943526
v 0.055535 -0.000500 -0.949613
v 0.060622 -0.440500 -0.942000
v 0.051962 -0.420500 -0.937000
v 0.060622 -0.000500 -0.942000
v 0.064672 -0.440500 -0.933788
v 0.055433 -0.420500 -0.929961
v 0.064672 -0.000500 -0.933788
v 0.067615 -0.440500 -0.925117
v 0.057956 -0.420500 -0.922529
v 0.067615 -0.000500 -0.925117
v 0.069401 -0.440500 -0.916137
v 0.059487 -0.420500 -0.914832
v 0.069401 -0.000500 -0.916137
v 0.070000 -0.440500 -0.907000
v 0.060000 -0.420500 -0.907000
v 0.070000 -0.000500 -0.907000
v 0.069401 -0.440500 -0.897863
v 0.059487 -0.420500 -0.899168
v 0.069401 -0.000500 -0.897863
v 0.067615 -0.440500 -0.888883
v 0.057956 -0.420500 -0.891471
v 0.067615 -0.000500 -0.888883
v 0.064672 -0.440500 -0.880212
v 0.055433 -0.420500 -0.884039
v 0.064672 -0.000500 -0.880212
v 0.060622 -0.440500 -0.872000
v 0.051962 -0.420500 -0.877000
v 0.060622 -0.000500 -0.872000
v 0.047601 -0.420500 -0.870474
v 0.055535 -0.440500 -0.864387
v 0.055535 -0.000500 -0.864387
v 0.049497 -0.440500 -0.857503
v 0.042426 -0.420500 -0.864574
v 0.049497 -0.000500 -0.857503
v 0.042613 -0.440500 -0.851465
v 0.036526 -0.420500 -0.859399
v 0.042613 -0.000500 -0.851465
v 0.035000 -0.440500 -0.846378
v 0.030000 -0.420500 -0.855038
v 0.035000 -0.000500 -0.846378
v 0.026788 -0.440500 -0.842328
v 0.022961 -0.420500 -0.851567
v 0.026788 -0.000500 -0.842328
v 0.018117 -0.440500 -0.839385
v 0.015529 -0.420500 -0.849044
v 0.018117 -0.000500 -0.839385
v 0.009137 -0.440500 -0.837599
v 0.007832 -0.420500 -0.847513
v 0.009137 -0.000500 -0.837599
v 0.000000 -0.440500 -0.837000
v 0.000000 -0.420500 -0.847000
v 0.000000 -0.000500 -0.837000
v -0.009137 -0.440500 -0.837599
v -0.007832 -0.420500 -0.847513
v -0.009137 -0.000500 -0.837599
v -0.018117 -0.440500 -0.839385
v -0.015529 -0.420500 -0.849044
v -0.018117 -0.000500 -0.839385
v -0.026788 -0.440500 -0.842328
v -0.022961 -0.420500 -0.851567
v -0.026788 -0.000500 -0.842328
v -0.035000 -0.440500 -0.846378
v -0.030000 -0.420500 -0.855038
v -0.035000 -0.000500 -0.846378
v -0.042613 -0.440500 -0.851465
v -0.036526 -0.420500 -0.859399
v -0.042613 -0.000500 -0.851465
v -0.042426 -0.420500 -0.864574
v -0.049497 -0.440500 -0.857503
v -0.049497 -0.000500 -0.857503
v -0.047601 -0.420500 -0.870474
v -0.055535 -0.440500 -0.864387
v -0.055535 -0.000500 -0.864387
v -0.051962 -0.420500 -0.877000
v -0.060622 -0.440500 -0.872000
v -0.060622 -0.000500 -0.872000
v -0.055433 -0.420500 -0.884039
v -0.064672 -0.440500 -0.880212
v -0.064672 -0.000500 -0.880212
v -0.057956 -0.420500 -0.891471
v -0.067615 -0.440500 -0.888883
v -0.067615 -0.000500 -0.888883
v -0.069401 -0.440500 -0.897863
v -0.059487 -0.420500 -0.899168
v -0.069401 -0.000500 -0.897863
v -0.070000 -0.440500 -0.907000
v -0.060000 -0.420500 -0.907000
v -0.070000 -0.000500 -0.907000
v -0.069401 -0.440500 -0.916137
v -0.059487 -0.420500 -0.914832
v -0.069401 -0.000500 -0.916137
v -0.067615 -0.440500 -0.925117
v -0.057956 -0.420500 -0.922529
v -0.067615 -0.000500 -0.925117
v -0.064672 -0.440500 -0.933788
v -0.055433 -0.420500 -0.929961
v -0.064672 -0.000500 -0.933788
v -0.060622 -0.440500 -0.942000
v -0.051962 -0.420500 -0.937000
v -0.060622 -0.000500 -0.942000
v -0.055535 -0.440500 -0.949613
v -0.047601 -0.420500 -0.943526
v -0.055535 -0.000500 -0.949613
v -0.049497 -0.440500 -0.956497
v -0.042426 -0.420500 -0.949426
v -0.049497 -0.000500 -0.956497
v -0.042613 -0.440500 -0.962535
v -0.036526 -0.420500 -0.954601
v -0.042613 -0.000500 -0.962535
v -0.035000 -0.440500 -0.967622
v -0.030000 -0.420500 -0.958962
v -0.035000 -0.000500 -0.967622
v -0.026788 -0.440500 -0.971672
v -0.022961 -0.420500 -0.962433
v -0.026788 -0.000500 -0.971672
v -0.018117 -0.440500 -0.974615
v -0.015529 -0.420500 -0.964956
v -0.018117 -0.000500 -0.974615
v -0.009137 -0.440500 -0.976401
v -0.007832 -0.420500 -0.966487
v -0.009137 -0.000500 -0.976401
v -0.060000 -0.000500 -0.907000
v -0.059487 -0.000500 -0.899168
v -0.059487 -0.000500 -0.914832
v -0.057956 -0.000500 -0.922529
v -0.047601 -0.000500 -0.943526
v -0.051962 -0.000500 -0.937000
v -0.055433 -0.000500 -0.929961
v -0.042426 -0.000500 -0.949426
v -0.022961 -0.000500 -0.962433
v -0.030000 -0.000500 -0.958962
v -0.036526 -0.000500 -0.954601
v -0.007832 -0.000500 -0.966487
v 0.007832 -0.000500 -0.966487
v 0.000000 -0.000500 -0.967000
v -0.015529 -0.000500 -0.964956
v -0.055433 -0.000500 -0.884039
v -0.047601 -0.000500 -0.870474
v -0.051962 -0.000500 -0.877000
v -0.036526 -0.000500 -0.859399
v -0.022961 -0.000500 -0.851567
v -0.030000 -0.000500 -0.855038
v -0.042426 -0.000500 -0.864574
v -0.007832 -0.000500 -0.847513
v 0.007832 -0.000500 -0.847513
v 0.000000 -0.000500 -0.847000
v 0.022961 -0.000500 -0.851567
v 0.036526 -0.000500 -0.859399
v 0.030000 -0.000500 -0.855038
v 0.015529 -0.000500 -0.849044
v -0.015529 -0.000500 -0.849044
v 0.022961 -0.000500 -0.962433
v 0.030000 -0.000500 -0.958962
v 0.036526 -0.000500 -0.954601
v 0.042426 -0.000500 -0.949426
v 0.047601 -0.000500 -0.870474
v 0.047601 -0.000500 -0.943526
v 0.055433 -0.000500 -0.884039
v 0.055433 -0.000500 -0.929961
v 0.060000 -0.000500 -0.907000
v 0.059487 -0.000500 -0.914832
v 0.059487 -0.000500 -0.899168
v 0.057956 -0.000500 -0.922529
v 0.057956 -0.000500 -0.891471
v 0.051962 -0.000500 -0.937000
v 0.051962 -0.000500 -0.877000
v -0.057956 -0.000500 -0.891471
v 0.015529 -0.000500 -0.964956
v 0.042426 -0.000500 -0.864574
vn 0.0654 -0.0000 -0.9979
vn 0.1951 -0.0000 -0.9808
vn 0.3214 -0.0000 -0.9469
vn 0.4423 -0.0000 -0.8969
vn 0.5556 -0.0000 -0.8315
vn 0.6594 -0.0000 -0.7518
vn 0.7518 -0.0000 -0.6594
vn 0.8315 -0.0000 -0.5556
vn 0.8969 -0.0000 -0.4423
vn 0.9469 -0.0000 -0.3214
vn 0.9808 -0.0000 -0.1951
vn 0.9979 -0.0000 -0.0654
vn 0.9979 -0.0000 0.0654
vn 0.9808 -0.0000 0.1951
vn 0.9469 -0.0000 0.3214
vn 0.8969 -0.0000 0.4423
vn 0.8315 -0.0000 0.5556
vn 0.7518 -0.0000 0.6594
vn 0.6594 -0.0000 0.7518
vn 0.5556 -0.0000 0.8315
vn 0.4423 -0.0000 0.8969
vn 0.3214 -0.0000 0.9469
vn 0.1951 -0.0000 0.9808
vn 0.0654 -0.0000 0.9979
vn -0.0654 -0.0000 0.9979
vn -0.1951 -0.0000 0.9808
vn -0.3214 -0.0000 0.9469
vn -0.4423 -0.0000 0.8969
vn -0.5556 -0.0000 0.8315
vn -0.6594 -0.0000 0.7518
vn -0.7518 -0.0000 0.6594
vn -0.8315 -0.0000 0.5556
vn -0.8969 -0.0000 0.4423
vn -0.9469 -0.0000 0.3214
vn -0.9808 -0.0000 0.1951
vn -0.9979 -0.0000 0.0654
vn -0.9979 -0.0000 -0.0654
vn -0.9808 -0.0000 -0.1951
vn -0.9469 -0.0000 -0.3214
vn -0.8969 -0.0000 -0.4423
vn -0.8315 -0.0000 -0.5556
vn -0.7518 -0.0000 -0.6594
vn -0.6594 -0.0000 -0.7518
vn -0.5556 -0.0000 -0.8315
vn -0.4423 -0.0000 -0.8969
vn -0.3214 -0.0000 -0.9469
vn -0.0000 1.0000 -0.0000
vn -0.1951 -0.0000 -0.9808
vn -0.0654 -0.0000 -0.9979
vn -0.0000 -1.0000 -0.0000
vn -0.3215 -0.0000 0.9469
vn -0.5556 -0.0000 0.8314
vn -0.8314 -0.0000 0.5556
vn -0.9469 -0.0000 0.3215
vn -0.9469 -0.0000 -0.3215
vn -0.8314 -0.0000 -0.5556
vn -0.5556 -0.0000 -0.8314
vn -0.3215 -0.0000 -0.9469
vn 0.3215 -0.0000 -0.9469
vn 0.5556 -0.0000 -0.8314
vn 0.8314 -0.0000 -0.5556
vn 0.9469 -0.0000 -0.3215
vn 0.9469 -0.0000 0.3215
vn 0.8314 -0.0000 0.5556
vn 0.5556 -0.0000 0.8314
vn 0.3215 -0.0000 0.9469
vt 0.500000 0.280000
vt 0.500000 0.720000
vt 0.509137 0.720000
vt 0.509137 0.280000
vt 0.518117 0.720000
vt 0.518117 0.280000
vt 0.526788 0.720000
vt 0.526788 0.280000
vt 0.535000 0.720000
vt 0.535000 0.280000
vt 0.542613 0.720000
vt 0.542613 0.280000
vt 0.549497 0.720000
vt 0.549497 0.280000
vt 0.280000 0.450503
vt 0.720000 0.450503
vt 0.720000 0.457387
vt 0.280000 0.457387
vt 0.720000 0.465000
vt 0.280000 0.465000
vt 0.720000 0.473212
vt 0.280000 0.473212
vt 0.720000 0.481883
vt 0.280000 0.481883
vt 0.720000 0.490863
vt 0.280000 0.490863
vt 0.720000 0.500000
vt 0.280000 0.500000
vt 0.720000 0.509137
vt 0.280000 0.509137
vt 0.720000 0.518117
vt 0.280000 0.518117
vt 0.720000 0.526788
vt 0.280000 0.526788
vt 0.720000 0.535000
vt 0.280000 0.535000
vt 0.720000 0.542613
vt 0.280000 0.542613
vt 0.720000 0.549497
vt 0.280000 0.549497
vt 0.490863 0.720000
vt 0.490863 0.280000
vt 0.481883 0.720000
vt 0.481883 0.280000
vt 0.473212 0.720000
vt 0.473212 0.280000
vt 0.465000 0.720000
vt 0.465000 0.280000
vt 0.457387 0.720000
vt 0.457387 0.280000
vt 0.450503 0.720000
vt 0.450503 0.280000
vt 0.442044 0.515529
vt 0.432385 0.518117
vt 0.435328 0.526788
vt 0.439378 0.535000
vt 0.444465 0.542613
vt 0.450503 0.549497
vt 0.457387 0.555535
vt 0.465000 0.560622
vt 0.473212 0.564672
vt 0.481883 0.567615
vt 0.490863 0.569401
vt 0.500000 0.570000
vt 0.509137 0.569401
vt 0.518117 0.567615
vt 0.526788 0.564672
vt 0.535000 0.560622
vt 0.542613 0.555535
vt 0.549497 0.549497
vt 0.555535 0.542613
vt 0.560622 0.535000
vt 0.564672 0.526788
vt 0.567615 0.518117
vt 0.569401 0.509137
vt 0.570000 0.500000
vt 0.569401 0.490863
vt 0.567615 0.481883
vt 0.564672 0.473212
vt 0.560622 0.465000
vt 0.555535 0.457387
vt 0.549497 0.450503
vt 0.542613 0.444465
vt 0.535000 0.439378
vt 0.526788 0.435328
vt 0.518117 0.432385
vt 0.515529 0.442044
vt 0.522961 0.444567
vt 0.530000 0.448038
vt 0.536526 0.452399
vt 0.542426 0.457574
vt 0.547601 0.463474
vt 0.551962 0.470000
vt 0.555433 0.477039
vt 0.557956 0.484471
vt 0.559487 0.492168
vt 0.560000 0.500000
vt 0.559487 0.507832
vt 0.557956 0.515529
vt 0.555433 0.522961
vt 0.551962 0.530000
vt 0.547601 0.536526
vt 0.542426 0.542426
vt 0.536526 0.547601
vt 0.530000 0.551962
vt 0.522961 0.555433
vt 0.515529 0.557956
vt 0.507832 0.559487
vt 0.500000 0.560000
vt 0.492168 0.559487
vt 0.484471 0.557956
vt 0.477039 0.555433
vt 0.470000 0.551962
vt 0.463474 0.547601
vt 0.457574 0.542426
vt 0.452399 0.536526
vt 0.448038 0.530000
vt 0.444567 0.522961
vt 0.509137 0.430599
vt 0.500000 0.430000
vt 0.490863 0.430599
vt 0.481883 0.432385
vt 0.473212 0.435328
vt 0.465000 0.439378
vt 0.457387 0.444465
vt 0.450503 0.450503
vt 0.444465 0.457387
vt 0.439378 0.465000
vt 0.435328 0.473212
vt 0.432385 0.481883
vt 0.430599 0.490863
vt 0.430000 0.500000
vt 0.430599 0.509137
vt 0.440513 0.507832
vt 0.440000 0.500000
vt 0.440513 0.492168
vt 0.442044 0.484471
vt 0.444567 0.477039
vt 0.448038 0.470000
vt 0.452399 0.463474
vt 0.457574 0.457574
vt 0.463474 0.452399
vt 0.470000 0.448038
vt 0.477039 0.444567
vt 0.484471 0.442044
vt 0.492168 0.440513
vt 0.500000 0.440000
vt 0.507832 0.440513
vt 0.500000 0.300000
vt 0.507832 0.300000
vt 0.507832 0.720000
vt 0.515529 0.300000
vt 0.515529 0.720000
vt 0.522961 0.300000
vt 0.522961 0.720000
vt 0.530000 0.300000
vt 0.530000 0.720000
vt 0.536526 0.300000
vt 0.536526 0.720000
vt 0.542426 0.300000
vt 0.542426 0.720000
vt 0.300000 0.457574
vt 0.300000 0.463474
vt 0.720000 0.463474
vt 0.720000 0.457574
vt 0.300000 0.470000
vt 0.720000 0.470000
vt 0.300000 0.477039
vt 0.720000 0.477039
vt 0.300000 0.484471
vt 0.720000 0.484471
vt 0.300000 0.492168
vt 0.720000 0.492168
vt 0.300000 0.500000
vt 0.300000 0.507832
vt 0.720000 0.507832
vt 0.300000 0.515529
vt 0.720000 0.515529
vt 0.300000 0.522961
vt 0.720000 0.522961
vt 0.300000 0.530000
vt 0.720000 0.530000
vt 0.300000 0.536526
vt 0.720000 0.536526
vt 0.300000 0.542426
vt 0.720000 0.542426
vt 0.492168 0.300000
vt 0.492168 0.720000
vt 0.484471 0.300000
vt 0.484471 0.720000
vt 0.477039 0.300000
vt 0.477039 0.720000
vt 0.470000 0.300000
vt 0.470000 0.720000
vt 0.463474 0.300000
vt 0.463474 0.720000
vt 0.457574 0.300000
vt 0.457574 0.720000
s 1
usemtl Pocket
f 4245/5995/2384 4247/5996/2384 4250/5997/2384 4248/5998/2384
f 4248/5998/2385 4250/5997/2385 4253/5999/2385 4251/6000/2385
f 4251/6000/2386 4253/5999/2386 4256/6001/2386 4254/6002/2386
f 4254/6002/2387 4256/6001/2387 4259/6003/2387 4257/6004/2387
f 4257/6004/2388 4259/6003/2388 4262/6005/2388 4260/6006/2388
f 4260/6006/2389 4262/6005/2389 4265/6007/2389 4263/6008/2389
f 4263/6009/2390 4265/6010/2390 4268/6011/2390 4266/6012/2390
f 4266/6012/2391 4268/6011/2391 4271/6013/2391 4269/6014/2391
f 4269/6014/2392 4271/6013/2392 4274/6015/2392 4272/6016/2392
f 4272/6016/2393 4274/6015/2393 4277/6017/2393 4275/6018/2393
f 4275/6018/2394 4277/6017/2394 4280/6019/2394 4278/6020/2394
f 4278/6020/2395 4280/6019/2395 4283/6021/2395 4281/6022/2395
f 4281/6022/2396 4283/6021/2396 4286/6023/2396 4284/6024/2396
f 4284/6024/2397 4286/6023/2397 4289/6025/2397 4287/6026/2397
f 4287/6026/2398 4289/6025/2398 4292/6027/2398 4290/6028/2398
f 4290/6028/2399 4292/6027/2399 4295/6029/2399 4293/6030/2399
f 4293/6030/2400 4295/6029/2400 4298/6031/2400 4297/6032/2400
f 4297/6032/2401 4298/6031/2401 4301/6033/2401 4299/6034/2401
f 4299/6008/2402 4301/6007/2402 4304/6005/2402 4302/6006/2402
f 4302/6006/2403 4304/6005/2403 4307/6003/2403 4305/6004/2403
f 4305/6004/2404 4307/6003/2404 4310/6001/2404 4308/6002/2404
f 4308/6002/2405 4310/6001/2405 4313/5999/2405 4311/6000/2405
f 4311/6000/2406 4313/5999/2406 4316/5997/2406 4314/5998/2406
f 4314/5998/2407 4316/5997/2407 4319/5996/2407 4317/5995/2407
f 4317/5995/2408 4319/5996/2408 4322/6035/2408 4320/6036/2408
f 4320/6036/2409 4322/6035/2409 4325/6037/2409 4323/6038/2409
f 4323/6038/2410 4325/6037/2410 4328/6039/2410 4326/6040/2410
f 4326/6040/2411 4328/6039/2411 4331/6041/2411 4329/6042/2411
f 4329/6042/2412 4331/6041/2412 4334/6043/2412 4332/6044/2412
f 4332/6044/2413 4334/6043/2413 4337/6045/2413 4336/6046/2413
f 4336/6034/2414 4337/6033/2414 4340/6031/2414 4339/6032/2414
f 4339/6032/2415 4340/6031/2415 4343/6029/2415 4342/6030/2415
f 4342/6030/2416 4343/6029/2416 4346/6027/2416 4345/6028/2416
f 4345/6028/2417 4346/6027/2417 4349/6025/2417 4348/6026/2417
f 4348/6026/2418 4349/6025/2418 4352/6023/2418 4350/6024/2418
f 4350/6024/2419 4352/6023/2419 4355/6021/2419 4353/6022/2419
f 4353/6022/2420 4355/6021/2420 4358/6019/2420 4356/6020/2420
f 4356/6020/2421 4358/6019/2421 4361/6017/2421 4359/6018/2421
f 4359/6018/2422 4361/6017/2422 4364/6015/2422 4362/6016/2422
f 4362/6016/2423 4364/6015/2423 4367/6013/2423 4365/6014/2423
f 4365/6014/2424 4367/6013/2424 4370/6011/2424 4368/6012/2424
f 4368/6012/2425 4370/6011/2425 4373/6010/2425 4371/6009/2425
f 4371/6046/2426 4373/6045/2426 4376/6043/2426 4374/6044/2426
f 4374/6044/2427 4376/6043/2427 4379/6041/2427 4377/6042/2427
f 4377/6042/2428 4379/6041/2428 4382/6039/2428 4380/6040/2428
f 4380/6040/2429 4382/6039/2429 4385/6037/2429 4383/6038/2429
f 4434/6047/2430 4349/6048/2430 4346/6049/2430 4343/6050/2430 4340/6051/2430 4337/6052/2430 4334/6053/2430 4331/6054/2430 4328/6055/2430 4325/6056/2430 4322/6057/2430 4319/6058/2430 4316/6059/2430 4313/6060/2430 4310/6061/2430 4307/6062/2430 4304/6063/2430 4301/6064/2430 4298/6065/2430 4295/6066/2430 4292/6067/2430 4289/6068/2430 4286/6069/2430 4283/6070/2430 4280/6071/2430 4277/6072/2430 4274/6073/2430 4271/6074/2430 4268/6075/2430 4265/6076/2430 4262/6077/2430 4259/6078/2430 4256/6079/2430 4253/6080/2430 4435/6081/2430 4419/6082/2430 4420/6083/2430 4421/6084/2430 4422/6085/2430 4424/6086/2430 4432/6087/2430 4426/6088/2430 4430/6089/2430 4428/6090/2430 4427/6091/2430 4429/6092/2430 4431/6093/2430 4425/6094/2430 4433/6095/2430 4423/6096/2430 4436/6097/2430 4415/6098/2430 4416/6099/2430 4414/6100/2430 4417/6101/2430 4412/6102/2430 4413/6103/2430 4411/6104/2430 4418/6105/2430 4408/6106/2430 4409/6107/2430 4407/6108/2430 4410/6109/2430 4405/6110/2430 4406/6111/2430 4404/6112/2430
f 4435/6081/2430 4253/6080/2430 4250/6113/2430 4247/6114/2430 4388/6115/2430 4385/6116/2430 4382/6117/2430 4379/6118/2430 4376/6119/2430 4373/6120/2430 4370/6121/2430 4367/6122/2430 4364/6123/2430 4361/6124/2430 4358/6125/2430 4355/6126/2430 4352/6127/2430 4349/6048/2430 4434/6047/2430 4390/6128/2430 4389/6129/2430 4391/6130/2430 4392/6131/2430 4395/6132/2430 4394/6133/2430 4393/6134/2430 4396/6135/2430 4399/6136/2430 4398/6137/2430 4397/6138/2430 4403/6139/2430 4400/6140/2430 4402/6141/2430 4401/6142/2430
f 4383/6038/2431 4385/6037/2431 4388/6035/2431 4386/6036/2431
f 4386/6036/2432 4388/6035/2432 4247/5996/2432 4245/5995/2432
f 4386/6115/2433 4245/6114/2433 4248/6113/2433 4251/6080/2433 4254/6079/2433 4257/6078/2433 4260/6077/2433 4263/6076/2433 4266/6075/2433 4269/6074/2433 4272/6073/2433 4275/6072/2433 4278/6071/2433 4281/6070/2433 4284/6069/2433 4287/6068/2433 4290/6067/2433 4293/6066/2433 4297/6065/2433 4299/6064/2433 4302/6063/2433 4305/6062/2433 4308/6061/2433 4311/6060/2433 4314/6059/2433 4317/6058/2433 4320/6057/2433 4323/6056/2433 4326/6055/2433 4329/6054/2433 4332/6053/2433 4336/6052/2433 4339/6051/2433 4342/6050/2433 4345/6049/2433 4348/6048/2433 4350/6127/2433 4353/6126/2433 4356/6125/2433 4359/6124/2433 4362/6123/2433 4365/6122/2433 4368/6121/2433 4371/6120/2433 4374/6119/2433 4377/6118/2433 4380/6117/2433 4383/6116/2433
f 4402/5996/2408 4246/6143/2408 4249/6144/2408 4401/6145/2408
f 4401/6145/2409 4249/6144/2409 4252/6146/2409 4435/6147/2409
f 4435/6147/2434 4252/6146/2434 4255/6148/2434 4419/6149/2434
f 4419/6149/2411 4255/6148/2411 4258/6150/2411 4420/6151/2411
f 4420/6151/2435 4258/6150/2435 4261/6152/2435 4421/6153/2435
f 4421/6153/2413 4261/6152/2413 4264/6154/2413 4422/6155/2413
f 4264/6156/2414 4267/6157/2414 4424/6158/2414 4422/6159/2414
f 4267/6157/2436 4270/6160/2436 4432/6161/2436 4424/6158/2436
f 4270/6160/2416 4273/6162/2416 4426/6163/2416 4432/6161/2416
f 4273/6162/2437 4276/6164/2437 4430/6165/2437 4426/6163/2437
f 4276/6164/2418 4279/6166/2418 4428/6167/2418 4430/6165/2418
f 4279/6166/2419 4282/6168/2419 4427/6021/2419 4428/6167/2419
f 4282/6168/2420 4285/6169/2420 4429/6170/2420 4427/6021/2420
f 4285/6169/2421 4288/6171/2421 4431/6172/2421 4429/6170/2421
f 4288/6171/2438 4291/6173/2438 4425/6174/2438 4431/6172/2438
f 4291/6173/2423 4294/6175/2423 4433/6176/2423 4425/6174/2423
f 4294/6175/2439 4296/6177/2439 4423/6178/2439 4433/6176/2439
f 4296/6177/2425 4300/6179/2425 4436/6180/2425 4423/6178/2425
f 4300/6154/2426 4303/6152/2426 4415/6153/2426 4436/6155/2426
f 4303/6152/2440 4306/6150/2440 4416/6151/2440 4415/6153/2440
f 4306/6150/2428 4309/6148/2428 4414/6149/2428 4416/6151/2428
f 4309/6148/2441 4312/6146/2441 4417/6147/2441 4414/6149/2441
f 4312/6146/2431 4315/6144/2431 4412/6145/2431 4417/6147/2431
f 4315/6144/2432 4318/6143/2432 4413/5996/2432 4412/6145/2432
f 4318/6143/2384 4321/6181/2384 4411/6182/2384 4413/5996/2384
f 4321/6181/2385 4324/6183/2385 4418/6184/2385 4411/6182/2385
f 4324/6183/2442 4327/6185/2442 4408/6186/2442 4418/6184/2442
f 4327/6185/2387 4330/6187/2387 4409/6188/2387 4408/6186/2387
f 4330/6187/2443 4333/6189/2443 4407/6190/2443 4409/6188/2443
f 4333/6189/2389 4335/6191/2389 4410/6192/2389 4407/6190/2389
f 4410/6180/2390 4335/6179/2390 4338/6177/2390 4405/6178/2390
f 4405/6178/2444 4338/6177/2444 4341/6175/2444 4406/6176/2444
f 4406/6176/2392 4341/6175/2392 4344/6173/2392 4404/6174/2392
f 4404/6174/2445 4344/6173/2445 4347/6171/2445 4434/6172/2445
f 4434/6172/2394 4347/6171/2394 4351/6169/2394 4390/6170/2394
f 4390/6170/2395 4351/6169/2395 4354/6168/2395 4389/6021/2395
f 4389/6021/2396 4354/6168/2396 4357/6166/2396 4391/6167/2396
f 4391/6167/2397 4357/6166/2397 4360/6164/2397 4392/6165/2397
f 4392/6165/2446 4360/6164/2446 4363/6162/2446 4395/6163/2446
f 4395/6163/2399 4363/6162/2399 4366/6160/2399 4394/6161/2399
f 4394/6161/2447 4366/6160/2447 4369/6157/2447 4393/6158/2447
f 4393/6158/2401 4369/6157/2401 4372/6156/2401 4396/6159/2401
f 4396/6192/2402 4372/6191/2402 4375/6189/2402 4399/6190/2402
f 4399/6190/2448 4375/6189/2448 4378/6187/2448 4398/6188/2448
f 4398/6188/2404 4378/6187/2404 4381/6185/2404 4397/6186/2404
f 4397/6186/2449 4381/6185/2449 4384/6183/2449 4403/6184/2449
f 4403/6184/2406 4384/6183/2406 4387/6181/2406 4400/6182/2406
f 4400/6182/2407 4387/6181/2407 4246/6143/2407 4402/5996/2407
f 4369/6134/2430 4366/6133/2430 4363/6132/2430 4360/6131/2430 4357/6130/2430 4354/6129/2430 4351/6128/2430 4347/6047/2430 4344/6112/2430 4341/6111/2430 4338/6110/2430 4335/6109/2430 4333/6108/2430 4330/6107/2430 4327/6106/2430 4324/6105/2430 4321/6104/2430 4318/6103/2430 4315/6102/2430 4312/6101/2430 4309/6100/2430 4306/6099/2430 4303/6098/2430 4300/6097/2430 4296/6096/2430 4294/6095/2430 4291/6094/2430 4288/6093/2430 4285/6092/2430 4282/6091/2430 4279/6090/2430 4276/6089/2430 4273/6088/2430 4270/6087/2430 4267/6086/2430 4264/6085/2430 4261/6084/2430 4258/6083/2430 4255/6082/2430 4252/6081/2430 4249/6142/2430 4246/6141/2430 4387/6140/2430 4384/6139/2430 4381/6138/2430 4378/6137/2430 4375/6136/2430 4372/6135/2430
o Pocket_5
v 0.000000 -0.440500 0.837000
v 0.000000 -0.420500 0.847000
v 0.000000 -0.000500 0.837000
v 0.009137 -0.440500 0.837599
v 0.007832 -0.420500 0.847513
v 0.009137 -0.000500 0.837599
v 0.018117 -0.440500 0.839385
v 0.015529 -0.420500 0.849044
v 0.018117 -0.000500 0.839385
v 0.026788 -0.440500 0.842328
v 0.022961 -0.420500 0.851567
v 0.026788 -0.000500 0.842328
v 0.035000 -0.440500 0.846378
v 0.030000 -0.420500 0.855038
v 0.035000 -0.000500 0.846378
v 0.042613 -0.440500 0.851465
v 0.036526 -0.420500 0.859399
v 0.042613 -0.000500 0.851465
v 0.049497 -0.440500 0.857503
v 0.042426 -0.420500 0.864574
v 0.049497 -0.000500 0.857503
v 0.055535 -0.440500 0.864387
v 0.047601 -0.420500 0.870474
v 0.055535 -0.000500 0.864387
v 0.060622 -0.440500 0.872000
v 0.051962 -0.420500 0.877000
v 0.060622 -0.000500 0.872000
v 0.064672 -0.440500 0.880212
v 0.055433 -0.420500 0.884039
v 0.064672 -0.000500 0.880212
v 0.067615 -0.440500 0.888883
v 0.057956 -0.420500 0.891471
v 0.067615 -0.000500 0.888883
v 0.069401 -0.440500 0.897863
v 0.059487 -0.420500 0.899168
v 0.069401 -0.000500 0.897863
v 0.070000 -0.440500 0.907000
v 0.060000 -0.420500 0.907000
v 0.070000 -0.000500 0.907000
v 0.069401 -0.440500 0.916137
v 0.059487 -0.420500 0.914832
v 0.069401 -0.000500 0.916137
v 0.067615 -0.440500 0.925117
v 0.057956 -0.420500 0.922529
v 0.067615 -0.000500 0.925117
v 0.064672 -0.440500 0.933788
v 0.055433 -0.420500 0.929961
v 0.064672 -0.000500 0.933788
v 0.060622 -0.440500 0.942000
v 0.051962 -0.420500 0.937000
v 0.060622 -0.000500 0.942000
v 0.047601 -0.420500 0.943526
v 0.055535 -0.440500 0.949613
v 0.055535 -0.000500 0.949613
v 0.049497 -0.440500 0.956497
v 0.042426 -0.420500 0.949426
v 0.049497 -0.000500 0.956497
v 0.042613 -0.440500 0.962535
v 0.036526 -0.420500 0.954601
v 0.042613 -0.000500 0.962535
v 0.035000 -0.440500 0.967622
v 0.030000 -0.420500 0.958962
v 0.035000 -0.000500 0.967622
v 0.026788 -0.440500 0.971672
v 0.022961 -0.420500 0.962433
v 0.026788 -0.000500 0.971672
v 0.018117 -0.440500 0.974615
v 0.015529 -0.420500 0.964956
v 0.018117 -0.000500 0.974615
v 0.009137 -0.440500 0.976401
v 0.007832 -0.420500 0.966487
v 0.009137 -0.000500 0.976401
v 0.000000 -0.440500 0.977000
v 0.000000 -0.420500 0.967000
v 0.000000 -0.000500 0.977000
v -0.009137 -0.440500 0.976401
v -0.007832 -0.420500 0.966487
v -0.009137 -0.000500 0.976401
v -0.018117 -0.440500 0.974615
v -0.015529 -0.420500 0.964956
v -0.018117 -0.000500 0.974615
v -0.026788 -0.440500 0.971672
v -0.022961 -0.420500 0.962433
v -0.026788 -0.000500 0.971672
v -0.035000 -0.440500 0.967622
v -0.030000 -0.420500 0.958962
v -0.035000 -0.000500 0.967622
v -0.042613 -0.440500 0.962535
v -0.036526 -0.420500 0.954601
v -0.042613 -0.000500 0.962535
v -0.042426 -0.420500 0.949426
v -0.049497 -0.440500 0.956497
v -0.049497 -0.000500 0.956497
v -0.047601 -0.420500 0.943526
v -0.055535 -0.440500 0.949613
v -0.055535 -0.000500 0.949613
v -0.051962 -0.420500 0.937000
v -0.060622 -0.440500 0.942000
v -0.060622 -0.000500 0.942000
v -0.055433 -0.420500 0.929961
v -0.064672 -0.440500 0.933788
v -0.064672 -0.000500 0.933788
v -0.057956 -0.420500 0.922529
v -0.067615 -0.440500 0.925117
v -0.067615 -0.000500 0.925117
v -0.069401 -0.440500 0.916137
v -0.059487 -0.420500 0.914832
v -0.069401 -0.000500 0.916137
v -0.070000 -0.440500 0.907000
v -0.060000 -0.420500 0.907000
v -0.070000 -0.000500 0.907000
v -0.069401 -0.440500 0.897863
v -0.059487 -0.420500 0.899168
v -0.069401 -0.000500 0.897863
v -0.067615 -0.440500 0.888883
v -0.057956 -0.420500 0.891471
v -0.067615 -0.000500 0.888883
v -0.064672 -0.440500 0.880212
v -0.055433 -0.420500 0.884039
v -0.064672 -0.000500 0.880212
v -0.060622 -0.440500 0.872000
v -0.051962 -0.420500 0.877000
v -0.060622 -0.000500 0.872000
v -0.055535 -0.440500 0.864387
v -0.047601 -0.420500 0.870474
v -0.055535 -0.000500 0.864387
v -0.049497 -0.440500 0.857503
v -0.042426 -0.420500 0.864574
v -0.049497 -0.000500 0.857503
v -0.042613 -0.440500 0.851465
v -0.036526 -0.420500 0.859399
v -0.042613 -0.000500 0.851465
v -0.035000 -0.440500 0.846378
v -0.030000 -0.420500 0.855038
v -0.035000 -0.000500 0.846378
v -0.026788 -0.440500 0.842328
v -0.022961 -0.420500 0.851567
v -0.026788 -0.000500 0.842328
v -0.018117 -0.440500 0.839385
v -0.015529 -0.420500 0.849044
v -0.018117 -0.000500 0.839385
v -0.009137 -0.440500 0.837599
v -0.007832 -0.420500 0.847513
v -0.009137 -0.000500 0.837599
v -0.060000 -0.000500 0.907000
v -0.059487 -0.000500 0.914832
v -0.059487 -0.000500 0.899168
v -0.057956 -0.000500 0.891471
v -0.047601 -0.000500 0.870474
v -0.051962 -0.000500 0.877000
v -0.055433 -0.000500 0.884039
v -0.042426 -0.000500 0.864574
v -0.022961 -0.000500 0.851567
v -0.030000 -0.000500 0.855038
v -0.036526 -0.000500 0.859399
v -0.007832 -0.000500 0.847513
v 0.007832 -0.000500 0.847513
v 0.000000 -0.000500 0.847000
v -0.015529 -0.000500 0.849044
v -0.055433 -0.000500 0.929961
v -0.047601 -0.000500 0.943526
v -0.051962 -0.000500 0.937000
v -0.036526 -0.000500 0.954601
v -0.022961 -0.000500 0.962433
v -0.030000 -0.000500 0.958962
v -0.042426 -0.000500 0.949426
v -0.007832 -0.000500 0.966487
v 0.007832 -0.000500 0.966487
v 0.000000 -0.000500 0.967000
v 0.022961 -0.000500 0.962433
v 0.036526 -0.000500 0.954601
v 0.030000 -0.000500 0.958962
v 0.015529 -0.000500 0.964956
v -0.015529 -0.000500 0.964956
v 0.022961 -0.000500 0.851567
v 0.030000 -0.000500 0.855038
v 0.036526 -0.000500 0.859399
v 0.042426 -0.000500 0.864574
v 0.047601 -0.000500 0.943526
v 0.047601 -0.000500 0.870474
v 0.055433 -0.000500 0.929961
v 0.055433 -0.000500 0.884039
v 0.060000 -0.000500 0.907000
v 0.059487 -0.000500 0.899168
v 0.059487 -0.000500 0.914832
v 0.057956 -0.000500 0.891471
v 0.057956 -0.000500 0.922529
v 0.051962 -0.000500 0.877000
v 0.051962 -0.000500 0.937000
v -0.057956 -0.000500 0.922529
v 0.015529 -0.000500 0.849044
v 0.042426 -0.000500 0.949426
vn 0.0654 -0.0000 -0.9979
vn 0.1951 -0.0000 -0.9808
vn 0.3214 -0.0000 -0.9469
vn 0.4423 -0.0000 -0.8969
vn 0.5556 -0.0000 -0.8315
vn 0.6594 -0.0000 -0.7518
vn 0.7518 -0.0000 -0.6594
vn 0.8315 -0.0000 -0.5556
vn 0.8969 -0.0000 -0.4423
vn 0.9469 -0.0000 -0.3214
vn 0.9808 -0.0000 -0.1951
vn 0.9979 -0.0000 -0.0654
vn 0.9979 -0.0000 0.0654
vn 0.9808 -0.0000 0.1951
vn 0.9469 -0.0000 0.3214
vn 0.8969 -0.0000 0.4423
vn 0.8315 -0.0000 0.5556
vn 0.7518 -0.0000 0.6594
vn 0.6594 -0.0000 0.7518
vn 0.5556 -0.0000 0.8315
vn 0.4423 -0.0000 0.8969
vn 0.3214 -0.0000 0.9469
vn 0.1951 -0.0000 0.9808
vn 0.0654 -0.0000 0.9979
vn -0.0654 -0.0000 0.9979
vn -0.1951 -0.0000 0.9808
vn -0.3214 -0.0000 0.9469
vn -0.4423 -0.0000 0.8969
vn -0.5556 -0.0000 0.8315
vn -0.6594 -0.0000 0.7518
vn -0.7518 -0.0000 0.6594
vn -0.8315 -0.0000 0.5556
vn -0.8969 -0.0000 0.4423
vn -0.9469 -0.0000 0.3214
vn -0.9808 -0.0000 0.1951
vn -0.9979 -0.0000 0.0654
vn -0.9979 -0.0000 -0.0654
vn -0.9808 -0.0000 -0.1951
vn -0.9469 -0.0000 -0.3214
vn -0.8969 -0.0000 -0.4423
vn -0.8315 -0.0000 -0.5556
vn -0.7518 -0.0000 -0.6594
vn -0.6594 -0.0000 -0.7518
vn -0.5556 -0.0000 -0.8315
vn -0.4423 -0.0000 -0.8969
vn -0.3214 -0.0000 -0.9469
vn -0.0000 1.0000 -0.0000
vn -0.1951 -0.0000 -0.9808
vn -0.0654 -0.0000 -0.9979
vn -0.0000 -1.0000 -0.0000
vn -0.3215 -0.0000 0.9469
vn -0.5556 -0.0000 0.8314
vn -0.8314 -0.0000 0.5556
vn -0.9469 -0.0000 0.3215
vn -0.9469 -0.0000 -0.3215
vn -0.8314 -0.0000 -0.5556
vn -0.5556 -0.0000 -0.8314
vn -0.3215 -0.0000 -0.9469
vn 0.3215 -0.0000 -0.9469
vn 0.5556 -0.0000 -0.8314
vn 0.8314 -0.0000 -0.5556
vn 0.9469 -0.0000 -0.3215
vn 0.9469 -0.0000 0.3215
vn 0.8314 -0.0000 0.5556
vn 0.5556 -0.0000 0.8314
vn 0.3215 -0.0000 0.9469
vt 0.500000 0.280000
vt 0.500000 0.720000
vt 0.509137 0.720000
vt 0.509137 0.280000
vt 0.518117 0.720000
vt 0.518117 0.280000
vt 0.526788 0.720000
vt 0.526788 0.280000
vt 0.535000 0.720000
vt 0.535000 0.280000
vt 0.542613 0.720000
vt 0.542613 0.280000
vt 0.549497 0.720000
vt 0.549497 0.280000
vt 0.280000 0.450503
vt 0.720000 0.450503
vt 0.720000 0.457387
vt 0.280000 0.457387
vt 0.720000 0.465000
vt 0.280000 0.465000
vt 0.720000 0.473212
vt 0.280000 0.473212
vt 0.720000 0.481883
vt 0.280000 0.481883
vt 0.720000 0.490863
vt 0.280000 0.490863
vt 0.720000 0.500000
vt 0.280000 0.500000
vt 0.720000 0.509137
vt 0.280000 0.509137
vt 0.720000 0.518117
vt 0.280000 0.518117
vt 0.720000 0.526788
vt 0.280000 0.526788
vt 0.720000 0.535000
vt 0.280000 0.535000
vt 0.720000 0.542613
vt 0.280000 0.542613
vt 0.720000 0.549497
vt 0.280000 0.549497
vt 0.490863 0.720000
vt 0.490863 0.280000
vt 0.481883 0.720000
vt 0.481883 0.280000
vt 0.473212 0.720000
vt 0.473212 0.280000
vt 0.465000 0.720000
vt 0.465000 0.280000
vt 0.457387 0.720000
vt 0.457387 0.280000
vt 0.450503 0.720000
vt 0.450503 0.280000
vt 0.442044 0.515529
vt 0.432385 0.518117
vt 0.435328 0.526788
vt 0.439378 0.535000
vt 0.444465 0.542613
vt 0.450503 0.549497
vt 0.457387 0.555535
vt 0.465000 0.560622
vt 0.473212 0.564672
vt 0.481883 0.567615
vt 0.490863 0.569401
vt 0.500000 0.570000
vt 0.509137 0.569401
vt 0.518117 0.567615
vt 0.526788 0.564672
vt 0.535000 0.560622
vt 0.542613 0.555535
vt 0.549497 0.549497
vt 0.555535 0.542613
vt 0.560622 0.535000
vt 0.564672 0.526788
vt 0.567615 0.518117
vt 0.569401 0.509137
vt 0.570000 0.500000
vt 0.569401 0.490863
vt 0.567615 0.481883
vt 0.564672 0.473212
vt 0.560622 0.465000
vt 0.555535 0.457387
vt 0.549497 0.450503
vt 0.542613 0.444465
vt 0.535000 0.439378
vt 0.526788 0.435328
vt 0.518117 0.432385
vt 0.515529 0.442044
vt 0.522961 0.444567
vt 0.530000 0.448038
vt 0.536526 0.452399
vt 0.542426 0.457574
vt 0.547601 0.463474
vt 0.551962 0.470000
vt 0.555433 0.477039
vt 0.557956 0.484471
vt 0.559487 0.492168
vt 0.560000 0.500000
vt 0.559487 0.507832
vt 0.557956 0.515529
vt 0.555433 0.522961
vt 0.551962 0.530000
vt 0.547601 0.536526
vt 0.542426 0.542426
vt 0.536526 0.547601
vt 0.530000 0.551962
vt 0.522961 0.555433
vt 0.515529 0.557956
vt 0.507832 0.559487
vt 0.500000 0.560000
vt 0.492168 0.559487
vt 0.484471 0.557956
vt 0.477039 0.555433
vt 0.470000 0.551962
vt 0.463474 0.547601
vt 0.457574 0.542426
vt 0.452399 0.536526
vt 0.448038 0.530000
vt 0.444567 0.522961
vt 0.509137 0.430599
vt 0.500000 0.430000
vt 0.490863 0.430599
vt 0.481883 0.432385
vt 0.473212 0.435328
vt 0.465000 0.439378
vt 0.457387 0.444465
vt 0.450503 0.450503
vt 0.444465 0.457387
vt 0.439378 0.465000
vt 0.435328 0.473212
vt 0.432385 0.481883
vt 0.430599 0.490863
vt 0.430000 0.500000
vt 0.430599 0.509137
vt 0.440513 0.507832
vt 0.440000 0.500000
vt 0.440513 0.492168
vt 0.442044 0.484471
vt 0.444567 0.477039
vt 0.448038 0.470000
vt 0.452399 0.463474
vt 0.457574 0.457574
vt 0.463474 0.452399
vt 0.470000 0.448038
vt 0.477039 0.444567
vt 0.484471 0.442044
vt 0.492168 0.440513
vt 0.500000 0.440000
vt 0.507832 0.440513
vt 0.500000 0.300000
vt 0.507832 0.300000
vt 0.507832 0.720000
vt 0.515529 0.300000
vt 0.515529 0.720000
vt 0.522961 0.300000
vt 0.522961 0.720000
vt 0.530000 0.300000
vt 0.530000 0.720000
vt 0.536526 0.300000
vt 0.536526 0.720000
vt 0.542426 0.300000
vt 0.542426 0.720000
vt 0.300000 0.457574
vt 0.300000 0.463474
vt 0.720000 0.463474
vt 0.720000 0.457574
vt 0.300000 0.470000
vt 0.720000 0.470000
vt 0.300000 0.477039
vt 0.720000 0.477039
vt 0.300000 0.484471
vt 0.720000 0.484471
vt 0.300000 0.492168
vt 0.720000 0.492168
vt 0.300000 0.500000
vt 0.300000 0.507832
vt 0.720000 0.507832
vt 0.300000 0.515529
vt 0.720000 0.515529
vt 0.300000 0.522961
vt 0.720000 0.522961
vt 0.300000 0.530000
vt 0.720000 0.530000
vt 0.300000 0.536526
vt 0.720000 0.536526
vt 0.300000 0.542426
vt 0.720000 0.542426
vt 0.492168 0.300000
vt 0.492168 0.720000
vt 0.484471 0.300000
vt 0.484471 0.720000
vt 0.477039 0.300000
vt 0.477039 0.720000
vt 0.470000 0.300000
vt 0.470000 0.720000
vt 0.463474 0.300000
vt 0.463474 0.720000
vt 0.457574 0.300000
vt 0.457574 0.720000
s 1
usemtl Pocket
f 4437/6193/2450 4439/6194/2450 4442/6195/2450 4440/6196/2450
f 4440/6196/2451 4442/6195/2451 4445/6197/2451 4443/6198/2451
f 4443/6198/2452 4445/6197/2452 4448/6199/2452 4446/6200/2452
f 4446/6200/2453 4448/6199/2453 4451/6201/2453 4449/6202/2453
f 4449/6202/2454 4451/6201/2454 4454/6203/2454 4452/6204/2454
f 4452/6204/2455 4454/6203/2455 4457/6205/2455 4455/6206/2455
f 4455/6207/2456 4457/6208/2456 4460/6209/2456 4458/6210/2456
f 4458/6210/2457 4460/6209/2457 4463/6211/2457 4461/6212/2457
f 4461/6212/2458 4463/6211/2458 4466/6213/2458 4464/6214/2458
f 4464/6214/2459 4466/6213/2459 4469/6215/2459 4467/6216/2459
f 4467/6216/2460 4469/6215/2460 4472/6217/2460 4470/6218/2460
f 4470/6218/2461 4472/6217/2461 4475/6219/2461 4473/6220/2461
f 4473/6220/2462 4475/6219/2462 4478/6221/2462 4476/6222/2462
f 4476/6222/2463 4478/6221/2463 4481/6223/2463 4479/6224/2463
f 4479/6224/2464 4481/6223/2464 4484/6225/2464 4482/6226/2464
f 4482/6226/2465 4484/6225/2465 4487/6227/2465 4485/6228/2465
f 4485/6228/2466 4487/6227/2466 4490/6229/2466 4489/6230/2466
f 4489/6230/2467 4490/6229/2467 4493/6231/2467 4491/6232/2467
f 4491/6206/2468 4493/6205/2468 4496/6203/2468 4494/6204/2468
f 4494/6204/2469 4496/6203/2469 4499/6201/2469 4497/6202/2469
f 4497/6202/2470 4499/6201/2470 4502/6199/2470 4500/6200/2470
f 4500/6200/2471 4502/6199/2471 4505/6197/2471 4503/6198/2471
f 4503/6198/2472 4505/6197/2472 4508/6195/2472 4506/6196/2472
f 4506/6196/2473 4508/6195/2473 4511/6194/2473 4509/6193/2473
f 4509/6193/2474 4511/6194/2474 4514/6233/2474 4512/6234/2474
f 4512/6234/2475 4514/6233/2475 4517/6235/2475 4515/6236/2475
f 4515/6236/2476 4517/6235/2476 4520/6237/2476 4518/6238/2476
f 4518/6238/2477 4520/6237/2477 4523/6239/2477 4521/6240/2477
f 4521/6240/2478 4523/6239/2478 4526/6241/2478 4524/6242/2478
f 4524/6242/2479 4526/6241/2479 4529/6243/2479 4528/6244/2479
f 4528/6232/2480 4529/6231/2480 4532/6229/2480 4531/6230/2480
f 4531/6230/2481 4532/6229/2481 4535/6227/2481 4534/6228/2481
f 4534/6228/2482 4535/6227/2482 4538/6225/2482 4537/6226/2482
f 4537/6226/2483 4538/6225/2483 4541/6223/2483 4540/6224/2483
f 4540/6224/2484 4541/6223/2484 4544/6221/2484 4542/6222/2484
f 4542/6222/2485 4544/6221/2485 4547/6219/2485 4545/6220/2485
f 4545/6220/2486 4547/6219/2486 4550/6217/2486 4548/6218/2486
f 4548/6218/2487 4550/6217/2487 4553/6215/2487 4551/6216/2487
f 4551/6216/2488 4553/6215/2488 4556/6213/2488 4554/6214/2488
f 4554/6214/2489 4556/6213/2489 4559/6211/2489 4557/6212/2489
f 4557/6212/2490 4559/6211/2490 4562/6209/2490 4560/6210/2490
f 4560/6210/2491 4562/6209/2491 4565/6208/2491 4563/6207/2491
f 4563/6244/2492 4565/6243/2492 4568/6241/2492 4566/6242/2492
f 4566/6242/2493 4568/6241/2493 4571/6239/2493 4569/6240/2493
f 4569/6240/2494 4571/6239/2494 4574/6237/2494 4572/6238/2494
f 4572/6238/2495 4574/6237/2495 4577/6235/2495 4575/6236/2495
f 4626/6245/2496 4541/6246/2496 4538/6247/2496 4535/6248/2496 4532/6249/2496 4529/6250/2496 4526/6251/2496 4523/6252/2496 4520/6253/2496 4517/6254/2496 4514/6255/2496 4511/6256/2496 4508/6257/2496 4505/6258/2496 4502/6259/2496 4499/6260/2496 4496/6261/2496 4493/6262/2496 4490/6263/2496 4487/6264/2496 4484/6265/2496 4481/6266/2496 4478/6267/2496 4475/6268/2496 4472/6269/2496 4469/6270/2496 4466/6271/2496 4463/6272/2496 4460/6273/2496 4457/6274/2496 4454/6275/2496 4451/6276/2496 4448/6277/2496 4445/6278/2496 4627/6279/2496 4611/6280/2496 4612/6281/2496 4613/6282/2496 4614/6283/2496 4616/6284/2496 4624/6285/2496 4618/6286/2496 4622/6287/2496 4620/6288/2496 4619/6289/2496 4621/6290/2496 4623/6291/2496 4617/6292/2496 4625/6293/2496 4615/6294/2496 4628/6295/2496 4607/6296/2496 4608/6297/2496 4606/6298/2496 4609/6299/2496 4604/6300/2496 4605/6301/2496 4603/6302/2496 4610/6303/2496 4600/6304/2496 4601/6305/2496 4599/6306/2496 4602/6307/2496 4597/6308/2496 4598/6309/2496 4596/6310/2496
f 4627/6279/2496 4445/6278/2496 4442/6311/2496 4439/6312/2496 4580/6313/2496 4577/6314/2496 4574/6315/2496 4571/6316/2496 4568/6317/2496 4565/6318/2496 4562/6319/2496 4559/6320/2496 4556/6321/2496 4553/6322/2496 4550/6323/2496 4547/6324/2496 4544/6325/2496 4541/6246/2496 4626/6245/2496 4582/6326/2496 4581/6327/2496 4583/6328/2496 4584/6329/2496 4587/6330/2496 4586/6331/2496 4585/6332/2496 4588/6333/2496 4591/6334/2496 4590/6335/2496 4589/6336/2496 4595/6337/2496 4592/6338/2496 4594/6339/2496 4593/6340/2496
f 4575/6236/2497 4577/6235/2497 4580/6233/2497 4578/6234/2497
f 4578/6234/2498 4580/6233/2498 4439/6194/2498 4437/6193/2498
f 4578/6313/2499 4437/6312/2499 4440/6311/2499 4443/6278/2499 4446/6277/2499 4449/6276/2499 4452/6275/2499 4455/6274/2499 4458/6273/2499 4461/6272/2499 4464/6271/2499 4467/6270/2499 4470/6269/2499 4473/6268/2499 4476/6267/2499 4479/6266/2499 4482/6265/2499 4485/6264/2499 4489/6263/2499 4491/6262/2499 4494/6261/2499 4497/6260/2499 4500/6259/2499 4503/6258/2499 4506/6257/2499 4509/6256/2499 4512/6255/2499 4515/6254/2499 4518/6253/2499 4521/6252/2499 4524/6251/2499 4528/6250/2499 4531/6249/2499 4534/6248/2499 4537/6247/2499 4540/6246/2499 4542/6325/2499 4545/6324/2499 4548/6323/2499 4551/6322/2499 4554/6321/2499 4557/6320/2499 4560/6319/2499 4563/6318/2499 4566/6317/2499 4569/6316/2499 4572/6315/2499 4575/6314/2499
f 4594/6194/2474 4438/6341/2474 4441/6342/2474 4593/6343/2474
f 4593/6343/2475 4441/6342/2475 4444/6344/2475 4627/6345/2475
f 4627/6345/2500 4444/6344/2500 4447/6346/2500 4611/6347/2500
f 4611/6347/2477 4447/6346/2477 4450/6348/2477 4612/6349/2477
f 4612/6349/2501 4450/6348/2501 4453/6350/2501 4613/6351/2501
f 4613/6351/2479 4453/6350/2479 4456/6352/2479 4614/6353/2479
f 4456/6354/2480 4459/6355/2480 4616/6356/2480 4614/6357/2480
f 4459/6355/2502 4462/6358/2502 4624/6359/2502 4616/6356/2502
f 4462/6358/2482 4465/6360/2482 4618/6361/2482 4624/6359/2482
f 4465/6360/2503 4468/6362/2503 4622/6363/2503 4618/6361/2503
f 4468/6362/2484 4471/6364/2484 4620/6365/2484 4622/6363/2484
f 4471/6364/2485 4474/6366/2485 4619/6219/2485 4620/6365/2485
f 4474/6366/2486 4477/6367/2486 4621/6368/2486 4619/6219/2486
f 4477/6367/2487 4480/6369/2487 4623/6370/2487 4621/6368/2487
f 4480/6369/2504 4483/6371/2504 4617/6372/2504 4623/6370/2504
f 4483/6371/2489 4486/6373/2489 4625/6374/2489 4617/6372/2489
f 4486/6373/2505 4488/6375/2505 4615/6376/2505 4625/6374/2505
f 4488/6375/2491 4492/6377/2491 4628/6378/2491 4615/6376/2491
f 4492/6352/2492 4495/6350/2492 4607/6351/2492 4628/6353/2492
f 4495/6350/2506 4498/6348/2506 4608/6349/2506 4607/6351/2506
f 4498/6348/2494 4501/6346/2494 4606/6347/2494 4608/6349/2494
f 4501/6346/2507 4504/6344/2507 4609/6345/2507 4606/6347/2507
f 4504/6344/2497 4507/6342/2497 4604/6343/2497 4609/6345/2497
f 4507/6342/2498 4510/6341/2498 4605/6194/2498 4604/6343/2498
f 4510/6341/2450 4513/6379/2450 4603/6380/2450 4605/6194/2450
f 4513/6379/2451 4516/6381/2451 4610/6382/2451 4603/6380/2451
f 4516/6381/2508 4519/6383/2508 4600/6384/2508 4610/6382/2508
f 4519/6383/2453 4522/6385/2453 4601/6386/2453 4600/6384/2453
f 4522/6385/2509 4525/6387/2509 4599/6388/2509 4601/6386/2509
f 4525/6387/2455 4527/6389/2455 4602/6390/2455 4599/6388/2455
f 4602/6378/2456 4527/6377/2456 4530/6375/2456 4597/6376/2456
f 4597/6376/2510 4530/6375/2510 4533/6373/2510 4598/6374/2510
f 4598/6374/2458 4533/6373/2458 4536/6371/2458 4596/6372/2458
f 4596/6372/2511 4536/6371/2511 4539/6369/2511 4626/6370/2511
f 4626/6370/2460 4539/6369/2460 4543/6367/2460 4582/6368/2460
f 4582/6368/2461 4543/6367/2461 4546/6366/2461 4581/6219/2461
f 4581/6219/2462 4546/6366/2462 4549/6364/2462 4583/6365/2462
f 4583/6365/2463 4549/6364/2463 4552/6362/2463 4584/6363/2463
f 4584/6363/2512 4552/6362/2512 4555/6360/2512 4587/6361/2512
f 4587/6361/2465 4555/6360/2465 4558/6358/2465 4586/6359/2465
f 4586/6359/2513 4558/6358/2513 4561/6355/2513 4585/6356/2513
f 4585/6356/2467 4561/6355/2467 4564/6354/2467 4588/6357/2467
f 4588/6390/2468 4564/6389/2468 4567/6387/2468 4591/6388/2468
f 4591/6388/2514 4567/6387/2514 4570/6385/2514 4590/6386/2514
f 4590/6386/2470 4570/6385/2470 4573/6383/2470 4589/6384/2470
f 4589/6384/2515 4573/6383/2515 4576/6381/2515 4595/6382/2515
f 4595/6382/2472 4576/6381/2472 4579/6379/2472 4592/6380/2472
f 4592/6380/2473 4579/6379/2473 4438/6341/2473 4594/6194/2473
f 4561/6332/2496 4558/6331/2496 4555/6330/2496 4552/6329/2496 4549/6328/2496 4546/6327/2496 4543/6326/2496 4539/6245/2496 4536/6310/2496 4533/6309/2496 4530/6308/2496 4527/6307/2496 4525/6306/2496 4522/6305/2496 4519/6304/2496 4516/6303/2496 4513/6302/2496 4510/6301/2496 4507/6300/2496 4504/6299/2496 4501/6298/2496 4498/6297/2496 4495/6296/2496 4492/6295/2496 4488/6294/2496 4486/6293/2496 4483/6292/2496 4480/6291/2496 4477/6290/2496 4474/6289/2496 4471/6288/2496 4468/6287/2496 4465/6286/2496 4462/6285/2496 4459/6284/2496 4456/6283/2496 4453/6282/2496 4450/6281/2496 4447/6280/2496 4444/6279/2496 4441/6340/2496 4438/6339/2496 4579/6338/2496 4576/6337/2496 4573/6336/2496 4570/6335/2496 4567/6334/2496 4564/6333/2496
o Spot_black
v 1.460500 -0.000000 -0.005000
v 1.460500 0.001600 -0.005000
v 1.462413 -0.000000 -0.004619
v 1.462413 0.001600 -0.004619
v 1.464036 -0.000000 -0.003536
v 1.464036 0.001600 -0.003536
v 1.465119 -0.000000 -0.001913
v 1.465119 0.001600 -0.001913
v 1.465500 0.000000 0.000000
v 1.465500 0.001600 -0.000000
v 1.465119 0.000000 0.001913
v 1.465119 0.001600 0.001913
v 1.464036 0.000000 0.003536
v 1.464036 0.001600 0.003536
v 1.462413 0.000000 0.004619
v 1.462413 0.001600 0.004619
v 1.460500 0.000000 0.005000
v 1.460500 0.001600 0.005000
v 1.458587 0.000000 0.004619
v 1.458587 0.001600 0.004619
v 1.456964 0.000000 0.003536
v 1.456964 0.001600 0.003536
v 1.455881 0.000000 0.001913
v 1.455881 0.001600 0.001913
v 1.455500 0.000000 0.000000
v 1.455500 0.001600 -0.000000
v 1.455881 -0.000000 -0.001913
v 1.455881 0.001600 -0.001913
v 1.456964 -0.000000 -0.003536
v 1.456964 0.001600 -0.003536
v 1.458587 -0.000000 -0.004619
v 1.458587 0.001600 -0.004619
vn 0.1950 -0.0000 -0.9808
vn 0.5554 -0.0000 -0.8316
vn 0.8316 -0.0000 -0.5553
vn 0.9808 -0.0000 -0.1950
vn 0.9808 -0.0000 0.1950
vn 0.8316 -0.0000 0.5553
vn 0.5554 -0.0000 0.8316
vn 0.1950 -0.0000 0.9808
vn -0.1950 -0.0000 0.9808
vn -0.5554 -0.0000 0.8316
vn -0.8316 -0.0000 0.5553
vn -0.9808 -0.0000 0.1950
vn -0.9808 -0.0000 -0.1950
vn -0.8316 -0.0000 -0.5553
vn -0.0000 1.0000 -0.0000
vn -0.5554 -0.0000 -0.8316
vn -0.1950 -0.0000 -0.9808
vn -0.0000 -1.0000 -0.0000
s 1
usemtl Mark
f 4629//2516 4630//2516 4632//2516 4631//2516
f 4631//2517 4632//2517 4634//2517 4633//2517
f 4633//2518 4634//2518 4636//2518 4635//2518
f 4635//2519 4636//2519 4638//2519 4637//2519
f 4637//2520 4638//2520 4640//2520 4639//2520
f 4639//2521 4640//2521 4642//2521 4641//2521
f 4641//2522 4642//2522 4644//2522 4643//2522
f 4643//2523 4644//2523 4646//2523 4645//2523
f 4645//2524 4646//2524 4648//2524 4647//2524
f 4647//2525 4648//2525 4650//2525 4649//2525
f 4649//2526 4650//2526 4652//2526 4651//2526
f 4651//2527 4652//2527 4654//2527 4653//2527
f 4653//2528 4654//2528 4656//2528 4655//2528
f 4655//2529 4656//2529 4658//2529 4657//2529
f 4632//2530 4630//2530 4660//2530 4658//2530 4656//2530 4654//2530 4652//2530 4650//2530 4648//2530 4646//2530 4644//2530 4642//2530 4640//2530 4638//2530 4636//2530 4634//2530
f 4657//2531 4658//2531 4660//2531 4659//2531
f 4659//2532 4660//2532 4630//2532 4629//2532
f 4629//2533 4631//2533 4633//2533 4635//2533 4637//2533 4639//2533 4641//2533 4643//2533 4645//2533 4647//2533 4649//2533 4651//2533 4653//2533 4655//2533 4657//2533 4659//2533
o Spot_blue
v 0.000000 -0.000000 -0.005000
v 0.000000 0.001600 -0.005000
v 0.001913 -0.000000 -0.004619
v 0.001913 0.001600 -0.004619
v 0.003536 -0.000000 -0.003536
v 0.003536 0.001600 -0.003536
v 0.004619 -0.000000 -0.001913
v 0.004619 0.001600 -0.001913
v 0.005000 0.000000 0.000000
v 0.005000 0.001600 -0.000000
v 0.004619 0.000000 0.001913
v 0.004619 0.001600 0.001913
v 0.003536 0.000000 0.003536
v 0.003536 0.001600 0.003536
v 0.001913 0.000000 0.004619
v 0.001913 0.001600 0.004619
v 0.000000 0.000000 0.005000
v 0.000000 0.001600 0.005000
v -0.001913 0.000000 0.004619
v -0.001913 0.001600 0.004619
v -0.003536 0.000000 0.003536
v -0.003536 0.001600 0.003536
v -0.004619 0.000000 0.001913
v -0.004619 0.001600 0.001913
v -0.005000 0.000000 0.000000
v -0.005000 0.001600 -0.000000
v -0.004619 -0.000000 -0.001913
v -0.004619 0.001600 -0.001913
v -0.003536 -0.000000 -0.003536
v -0.003536 0.001600 -0.003536
v -0.001913 -0.000000 -0.004619
v -0.001913 0.001600 -0.004619
vn 0.1950 -0.0000 -0.9808
vn 0.5555 -0.0000 -0.8315
vn 0.8315 -0.0000 -0.5555
vn 0.9807 -0.0000 -0.1953
vn 0.9807 -0.0000 0.1953
vn 0.8315 -0.0000 0.5555
vn 0.5555 -0.0000 0.8315
vn 0.1950 -0.0000 0.9808
vn -0.1950 -0.0000 0.9808
vn -0.5555 -0.0000 0.8315
vn -0.8315 -0.0000 0.5555
vn -0.9807 -0.0000 0.1953
vn -0.9807 -0.0000 -0.1953
vn -0.8315 -0.0000 -0.5555
vn -0.0000 1.0000 -0.0000
vn -0.5555 -0.0000 -0.8315
vn -0.1950 -0.0000 -0.9808
vn -0.0000 -1.0000 -0.0000
s 1
usemtl Mark
f 4661//2534 4662//2534 4664//2534 4663//2534
f 4663//2535 4664//2535 4666//2535 4665//2535
f 4665//2536 4666//2536 4668//2536 4667//2536
f 4667//2537 4668//2537 4670//2537 4669//2537
f 4669//2538 4670//2538 4672//2538 4671//2538
f 4671//2539 4672//2539 4674//2539 4673//2539
f 4673//2540 4674//2540 4676//2540 4675//2540
f 4675//2541 4676//2541 4678//2541 4677//2541
f 4677//2542 4678//2542 4680//2542 4679//2542
f 4679//2543 4680//2543 4682//2543 4681//2543
f 4681//2544 4682//2544 4684//2544 4683//2544
f 4683//2545 4684//2545 4686//2545 4685//2545
f 4685//2546 4686//2546 4688//2546 4687//2546
f 4687//2547 4688//2547 4690//2547 4689//2547
f 4664//2548 4662//2548 4692//2548 4690//2548 4688//2548 4686//2548 4684//2548 4682//2548 4680//2548 4678//2548 4676//2548 4674//2548 4672//2548 4670//2548 4668//2548 4666//2548
f 4689//2549 4690//2549 4692//2549 4691//2549
f 4691//2550 4692//2550 4662//2550 4661//2550
f 4661//2551 4663//2551 4665//2551 4667//2551 4669//2551 4671//2551 4673//2551 4675//2551 4677//2551 4679//2551 4681//2551 4683//2551 4685//2551 4687//2551 4689//2551 4691//2551
o Spot_brown
v -1.047500 -0.000000 -0.005000
v -1.047500 0.001600 -0.005000
v -1.045587 -0.000000 -0.004619
v -1.045587 0.001600 -0.004619
v -1.043965 -0.000000 -0.003536
v -1.043965 0.001600 -0.003536
v -1.042881 -0.000000 -0.001913
v -1.042881 0.001600 -0.001913
v -1.042500 0.000000 0.000000
v -1.042500 0.001600 -0.000000
v -1.042881 0.000000 0.001913
v -1.042881 0.001600 0.001913
v -1.043965 0.000000 0.003536
v -1.043965 0.001600 0.003536
v -1.045587 0.000000 0.004619
v -1.045587 0.001600 0.004619
v -1.047500 0.000000 0.005000
v -1.047500 0.001600 0.005000
v -1.049413 0.000000 0.004619
v -1.049413 0.001600 0.004619
v -1.051036 0.000000 0.003536
v -1.051036 0.001600 0.003536
v -1.052119 0.000000 0.001913
v -1.052119 0.001600 0.001913
v -1.052500 0.000000 0.000000
v -1.052500 0.001600 -0.000000
v -1.052119 -0.000000 -0.001913
v -1.052119 0.001600 -0.001913
v -1.051036 -0.000000 -0.003536
v -1.051036 0.001600 -0.003536
v -1.049413 -0.000000 -0.004619
v -1.049413 0.001600 -0.004619
vn 0.1950 -0.0000 -0.9808
vn 0.5553 -0.0000 -0.8316
vn 0.8316 -0.0000 -0.5554
vn 0.9808 -0.0000 -0.1950
vn 0.9808 -0.0000 0.1950
vn 0.8316 -0.0000 0.5554
vn 0.5553 -0.0000 0.8316
vn 0.1950 -0.0000 0.9808
vn -0.1950 -0.0000 0.9808
vn -0.5554 -0.0000 0.8316
vn -0.8316 -0.0000 0.5553
vn -0.9808 -0.0000 0.1950
vn -0.9808 -0.0000 -0.1950
vn -0.8316 -0.0000 -0.5553
vn -0.0000 1.0000 -0.0000
vn -0.5554 -0.0000 -0.8316
vn -0.1950 -0.0000 -0.9808
vn -0.0000 -1.0000 -0.0000
s 1
usemtl Mark
f 4693//2552 4694//2552 4696//2552 4695//2552
f 4695//2553 4696//2553 4698//2553 4697//2553
f 4697//2554 4698//2554 4700//2554 4699//2554
f 4699//2555 4700//2555 4702//2555 4701//2555
f 4701//2556 4702//2556 4704//2556 4703//2556
f 4703//2557 4704//2557 4706//2557 4705//2557
f 4705//2558 4706//2558 4708//2558 4707//2558
f 4707//2559 4708//2559 4710//2559 4709//2559
f 4709//2560 4710//2560 4712//2560 4711//2560
f 4711//2561 4712//2561 4714//2561 4713//2561
f 4713//2562 4714//2562 4716//2562 4715//2562
f 4715//2563 4716//2563 4718//2563 4717//2563
f 4717//2564 4718//2564 4720//2564 4719//2564
f 4719//2565 4720//2565 4722//2565 4721//2565
f 4696//2566 4694//2566 4724//2566 4722//2566 4720//2566 4718//2566 4716//2566 4714//2566 4712//2566 4710//2566 4708//2566 4706//2566 4704//2566 4702//2566 4700//2566 4698//2566
f 4721//2567 4722//2567 4724//2567 4723//2567
f 4723//2568 4724//2568 4694//2568 4693//2568
f 4693//2569 4695//2569 4697//2569 4699//2569 4701//2569 4703//2569 4705//2569 4707//2569 4709//2569 4711//2569 4713//2569 4715//2569 4717//2569 4719//2569 4721//2569 4723//2569
o Spot_green
v -1.047500 -0.000000 -0.297000
v -1.047500 0.001600 -0.297000
v -1.045587 -0.000000 -0.296619
v -1.045587 0.001600 -0.296619
v -1.043965 -0.000000 -0.295536
v -1.043965 0.001600 -0.295536
v -1.042881 -0.000000 -0.293913
v -1.042881 0.001600 -0.293913
v -1.042500 -0.000000 -0.292000
v -1.042500 0.001600 -0.292000
v -1.042881 -0.000000 -0.290087
v -1.042881 0.001600 -0.290087
v -1.043965 -0.000000 -0.288464
v -1.043965 0.001600 -0.288464
v -1.045587 -0.000000 -0.287381
v -1.045587 0.001600 -0.287381
v -1.047500 -0.000000 -0.287000
v -1.047500 0.001600 -0.287000
v -1.049413 -0.000000 -0.287381
v -1.049413 0.001600 -0.287381
v -1.051036 -0.000000 -0.288464
v -1.051036 0.001600 -0.288464
v -1.052119 -0.000000 -0.290087
v -1.052119 0.001600 -0.290087
v -1.052500 -0.000000 -0.292000
v -1.052500 0.001600 -0.292000
v -1.052119 -0.000000 -0.293913
v -1.052119 0.001600 -0.293913
v -1.051036 -0.000000 -0.295536
v -1.051036 0.001600 -0.295536
v -1.049413 -0.000000 -0.296619
v -1.049413 0.001600 -0.296619
vn 0.1953 -0.0000 -0.9807
vn 0.5553 -0.0000 -0.8317
vn 0.8316 -0.0000 -0.5554
vn 0.9808 -0.0000 -0.1950
vn 0.9807 -0.0000 0.1953
vn 0.8316 -0.0000 0.5554
vn 0.5553 -0.0000 0.8316
vn 0.1953 -0.0000 0.9807
vn -0.1950 -0.0000 0.9808
vn -0.5554 -0.0000 0.8316
vn -0.8316 -0.0000 0.5553
vn -0.9807 -0.0000 0.1953
vn -0.9808 -0.0000 -0.1950
vn -0.8316 -0.0000 -0.5553
vn -0.0000 1.0000 -0.0000
vn -0.5554 -0.0000 -0.8316
vn -0.1950 -0.0000 -0.9808
vn -0.0000 -1.0000 -0.0000
s 1
usemtl Mark
f 4725//2570 4726//2570 4728//2570 4727//2570
f 4727//2571 4728//2571 4730//2571 4729//2571
f 4729//2572 4730//2572 4732//2572 4731//2572
f 4731//2573 4732//2573 4734//2573 4733//2573
f 4733//2574 4734//2574 4736//2574 4735//2574
f 4735//2575 4736//2575 4738//2575 4737//2575
f 4737//2576 4738//2576 4740//2576 4739//2576
f 4739//2577 4740//2577 4742//2577 4741//2577
f 4741//2578 4742//2578 4744//2578 4743//2578
f 4743//2579 4744//2579 4746//2579 4745//2579
f 4745//2580 4746//2580 4748//2580 4747//2580
f 4747//2581 4748//2581 4750//2581 4749//2581
f 4749//2582 4750//2582 4752//2582 4751//2582
f 4751//2583 4752//2583 4754//2583 4753//2583
f 4728//2584 4726//2584 4756//2584 4754//2584 4752//2584 4750//2584 4748//2584 4746//2584 4744//2584 4742//2584 4740//2584 4738//2584 4736//2584 4734//2584 4732//2584 4730//2584
f 4753//2585 4754//2585 4756//2585 4755//2585
f 4755//2586 4756//2586 4726//2586 4725//2586
f 4725//2587 4727//2587 4729//2587 4731//2587 4733//2587 4735//2587 4737//2587 4739//2587 4741//2587 4743//2587 4745//2587 4747//2587 4749//2587 4751//2587 4753//2587 4755//2587
o Spot_pink
v 0.892250 -0.000000 -0.005000
v 0.892250 0.001600 -0.005000
v 0.894163 -0.000000 -0.004619
v 0.894163 0.001600 -0.004619
v 0.895786 -0.000000 -0.003536
v 0.895786 0.001600 -0.003536
v 0.896869 -0.000000 -0.001913
v 0.896869 0.001600 -0.001913
v 0.897250 0.000000 0.000000
v 0.897250 0.001600 -0.000000
v 0.896869 0.000000 0.001913
v 0.896869 0.001600 0.001913
v 0.895786 0.000000 0.003536
v 0.895786 0.001600 0.003536
v 0.894163 0.000000 0.004619
v 0.894163 0.001600 0.004619
v 0.892250 0.000000 0.005000
v 0.892250 0.001600 0.005000
v 0.890337 0.000000 0.004619
v 0.890337 0.001600 0.004619
v 0.888714 0.000000 0.003536
v 0.888714 0.001600 0.003536
v 0.887631 0.000000 0.001913
v 0.887631 0.001600 0.001913
v 0.887250 0.000000 0.000000
v 0.887250 0.001600 -0.000000
v 0.887631 -0.000000 -0.001913
v 0.887631 0.001600 -0.001913
v 0.888714 -0.000000 -0.003536
v 0.888714 0.001600 -0.003536
v 0.890337 -0.000000 -0.004619
v 0.890337 0.001600 -0.004619
vn 0.1953 -0.0000 -0.9807
vn 0.5555 -0.0000 -0.8315
vn 0.8316 -0.0000 -0.5553
vn 0.9808 -0.0000 -0.1950
vn 0.9808 -0.0000 0.1950
vn 0.8316 -0.0000 0.5553
vn 0.5555 -0.0000 0.8315
vn 0.1953 -0.0000 0.9807
vn -0.1953 -0.0000 0.9807
vn -0.5555 -0.0000 0.8315
vn -0.8316 -0.0000 0.5553
vn -0.9808 -0.0000 0.1950
vn -0.9808 -0.0000 -0.1950
vn -0.8316 -0.0000 -0.5553
vn -0.0000 1.0000 -0.0000
vn -0.5555 -0.0000 -0.8315
vn -0.1953 -0.0000 -0.9807
vn -0.0000 -1.0000 -0.0000
s 1
usemtl Mark
f 4757//2588 4758//2588 4760//2588 4759//2588
f 4759//2589 4760//2589 4762//2589 4761//2589
f 4761//2590 4762//2590 4764//2590 4763//2590
f 4763//2591 4764//2591 4766//2591 4765//2591
f 4765//2592 4766//2592 4768//2592 4767//2592
f 4767//2593 4768//2593 4770//2593 4769//2593
f 4769//2594 4770//2594 4772//2594 4771//2594
f 4771//2595 4772//2595 4774//2595 4773//2595
f 4773//2596 4774//2596 4776//2596 4775//2596
f 4775//2597 4776//2597 4778//2597 4777//2597
f 4777//2598 4778//2598 4780//2598 4779//2598
f 4779//2599 4780//2599 4782//2599 4781//2599
f 4781//2600 4782//2600 4784//2600 4783//2600
f 4783//2601 4784//2601 4786//2601 4785//2601
f 4760//2602 4758//2602 4788//2602 4786//2602 4784//2602 4782//2602 4780//2602 4778//2602 4776//2602 4774//2602 4772//2602 4770//2602 4768//2602 4766//2602 4764//2602 4762//2602
f 4785//2603 4786//2603 4788//2603 4787//2603
f 4787//2604 4788//2604 4758//2604 4757//2604
f 4757//2605 4759//2605 4761//2605 4763//2605 4765//2605 4767//2605 4769//2605 4771//2605 4773//2605 4775//2605 4777//2605 4779//2605 4781//2605 4783//2605 4785//2605 4787//2605
o Spot_yellow
v -1.047500 0.000000 0.287000
v -1.047500 0.001600 0.287000
v -1.045587 0.000000 0.287381
v -1.045587 0.001600 0.287381
v -1.043965 0.000000 0.288464
v -1.043965 0.001600 0.288464
v -1.042881 0.000000 0.290087
v -1.042881 0.001600 0.290087
v -1.042500 0.000000 0.292000
v -1.042500 0.001600 0.292000
v -1.042881 0.000000 0.293913
v -1.042881 0.001600 0.293913
v -1.043965 0.000000 0.295536
v -1.043965 0.001600 0.295536
v -1.045587 0.000000 0.296619
v -1.045587 0.001600 0.296619
v -1.047500 0.000000 0.297000
v -1.047500 0.001600 0.297000
v -1.049413 0.000000 0.296619
v -1.049413 0.001600 0.296619
v -1.051036 0.000000 0.295536
v -1.051036 0.001600 0.295536
v -1.052119 0.000000 0.293913
v -1.052119 0.001600 0.293913
v -1.052500 0.000000 0.292000
v -1.052500 0.001600 0.292000
v -1.052119 0.000000 0.290087
v -1.052119 0.001600 0.290087
v -1.051036 0.000000 0.288464
v -1.051036 0.001600 0.288464
v -1.049413 0.000000 0.287381
v -1.049413 0.001600 0.287381
vn 0.1953 -0.0000 -0.9807
vn 0.5553 -0.0000 -0.8316
vn 0.8316 -0.0000 -0.5554
vn 0.9807 -0.0000 -0.1953
vn 0.9808 -0.0000 0.1950
vn 0.8316 -0.0000 0.5554
vn 0.5553 -0.0000 0.8317
vn 0.1953 -0.0000 0.9807
vn -0.1950 -0.0000 0.9808
vn -0.5554 -0.0000 0.8316
vn -0.8316 -0.0000 0.5553
vn -0.9808 -0.0000 0.1950
vn -0.9807 -0.0000 -0.1953
vn -0.8316 -0.0000 -0.5553
vn -0.0000 1.0000 -0.0000
vn -0.5554 -0.0000 -0.8316
vn -0.1950 -0.0000 -0.9808
vn -0.0000 -1.0000 -0.0000
s 1
usemtl Mark
f 4789//2606 4790//2606 4792//2606 4791//2606
f 4791//2607 4792//2607 4794//2607 4793//2607
f 4793//2608 4794//2608 4796//2608 4795//2608
f 4795//2609 4796//2609 4798//2609 4797//2609
f 4797//2610 4798//2610 4800//2610 4799//2610
f 4799//2611 4800//2611 4802//2611 4801//2611
f 4801//2612 4802//2612 4804//2612 4803//2612
f 4803//2613 4804//2613 4806//2613 4805//2613
f 4805//2614 4806//2614 4808//2614 4807//2614
f 4807//2615 4808//2615 4810//2615 4809//2615
f 4809//2616 4810//2616 4812//2616 4811//2616
f 4811//2617 4812//2617 4814//2617 4813//2617
f 4813//2618 4814//2618 4816//2618 4815//2618
f 4815//2619 4816//2619 4818//2619 4817//2619
f 4792//2620 4790//2620 4820//2620 4818//2620 4816//2620 4814//2620 4812//2620 4810//2620 4808//2620 4806//2620 4804//2620 4802//2620 4800//2620 4798//2620 4796//2620 4794//2620
f 4817//2621 4818//2621 4820//2621 4819//2621
f 4819//2622 4820//2622 4790//2622 4789//2622
f 4789//2623 4791//2623 4793//2623 4795//2623 4797//2623 4799//2623 4801//2623 4803//2623 4805//2623 4807//2623 4809//2623 4811//2623 4813//2623 4815//2623 4817//2623 4819//2623
